AssetName,AssetType,CompressedSize,InstalledSize,OptionalSize,StreamingSize,UncompressedSize
/ACLPlugin/ACLAnimBoneCompressionSettings.ACLAnimBoneCompressionSettings,/Script/Engine.AnimBoneCompressionSettings,532,532,0,0,532
/Engine/Animation/DefaultAnimBoneCompressionSettings.DefaultAnimBoneCompressionSettings,/Script/Engine.AnimBoneCompressionSettings,923,923,0,0,2297
/Engine/Animation/DefaultRecorderBoneCompression.DefaultRecorderBoneCompression,/Script/Engine.AnimBoneCompressionSettings,524,524,0,0,524
/ACLPlugin/ACLAnimCurveCompressionSettings.ACLAnimCurveCompressionSettings,/Script/Engine.AnimCurveCompressionSettings,520,520,0,0,520
/Engine/Animation/DefaultAnimCurveCompressionSettings.DefaultAnimCurveCompressionSettings,/Script/Engine.AnimCurveCompressionSettings,520,520,0,0,520
/Game/Characters/Heroes/Mannequin/Animations/UniformIndexableCurveCompressionSettings.UniformIndexableCurveCompressionSettings,/Script/Engine.AnimCurveCompressionSettings,584,584,0,0,584
/AFLBagMan/Abilities/BeamCutter/GA_AFL_BeamCutter.GA_AFL_BeamCutter,/Script/Engine.Blueprint,702,702,0,0,1054
/AFLBagMan/Abilities/Converge/GA_AFL_Beam_Converge.GA_AFL_Beam_Converge,/Script/Engine.Blueprint,1792,1792,0,0,3470
/AFLBagMan/Abilities/EMP/B_BagMan_EMP.B_BagMan_EMP,/Script/Engine.Blueprint,6907,6907,0,0,22275
/AFLBagMan/Abilities/EMP/GA_BagMan_EMP.GA_BagMan_EMP,/Script/Engine.Blueprint,5127,5127,0,0,17810
/AFLBagMan/Abilities/EMPDevice/B_AFL_EMPDevice.B_AFL_EMPDevice,/Script/Engine.Blueprint,2655,2655,0,0,5343
/AFLBagMan/Abilities/EMPDevice/B_AFL_EMPPuck.B_AFL_EMPPuck,/Script/Engine.Blueprint,7059,7059,0,0,23396
/AFLBagMan/Abilities/EMPDevice/GA_AFL_EMP.GA_AFL_EMP,/Script/Engine.Blueprint,1665,1665,0,0,3300
/AFLBagMan/Abilities/EMPDevice/GE_AFL_EMP_Disable.GE_AFL_EMP_Disable,/Script/Engine.Blueprint,985,985,0,0,985
/AFLBagMan/Abilities/Flak/GA_AFL_Flak.GA_AFL_Flak,/Script/Engine.Blueprint,1683,1683,0,0,3279
/AFLBagMan/Abilities/GA_AFL_AutoRespawn.GA_AFL_AutoRespawn,/Script/Engine.Blueprint,5738,5738,0,0,19547
/AFLBagMan/Abilities/GA_AFL_GrantLoadout.GA_AFL_GrantLoadout,/Script/Engine.Blueprint,1639,1639,0,0,3375
/AFLBagMan/Abilities/Lobber/B_AFL_Lobber_Projectile.B_AFL_Lobber_Projectile,/Script/Engine.Blueprint,7103,7103,0,0,22957
/AFLBagMan/Abilities/Lobber/GA_AFL_Lobber_ArcLob.GA_AFL_Lobber_ArcLob,/Script/Engine.Blueprint,1695,1695,0,0,3358
/AFLBagMan/Abilities/Railgun/GA_AFL_Railgun.GA_AFL_Railgun,/Script/Engine.Blueprint,1688,1688,0,0,3298
/AFLBagMan/Abilities/Rocket/B_AFL_Rocket_Projectile.B_AFL_Rocket_Projectile,/Script/Engine.Blueprint,7107,7107,0,0,22960
/AFLBagMan/Abilities/Rocket/GA_AFL_Rocket.GA_AFL_Rocket,/Script/Engine.Blueprint,1673,1673,0,0,3315
/AFLBagMan/Abilities/Rocket/GA_AFL_Rocket_Homing.GA_AFL_Rocket_Homing,/Script/Engine.Blueprint,1696,1696,0,0,3356
/AFLBagMan/Abilities/Seeker/B_AFL_Seeker_Projectile.B_AFL_Seeker_Projectile,/Script/Engine.Blueprint,7106,7106,0,0,22960
/AFLBagMan/Abilities/Seeker/GA_AFL_Seeker.GA_AFL_Seeker,/Script/Engine.Blueprint,1676,1676,0,0,3318
/AFLBagMan/Abilities/Shield/B_AFL_ShieldBarrier.B_AFL_ShieldBarrier,/Script/Engine.Blueprint,1121,1121,0,0,2119
/AFLBagMan/Abilities/Shield/B_AFL_ShieldPuck.B_AFL_ShieldPuck,/Script/Engine.Blueprint,7042,7042,0,0,23316
/AFLBagMan/Abilities/Shield/GA_AFL_Shield.GA_AFL_Shield,/Script/Engine.Blueprint,1663,1663,0,0,3308
/AFLBagMan/Abilities/SMG/GA_AFL_SMG.GA_AFL_SMG,/Script/Engine.Blueprint,1759,1759,0,0,3395
/AFLBagMan/Abilities/Volt/B_AFL_Volt_Projectile.B_AFL_Volt_Projectile,/Script/Engine.Blueprint,7101,7101,0,0,22949
/AFLBagMan/Abilities/Volt/GA_AFL_Volt_ArcLob.GA_AFL_Volt_ArcLob,/Script/Engine.Blueprint,1696,1696,0,0,3338
/AFLBagMan/Characters/B_AFL_TargetDummy.B_AFL_TargetDummy,/Script/Engine.Blueprint,1626,1626,0,0,3392
/AFLBagMan/Characters/B_BagMan_AssignCharacterPart.B_BagMan_AssignCharacterPart,/Script/Engine.Blueprint,931,931,0,0,931
/AFLBagMan/Characters/B_Hero_BagMan.B_Hero_BagMan,/Script/Engine.Blueprint,2821,2821,0,0,6183
/AFLBagMan/Characters/B_Hero_BagMan_Pro.B_Hero_BagMan_Pro,/Script/Engine.Blueprint,2640,2640,0,0,5398
/AFLBagMan/Characters/Cosmetics/B_AFL_CharacterPartSelector.B_AFL_CharacterPartSelector,/Script/Engine.Blueprint,948,948,0,0,948
/AFLBagMan/Characters/Cosmetics/B_AFL_SkinColorController.B_AFL_SkinColorController,/Script/Engine.Blueprint,933,933,0,0,933
/AFLBagMan/Effects/GE_AFL_SMG_Overheat.GE_AFL_SMG_Overheat,/Script/Engine.Blueprint,969,969,0,0,969
/AFLBagMan/Energy/B_AFL_EnergyDropComponent.B_AFL_EnergyDropComponent,/Script/Engine.Blueprint,671,671,0,0,1155
/AFLBagMan/Equipment/B_WeaponInstance_AFL_Akuma.B_WeaponInstance_AFL_Akuma,/Script/Engine.Blueprint,1506,1506,0,0,3613
/AFLBagMan/Equipment/B_WeaponInstance_AFL_Arclight.B_WeaponInstance_AFL_Arclight,/Script/Engine.Blueprint,1497,1497,0,0,3606
/AFLBagMan/Equipment/B_WeaponInstance_AFL_Aria.B_WeaponInstance_AFL_Aria,/Script/Engine.Blueprint,1502,1502,0,0,3605
/AFLBagMan/Equipment/B_WeaponInstance_AFL_Astra.B_WeaponInstance_AFL_Astra,/Script/Engine.Blueprint,1504,1504,0,0,3613
/AFLBagMan/Equipment/B_WeaponInstance_AFL_Aurelia.B_WeaponInstance_AFL_Aurelia,/Script/Engine.Blueprint,1505,1505,0,0,3613
/AFLBagMan/Equipment/B_WeaponInstance_AFL_Azura.B_WeaponInstance_AFL_Azura,/Script/Engine.Blueprint,1504,1504,0,0,3613
/AFLBagMan/Equipment/B_WeaponInstance_AFL_BeamCutter.B_WeaponInstance_AFL_BeamCutter,/Script/Engine.Blueprint,1505,1505,0,0,3629
/AFLBagMan/Equipment/B_WeaponInstance_AFL_BigSixx.B_WeaponInstance_AFL_BigSixx,/Script/Engine.Blueprint,1507,1507,0,0,3613
/AFLBagMan/Equipment/B_WeaponInstance_AFL_Breachbolt.B_WeaponInstance_AFL_Breachbolt,/Script/Engine.Blueprint,1509,1509,0,0,3629
/AFLBagMan/Equipment/B_WeaponInstance_AFL_Breacher.B_WeaponInstance_AFL_Breacher,/Script/Engine.Blueprint,1496,1496,0,0,3606
/AFLBagMan/Equipment/B_WeaponInstance_AFL_Cielo.B_WeaponInstance_AFL_Cielo,/Script/Engine.Blueprint,1504,1504,0,0,3613
/AFLBagMan/Equipment/B_WeaponInstance_AFL_Coralis.B_WeaponInstance_AFL_Coralis,/Script/Engine.Blueprint,1505,1505,0,0,3613
/AFLBagMan/Equipment/B_WeaponInstance_AFL_DE42.B_WeaponInstance_AFL_DE42,/Script/Engine.Blueprint,1324,1324,0,0,3075
/AFLBagMan/Equipment/B_WeaponInstance_AFL_Draco.B_WeaponInstance_AFL_Draco,/Script/Engine.Blueprint,1506,1506,0,0,3613
/AFLBagMan/Equipment/B_WeaponInstance_AFL_Duskbeam.B_WeaponInstance_AFL_Duskbeam,/Script/Engine.Blueprint,1506,1506,0,0,3621
/AFLBagMan/Equipment/B_WeaponInstance_AFL_Ember.B_WeaponInstance_AFL_Ember,/Script/Engine.Blueprint,1506,1506,0,0,3613
/AFLBagMan/Equipment/B_WeaponInstance_AFL_Emberpulse.B_WeaponInstance_AFL_Emberpulse,/Script/Engine.Blueprint,1505,1505,0,0,3629
/AFLBagMan/Equipment/B_WeaponInstance_AFL_EMP.B_WeaponInstance_AFL_EMP,/Script/Engine.Blueprint,1504,1504,0,0,3605
/AFLBagMan/Equipment/B_WeaponInstance_AFL_FANATICS.B_WeaponInstance_AFL_FANATICS,/Script/Engine.Blueprint,1507,1507,0,0,3621
/AFLBagMan/Equipment/B_WeaponInstance_AFL_Flak.B_WeaponInstance_AFL_Flak,/Script/Engine.Blueprint,1505,1505,0,0,3605
/AFLBagMan/Equipment/B_WeaponInstance_AFL_GTM.B_WeaponInstance_AFL_GTM,/Script/Engine.Blueprint,1492,1492,0,0,3590
/AFLBagMan/Equipment/B_WeaponInstance_AFL_HALO.B_WeaponInstance_AFL_HALO,/Script/Engine.Blueprint,1503,1503,0,0,3605
/AFLBagMan/Equipment/B_WeaponInstance_AFL_HandCannon_FANATICS.B_WeaponInstance_AFL_HandCannon_FANATICS,/Script/Engine.Blueprint,1519,1519,0,0,3653
/AFLBagMan/Equipment/B_WeaponInstance_AFL_Homer.B_WeaponInstance_AFL_Homer,/Script/Engine.Blueprint,1506,1506,0,0,3613
/AFLBagMan/Equipment/B_WeaponInstance_AFL_Ioncaster.B_WeaponInstance_AFL_Ioncaster,/Script/Engine.Blueprint,1511,1511,0,0,3621
/AFLBagMan/Equipment/B_WeaponInstance_AFL_Judge45.B_WeaponInstance_AFL_Judge45,/Script/Engine.Blueprint,1328,1328,0,0,3083
/AFLBagMan/Equipment/B_WeaponInstance_AFL_KAGE.B_WeaponInstance_AFL_KAGE,/Script/Engine.Blueprint,1503,1503,0,0,3605
/AFLBagMan/Equipment/B_WeaponInstance_AFL_Lobber.B_WeaponInstance_AFL_Lobber,/Script/Engine.Blueprint,1507,1507,0,0,3613
/AFLBagMan/Equipment/B_WeaponInstance_AFL_Makhiavelli.B_WeaponInstance_AFL_Makhiavelli,/Script/Engine.Blueprint,1508,1508,0,0,3629
/AFLBagMan/Equipment/B_WeaponInstance_AFL_N90.B_WeaponInstance_AFL_N90,/Script/Engine.Blueprint,1492,1492,0,0,3590
/AFLBagMan/Equipment/B_WeaponInstance_AFL_NFP16.B_WeaponInstance_AFL_NFP16,/Script/Engine.Blueprint,1326,1326,0,0,3083
/AFLBagMan/Equipment/B_WeaponInstance_AFL_NovaKai.B_WeaponInstance_AFL_NovaKai,/Script/Engine.Blueprint,1508,1508,0,0,3613
/AFLBagMan/Equipment/B_WeaponInstance_AFL_OnyxPrime.B_WeaponInstance_AFL_OnyxPrime,/Script/Engine.Blueprint,1508,1508,0,0,3621
/AFLBagMan/Equipment/B_WeaponInstance_AFL_ORION.B_WeaponInstance_AFL_ORION,/Script/Engine.Blueprint,1504,1504,0,0,3613
/AFLBagMan/Equipment/B_WeaponInstance_AFL_PP9.B_WeaponInstance_AFL_PP9,/Script/Engine.Blueprint,1492,1492,0,0,3590
/AFLBagMan/Equipment/B_WeaponInstance_AFL_PulseCarbine.B_WeaponInstance_AFL_PulseCarbine,/Script/Engine.Blueprint,1310,1310,0,0,3082
/AFLBagMan/Equipment/B_WeaponInstance_AFL_Railgun.B_WeaponInstance_AFL_Railgun,/Script/Engine.Blueprint,1509,1509,0,0,3613
/AFLBagMan/Equipment/B_WeaponInstance_AFL_Remore.B_WeaponInstance_AFL_Remore,/Script/Engine.Blueprint,1494,1494,0,0,3598
/AFLBagMan/Equipment/B_WeaponInstance_AFL_RiftOne.B_WeaponInstance_AFL_RiftOne,/Script/Engine.Blueprint,1506,1506,0,0,3613
/AFLBagMan/Equipment/B_WeaponInstance_AFL_Ripsaw.B_WeaponInstance_AFL_Ripsaw,/Script/Engine.Blueprint,1507,1507,0,0,3613
/AFLBagMan/Equipment/B_WeaponInstance_AFL_Rocket.B_WeaponInstance_AFL_Rocket,/Script/Engine.Blueprint,1502,1502,0,0,3613
/AFLBagMan/Equipment/B_WeaponInstance_AFL_Ronin.B_WeaponInstance_AFL_Ronin,/Script/Engine.Blueprint,1506,1506,0,0,3613
/AFLBagMan/Equipment/B_WeaponInstance_AFL_Ryu.B_WeaponInstance_AFL_Ryu,/Script/Engine.Blueprint,1503,1503,0,0,3605
/AFLBagMan/Equipment/B_WeaponInstance_AFL_Sable.B_WeaponInstance_AFL_Sable,/Script/Engine.Blueprint,1506,1506,0,0,3613
/AFLBagMan/Equipment/B_WeaponInstance_AFL_Scarlett.B_WeaponInstance_AFL_Scarlett,/Script/Engine.Blueprint,1743,1743,0,0,3994
/AFLBagMan/Equipment/B_WeaponInstance_AFL_Scatterhawk.B_WeaponInstance_AFL_Scatterhawk,/Script/Engine.Blueprint,1508,1508,0,0,3629
/AFLBagMan/Equipment/B_WeaponInstance_AFL_Seeker.B_WeaponInstance_AFL_Seeker,/Script/Engine.Blueprint,1506,1506,0,0,3613
/AFLBagMan/Equipment/B_WeaponInstance_AFL_Shield.B_WeaponInstance_AFL_Shield,/Script/Engine.Blueprint,1507,1507,0,0,3613
/AFLBagMan/Equipment/B_WeaponInstance_AFL_SMG.B_WeaponInstance_AFL_SMG,/Script/Engine.Blueprint,1504,1504,0,0,3605
/AFLBagMan/Equipment/B_WeaponInstance_AFL_SOLARA.B_WeaponInstance_AFL_SOLARA,/Script/Engine.Blueprint,1505,1505,0,0,3613
/AFLBagMan/Equipment/B_WeaponInstance_AFL_Talon.B_WeaponInstance_AFL_Talon,/Script/Engine.Blueprint,1505,1505,0,0,3613
/AFLBagMan/Equipment/B_WeaponInstance_AFL_Tempest.B_WeaponInstance_AFL_Tempest,/Script/Engine.Blueprint,1507,1507,0,0,3613
/AFLBagMan/Equipment/B_WeaponInstance_AFL_Valkyr.B_WeaponInstance_AFL_Valkyr,/Script/Engine.Blueprint,1503,1503,0,0,3613
/AFLBagMan/Equipment/B_WeaponInstance_AFL_Vanguard.B_WeaponInstance_AFL_Vanguard,/Script/Engine.Blueprint,1496,1496,0,0,3606
/AFLBagMan/Equipment/B_WeaponInstance_AFL_Vanta.B_WeaponInstance_AFL_Vanta,/Script/Engine.Blueprint,1738,1738,0,0,3986
/AFLBagMan/Equipment/B_WeaponInstance_AFL_Verdant.B_WeaponInstance_AFL_Verdant,/Script/Engine.Blueprint,1506,1506,0,0,3613
/AFLBagMan/Equipment/B_WeaponInstance_AFL_Volt.B_WeaponInstance_AFL_Volt,/Script/Engine.Blueprint,1505,1505,0,0,3605
/AFLBagMan/Equipment/B_WeaponInstance_AFL_Voltaic.B_WeaponInstance_AFL_Voltaic,/Script/Engine.Blueprint,1507,1507,0,0,3613
/AFLBagMan/Equipment/B_WeaponInstance_AFL_Warhead.B_WeaponInstance_AFL_Warhead,/Script/Engine.Blueprint,1507,1507,0,0,3613
/AFLBagMan/Equipment/B_WeaponInstance_AFL_ZenKoan.B_WeaponInstance_AFL_ZenKoan,/Script/Engine.Blueprint,1505,1505,0,0,3613
/AFLBagMan/Equipment/ID_AFL_Akuma.ID_AFL_Akuma,/Script/Engine.Blueprint,1306,1306,0,0,2506
/AFLBagMan/Equipment/ID_AFL_Arclight.ID_AFL_Arclight,/Script/Engine.Blueprint,1315,1315,0,0,2519
/AFLBagMan/Equipment/ID_AFL_Aria.ID_AFL_Aria,/Script/Engine.Blueprint,1307,1307,0,0,2504
/AFLBagMan/Equipment/ID_AFL_Astra.ID_AFL_Astra,/Script/Engine.Blueprint,1311,1311,0,0,2522
/AFLBagMan/Equipment/ID_AFL_Aurelia.ID_AFL_Aurelia,/Script/Engine.Blueprint,1313,1313,0,0,2534
/AFLBagMan/Equipment/ID_AFL_Azura.ID_AFL_Azura,/Script/Engine.Blueprint,1310,1310,0,0,2518
/AFLBagMan/Equipment/ID_AFL_BeamCutter.ID_AFL_BeamCutter,/Script/Engine.Blueprint,1310,1310,0,0,2535
/AFLBagMan/Equipment/ID_AFL_BigSixx.ID_AFL_BigSixx,/Script/Engine.Blueprint,1311,1311,0,0,2526
/AFLBagMan/Equipment/ID_AFL_Breachbolt.ID_AFL_Breachbolt,/Script/Engine.Blueprint,1304,1304,0,0,2532
/AFLBagMan/Equipment/ID_AFL_Breacher.ID_AFL_Breacher,/Script/Engine.Blueprint,1319,1319,0,0,2521
/AFLBagMan/Equipment/ID_AFL_Cielo.ID_AFL_Cielo,/Script/Engine.Blueprint,1309,1309,0,0,2514
/AFLBagMan/Equipment/ID_AFL_Coralis.ID_AFL_Coralis,/Script/Engine.Blueprint,1297,1297,0,0,2506
/AFLBagMan/Equipment/ID_AFL_DE42.ID_AFL_DE42,/Script/Engine.Blueprint,1322,1322,0,0,2488
/AFLBagMan/Equipment/ID_AFL_Draco.ID_AFL_Draco,/Script/Engine.Blueprint,1314,1314,0,0,2530
/AFLBagMan/Equipment/ID_AFL_Duskbeam.ID_AFL_Duskbeam,/Script/Engine.Blueprint,1304,1304,0,0,2520
/AFLBagMan/Equipment/ID_AFL_Ember.ID_AFL_Ember,/Script/Engine.Blueprint,1312,1312,0,0,2530
/AFLBagMan/Equipment/ID_AFL_Emberpulse.ID_AFL_Emberpulse,/Script/Engine.Blueprint,1299,1299,0,0,2532
/AFLBagMan/Equipment/ID_AFL_EMP.ID_AFL_EMP,/Script/Engine.Blueprint,1338,1338,0,0,2507
/AFLBagMan/Equipment/ID_AFL_FANATICS.ID_AFL_FANATICS,/Script/Engine.Blueprint,1312,1312,0,0,2535
/AFLBagMan/Equipment/ID_AFL_Flak.ID_AFL_Flak,/Script/Engine.Blueprint,1299,1299,0,0,2480
/AFLBagMan/Equipment/ID_AFL_GTM.ID_AFL_GTM,/Script/Engine.Blueprint,1307,1307,0,0,2476
/AFLBagMan/Equipment/ID_AFL_HALO.ID_AFL_HALO,/Script/Engine.Blueprint,1309,1309,0,0,2498
/AFLBagMan/Equipment/ID_AFL_HandCannon_DRAGON_SOUL_L.ID_AFL_HandCannon_DRAGON_SOUL_L,/Script/Engine.Blueprint,1356,1356,0,0,2645
/AFLBagMan/Equipment/ID_AFL_HandCannon_DRAGON_SOUL_NeonBlue_L.ID_AFL_HandCannon_DRAGON_SOUL_NeonBlue_L,/Script/Engine.Blueprint,1374,1374,0,0,2690
/AFLBagMan/Equipment/ID_AFL_HandCannon_DRAGON_SOUL_NeonBlue_R.ID_AFL_HandCannon_DRAGON_SOUL_NeonBlue_R,/Script/Engine.Blueprint,1372,1372,0,0,2686
/AFLBagMan/Equipment/ID_AFL_HandCannon_DRAGON_SOUL_NeonBlue_XT.ID_AFL_HandCannon_DRAGON_SOUL_NeonBlue_XT,/Script/Engine.Blueprint,1380,1380,0,0,2690
/AFLBagMan/Equipment/ID_AFL_HandCannon_DRAGON_SOUL_NeonGreen_L.ID_AFL_HandCannon_DRAGON_SOUL_NeonGreen_L,/Script/Engine.Blueprint,1374,1374,0,0,2692
/AFLBagMan/Equipment/ID_AFL_HandCannon_DRAGON_SOUL_NeonGreen_R.ID_AFL_HandCannon_DRAGON_SOUL_NeonGreen_R,/Script/Engine.Blueprint,1376,1376,0,0,2688
/AFLBagMan/Equipment/ID_AFL_HandCannon_DRAGON_SOUL_NeonGreen_XT.ID_AFL_HandCannon_DRAGON_SOUL_NeonGreen_XT,/Script/Engine.Blueprint,1374,1374,0,0,2700
/AFLBagMan/Equipment/ID_AFL_HandCannon_DRAGON_SOUL_NeonPink_L.ID_AFL_HandCannon_DRAGON_SOUL_NeonPink_L,/Script/Engine.Blueprint,1376,1376,0,0,2690
/AFLBagMan/Equipment/ID_AFL_HandCannon_DRAGON_SOUL_NeonPink_R.ID_AFL_HandCannon_DRAGON_SOUL_NeonPink_R,/Script/Engine.Blueprint,1377,1377,0,0,2686
/AFLBagMan/Equipment/ID_AFL_HandCannon_DRAGON_SOUL_NeonPink_XT.ID_AFL_HandCannon_DRAGON_SOUL_NeonPink_XT,/Script/Engine.Blueprint,1380,1380,0,0,2690
/AFLBagMan/Equipment/ID_AFL_HandCannon_DRAGON_SOUL_NeonPurple_L.ID_AFL_HandCannon_DRAGON_SOUL_NeonPurple_L,/Script/Engine.Blueprint,1377,1377,0,0,2702
/AFLBagMan/Equipment/ID_AFL_HandCannon_DRAGON_SOUL_NeonPurple_R.ID_AFL_HandCannon_DRAGON_SOUL_NeonPurple_R,/Script/Engine.Blueprint,1373,1373,0,0,2698
/AFLBagMan/Equipment/ID_AFL_HandCannon_DRAGON_SOUL_NeonPurple_XT.ID_AFL_HandCannon_DRAGON_SOUL_NeonPurple_XT,/Script/Engine.Blueprint,1378,1378,0,0,2702
/AFLBagMan/Equipment/ID_AFL_HandCannon_DRAGON_SOUL_NeonRed_L.ID_AFL_HandCannon_DRAGON_SOUL_NeonRed_L,/Script/Engine.Blueprint,1376,1376,0,0,2688
/AFLBagMan/Equipment/ID_AFL_HandCannon_DRAGON_SOUL_NeonRed_R.ID_AFL_HandCannon_DRAGON_SOUL_NeonRed_R,/Script/Engine.Blueprint,1373,1373,0,0,2684
/AFLBagMan/Equipment/ID_AFL_HandCannon_DRAGON_SOUL_NeonRed_XT.ID_AFL_HandCannon_DRAGON_SOUL_NeonRed_XT,/Script/Engine.Blueprint,1382,1382,0,0,2688
/AFLBagMan/Equipment/ID_AFL_HandCannon_DRAGON_SOUL_NeonYellow_L.ID_AFL_HandCannon_DRAGON_SOUL_NeonYellow_L,/Script/Engine.Blueprint,1377,1377,0,0,2702
/AFLBagMan/Equipment/ID_AFL_HandCannon_DRAGON_SOUL_NeonYellow_R.ID_AFL_HandCannon_DRAGON_SOUL_NeonYellow_R,/Script/Engine.Blueprint,1375,1375,0,0,2698
/AFLBagMan/Equipment/ID_AFL_HandCannon_DRAGON_SOUL_NeonYellow_XT.ID_AFL_HandCannon_DRAGON_SOUL_NeonYellow_XT,/Script/Engine.Blueprint,1376,1376,0,0,2702
/AFLBagMan/Equipment/ID_AFL_HandCannon_DRAGON_SOUL_R.ID_AFL_HandCannon_DRAGON_SOUL_R,/Script/Engine.Blueprint,1355,1355,0,0,2641
/AFLBagMan/Equipment/ID_AFL_HandCannon_DRAGON_SOUL_XT.ID_AFL_HandCannon_DRAGON_SOUL_XT,/Script/Engine.Blueprint,1363,1363,0,0,2645
/AFLBagMan/Equipment/ID_AFL_HandCannon_FANATICS2_NeonBlue_L.ID_AFL_HandCannon_FANATICS2_NeonBlue_L,/Script/Engine.Blueprint,1353,1353,0,0,2677
/AFLBagMan/Equipment/ID_AFL_HandCannon_FANATICS2_NeonBlue_R.ID_AFL_HandCannon_FANATICS2_NeonBlue_R,/Script/Engine.Blueprint,1349,1349,0,0,2673
/AFLBagMan/Equipment/ID_AFL_HandCannon_FANATICS2_NeonBlue_XT.ID_AFL_HandCannon_FANATICS2_NeonBlue_XT,/Script/Engine.Blueprint,1360,1360,0,0,2685
/AFLBagMan/Equipment/ID_AFL_HandCannon_FANATICS2_NeonGreen_L.ID_AFL_HandCannon_FANATICS2_NeonGreen_L,/Script/Engine.Blueprint,1357,1357,0,0,2687
/AFLBagMan/Equipment/ID_AFL_HandCannon_FANATICS2_NeonGreen_R.ID_AFL_HandCannon_FANATICS2_NeonGreen_R,/Script/Engine.Blueprint,1354,1354,0,0,2683
/AFLBagMan/Equipment/ID_AFL_HandCannon_FANATICS2_NeonGreen_XT.ID_AFL_HandCannon_FANATICS2_NeonGreen_XT,/Script/Engine.Blueprint,1360,1360,0,0,2687
/AFLBagMan/Equipment/ID_AFL_HandCannon_FANATICS2_NeonPink_L.ID_AFL_HandCannon_FANATICS2_NeonPink_L,/Script/Engine.Blueprint,1357,1357,0,0,2677
/AFLBagMan/Equipment/ID_AFL_HandCannon_FANATICS2_NeonPink_R.ID_AFL_HandCannon_FANATICS2_NeonPink_R,/Script/Engine.Blueprint,1350,1350,0,0,2673
/AFLBagMan/Equipment/ID_AFL_HandCannon_FANATICS2_NeonPink_XT.ID_AFL_HandCannon_FANATICS2_NeonPink_XT,/Script/Engine.Blueprint,1356,1356,0,0,2685
/AFLBagMan/Equipment/ID_AFL_HandCannon_FANATICS2_NeonPurple_L.ID_AFL_HandCannon_FANATICS2_NeonPurple_L,/Script/Engine.Blueprint,1360,1360,0,0,2689
/AFLBagMan/Equipment/ID_AFL_HandCannon_FANATICS2_NeonPurple_R.ID_AFL_HandCannon_FANATICS2_NeonPurple_R,/Script/Engine.Blueprint,1357,1357,0,0,2685
/AFLBagMan/Equipment/ID_AFL_HandCannon_FANATICS2_NeonPurple_XT.ID_AFL_HandCannon_FANATICS2_NeonPurple_XT,/Script/Engine.Blueprint,1360,1360,0,0,2689
/AFLBagMan/Equipment/ID_AFL_HandCannon_FANATICS2_NeonRed_L.ID_AFL_HandCannon_FANATICS2_NeonRed_L,/Script/Engine.Blueprint,1357,1357,0,0,2675
/AFLBagMan/Equipment/ID_AFL_HandCannon_FANATICS2_NeonRed_R.ID_AFL_HandCannon_FANATICS2_NeonRed_R,/Script/Engine.Blueprint,1352,1352,0,0,2671
/AFLBagMan/Equipment/ID_AFL_HandCannon_FANATICS2_NeonRed_XT.ID_AFL_HandCannon_FANATICS2_NeonRed_XT,/Script/Engine.Blueprint,1356,1356,0,0,2675
/AFLBagMan/Equipment/ID_AFL_HandCannon_FANATICS2_NeonYellow_L.ID_AFL_HandCannon_FANATICS2_NeonYellow_L,/Script/Engine.Blueprint,1357,1357,0,0,2689
/AFLBagMan/Equipment/ID_AFL_HandCannon_FANATICS2_NeonYellow_R.ID_AFL_HandCannon_FANATICS2_NeonYellow_R,/Script/Engine.Blueprint,1361,1361,0,0,2685
/AFLBagMan/Equipment/ID_AFL_HandCannon_FANATICS2_NeonYellow_XT.ID_AFL_HandCannon_FANATICS2_NeonYellow_XT,/Script/Engine.Blueprint,1357,1357,0,0,2689
/AFLBagMan/Equipment/ID_AFL_HandCannon_FANATICS_L.ID_AFL_HandCannon_FANATICS_L,/Script/Engine.Blueprint,1370,1370,0,0,2669
/AFLBagMan/Equipment/ID_AFL_HandCannon_FANATICS_R.ID_AFL_HandCannon_FANATICS_R,/Script/Engine.Blueprint,1366,1366,0,0,2665
/AFLBagMan/Equipment/ID_AFL_HandCannon_FANATICS_XT.ID_AFL_HandCannon_FANATICS_XT,/Script/Engine.Blueprint,1345,1345,0,0,2631
/AFLBagMan/Equipment/ID_AFL_HandCannon_FUTURE_WARRIOR_L.ID_AFL_HandCannon_FUTURE_WARRIOR_L,/Script/Engine.Blueprint,1359,1359,0,0,2659
/AFLBagMan/Equipment/ID_AFL_HandCannon_FUTURE_WARRIOR_NeonBlue_L.ID_AFL_HandCannon_FUTURE_WARRIOR_NeonBlue_L,/Script/Engine.Blueprint,1375,1375,0,0,2704
/AFLBagMan/Equipment/ID_AFL_HandCannon_FUTURE_WARRIOR_NeonBlue_R.ID_AFL_HandCannon_FUTURE_WARRIOR_NeonBlue_R,/Script/Engine.Blueprint,1375,1375,0,0,2700
/AFLBagMan/Equipment/ID_AFL_HandCannon_FUTURE_WARRIOR_NeonBlue_XT.ID_AFL_HandCannon_FUTURE_WARRIOR_NeonBlue_XT,/Script/Engine.Blueprint,1379,1379,0,0,2712
/AFLBagMan/Equipment/ID_AFL_HandCannon_FUTURE_WARRIOR_NeonGreen_L.ID_AFL_HandCannon_FUTURE_WARRIOR_NeonGreen_L,/Script/Engine.Blueprint,1373,1373,0,0,2714
/AFLBagMan/Equipment/ID_AFL_HandCannon_FUTURE_WARRIOR_NeonGreen_R.ID_AFL_HandCannon_FUTURE_WARRIOR_NeonGreen_R,/Script/Engine.Blueprint,1373,1373,0,0,2710
/AFLBagMan/Equipment/ID_AFL_HandCannon_FUTURE_WARRIOR_NeonGreen_XT.ID_AFL_HandCannon_FUTURE_WARRIOR_NeonGreen_XT,/Script/Engine.Blueprint,1381,1381,0,0,2714
/AFLBagMan/Equipment/ID_AFL_HandCannon_FUTURE_WARRIOR_NeonPink_L.ID_AFL_HandCannon_FUTURE_WARRIOR_NeonPink_L,/Script/Engine.Blueprint,1376,1376,0,0,2704
/AFLBagMan/Equipment/ID_AFL_HandCannon_FUTURE_WARRIOR_NeonPink_R.ID_AFL_HandCannon_FUTURE_WARRIOR_NeonPink_R,/Script/Engine.Blueprint,1376,1376,0,0,2700
/AFLBagMan/Equipment/ID_AFL_HandCannon_FUTURE_WARRIOR_NeonPink_XT.ID_AFL_HandCannon_FUTURE_WARRIOR_NeonPink_XT,/Script/Engine.Blueprint,1376,1376,0,0,2712
/AFLBagMan/Equipment/ID_AFL_HandCannon_FUTURE_WARRIOR_NeonPurple_L.ID_AFL_HandCannon_FUTURE_WARRIOR_NeonPurple_L,/Script/Engine.Blueprint,1376,1376,0,0,2716
/AFLBagMan/Equipment/ID_AFL_HandCannon_FUTURE_WARRIOR_NeonPurple_R.ID_AFL_HandCannon_FUTURE_WARRIOR_NeonPurple_R,/Script/Engine.Blueprint,1375,1375,0,0,2712
/AFLBagMan/Equipment/ID_AFL_HandCannon_FUTURE_WARRIOR_NeonPurple_XT.ID_AFL_HandCannon_FUTURE_WARRIOR_NeonPurple_XT,/Script/Engine.Blueprint,1378,1378,0,0,2716
/AFLBagMan/Equipment/ID_AFL_HandCannon_FUTURE_WARRIOR_NeonRed_L.ID_AFL_HandCannon_FUTURE_WARRIOR_NeonRed_L,/Script/Engine.Blueprint,1370,1370,0,0,2702
/AFLBagMan/Equipment/ID_AFL_HandCannon_FUTURE_WARRIOR_NeonRed_R.ID_AFL_HandCannon_FUTURE_WARRIOR_NeonRed_R,/Script/Engine.Blueprint,1374,1374,0,0,2698
/AFLBagMan/Equipment/ID_AFL_HandCannon_FUTURE_WARRIOR_NeonRed_XT.ID_AFL_HandCannon_FUTURE_WARRIOR_NeonRed_XT,/Script/Engine.Blueprint,1380,1380,0,0,2702
/AFLBagMan/Equipment/ID_AFL_HandCannon_FUTURE_WARRIOR_NeonYellow_L.ID_AFL_HandCannon_FUTURE_WARRIOR_NeonYellow_L,/Script/Engine.Blueprint,1376,1376,0,0,2716
/AFLBagMan/Equipment/ID_AFL_HandCannon_FUTURE_WARRIOR_NeonYellow_R.ID_AFL_HandCannon_FUTURE_WARRIOR_NeonYellow_R,/Script/Engine.Blueprint,1378,1378,0,0,2712
/AFLBagMan/Equipment/ID_AFL_HandCannon_FUTURE_WARRIOR_NeonYellow_XT.ID_AFL_HandCannon_FUTURE_WARRIOR_NeonYellow_XT,/Script/Engine.Blueprint,1378,1378,0,0,2716
/AFLBagMan/Equipment/ID_AFL_HandCannon_FUTURE_WARRIOR_R.ID_AFL_HandCannon_FUTURE_WARRIOR_R,/Script/Engine.Blueprint,1355,1355,0,0,2655
/AFLBagMan/Equipment/ID_AFL_HandCannon_FUTURE_WARRIOR_XT.ID_AFL_HandCannon_FUTURE_WARRIOR_XT,/Script/Engine.Blueprint,1363,1363,0,0,2659
/AFLBagMan/Equipment/ID_AFL_HandCannon_IRONICS_L.ID_AFL_HandCannon_IRONICS_L,/Script/Engine.Blueprint,1350,1350,0,0,2621
/AFLBagMan/Equipment/ID_AFL_HandCannon_IRONICS_NeonBlue_L.ID_AFL_HandCannon_IRONICS_NeonBlue_L,/Script/Engine.Blueprint,1371,1371,0,0,2674
/AFLBagMan/Equipment/ID_AFL_HandCannon_IRONICS_NeonBlue_R.ID_AFL_HandCannon_IRONICS_NeonBlue_R,/Script/Engine.Blueprint,1367,1367,0,0,2670
/AFLBagMan/Equipment/ID_AFL_HandCannon_IRONICS_NeonBlue_XT.ID_AFL_HandCannon_IRONICS_NeonBlue_XT,/Script/Engine.Blueprint,1372,1372,0,0,2674
/AFLBagMan/Equipment/ID_AFL_HandCannon_IRONICS_NeonGreen_L.ID_AFL_HandCannon_IRONICS_NeonGreen_L,/Script/Engine.Blueprint,1367,1367,0,0,2676
/AFLBagMan/Equipment/ID_AFL_HandCannon_IRONICS_NeonGreen_R.ID_AFL_HandCannon_IRONICS_NeonGreen_R,/Script/Engine.Blueprint,1366,1366,0,0,2672
/AFLBagMan/Equipment/ID_AFL_HandCannon_IRONICS_NeonGreen_XT.ID_AFL_HandCannon_IRONICS_NeonGreen_XT,/Script/Engine.Blueprint,1367,1367,0,0,2676
/AFLBagMan/Equipment/ID_AFL_HandCannon_IRONICS_NeonPink_L.ID_AFL_HandCannon_IRONICS_NeonPink_L,/Script/Engine.Blueprint,1369,1369,0,0,2674
/AFLBagMan/Equipment/ID_AFL_HandCannon_IRONICS_NeonPink_R.ID_AFL_HandCannon_IRONICS_NeonPink_R,/Script/Engine.Blueprint,1366,1366,0,0,2670
/AFLBagMan/Equipment/ID_AFL_HandCannon_IRONICS_NeonPink_XT.ID_AFL_HandCannon_IRONICS_NeonPink_XT,/Script/Engine.Blueprint,1370,1370,0,0,2674
/AFLBagMan/Equipment/ID_AFL_HandCannon_IRONICS_NeonPurple_L.ID_AFL_HandCannon_IRONICS_NeonPurple_L,/Script/Engine.Blueprint,1367,1367,0,0,2678
/AFLBagMan/Equipment/ID_AFL_HandCannon_IRONICS_NeonPurple_R.ID_AFL_HandCannon_IRONICS_NeonPurple_R,/Script/Engine.Blueprint,1363,1363,0,0,2674
/AFLBagMan/Equipment/ID_AFL_HandCannon_IRONICS_NeonPurple_XT.ID_AFL_HandCannon_IRONICS_NeonPurple_XT,/Script/Engine.Blueprint,1370,1370,0,0,2686
/AFLBagMan/Equipment/ID_AFL_HandCannon_IRONICS_NeonRed_L.ID_AFL_HandCannon_IRONICS_NeonRed_L,/Script/Engine.Blueprint,1372,1372,0,0,2664
/AFLBagMan/Equipment/ID_AFL_HandCannon_IRONICS_NeonRed_R.ID_AFL_HandCannon_IRONICS_NeonRed_R,/Script/Engine.Blueprint,1368,1368,0,0,2660
/AFLBagMan/Equipment/ID_AFL_HandCannon_IRONICS_NeonRed_XT.ID_AFL_HandCannon_IRONICS_NeonRed_XT,/Script/Engine.Blueprint,1373,1373,0,0,2672
/AFLBagMan/Equipment/ID_AFL_HandCannon_IRONICS_NeonYellow_L.ID_AFL_HandCannon_IRONICS_NeonYellow_L,/Script/Engine.Blueprint,1369,1369,0,0,2678
/AFLBagMan/Equipment/ID_AFL_HandCannon_IRONICS_NeonYellow_R.ID_AFL_HandCannon_IRONICS_NeonYellow_R,/Script/Engine.Blueprint,1366,1366,0,0,2674
/AFLBagMan/Equipment/ID_AFL_HandCannon_IRONICS_NeonYellow_XT.ID_AFL_HandCannon_IRONICS_NeonYellow_XT,/Script/Engine.Blueprint,1371,1371,0,0,2686
/AFLBagMan/Equipment/ID_AFL_HandCannon_IRONICS_R.ID_AFL_HandCannon_IRONICS_R,/Script/Engine.Blueprint,1344,1344,0,0,2617
/AFLBagMan/Equipment/ID_AFL_HandCannon_IRONICS_XT.ID_AFL_HandCannon_IRONICS_XT,/Script/Engine.Blueprint,1348,1348,0,0,2629
/AFLBagMan/Equipment/ID_AFL_HandCannon_JAGUAR_NEON_L.ID_AFL_HandCannon_JAGUAR_NEON_L,/Script/Engine.Blueprint,1355,1355,0,0,2645
/AFLBagMan/Equipment/ID_AFL_HandCannon_JAGUAR_NEON_NeonBlue_L.ID_AFL_HandCannon_JAGUAR_NEON_NeonBlue_L,/Script/Engine.Blueprint,1378,1378,0,0,2690
/AFLBagMan/Equipment/ID_AFL_HandCannon_JAGUAR_NEON_NeonBlue_R.ID_AFL_HandCannon_JAGUAR_NEON_NeonBlue_R,/Script/Engine.Blueprint,1369,1369,0,0,2686
/AFLBagMan/Equipment/ID_AFL_HandCannon_JAGUAR_NEON_NeonBlue_XT.ID_AFL_HandCannon_JAGUAR_NEON_NeonBlue_XT,/Script/Engine.Blueprint,1372,1372,0,0,2690
/AFLBagMan/Equipment/ID_AFL_HandCannon_JAGUAR_NEON_NeonGreen_L.ID_AFL_HandCannon_JAGUAR_NEON_NeonGreen_L,/Script/Engine.Blueprint,1371,1371,0,0,2692
/AFLBagMan/Equipment/ID_AFL_HandCannon_JAGUAR_NEON_NeonGreen_R.ID_AFL_HandCannon_JAGUAR_NEON_NeonGreen_R,/Script/Engine.Blueprint,1372,1372,0,0,2688
/AFLBagMan/Equipment/ID_AFL_HandCannon_JAGUAR_NEON_NeonGreen_XT.ID_AFL_HandCannon_JAGUAR_NEON_NeonGreen_XT,/Script/Engine.Blueprint,1374,1374,0,0,2700
/AFLBagMan/Equipment/ID_AFL_HandCannon_JAGUAR_NEON_NeonPink_L.ID_AFL_HandCannon_JAGUAR_NEON_NeonPink_L,/Script/Engine.Blueprint,1375,1375,0,0,2690
/AFLBagMan/Equipment/ID_AFL_HandCannon_JAGUAR_NEON_NeonPink_R.ID_AFL_HandCannon_JAGUAR_NEON_NeonPink_R,/Script/Engine.Blueprint,1373,1373,0,0,2686
/AFLBagMan/Equipment/ID_AFL_HandCannon_JAGUAR_NEON_NeonPink_XT.ID_AFL_HandCannon_JAGUAR_NEON_NeonPink_XT,/Script/Engine.Blueprint,1370,1370,0,0,2690
/AFLBagMan/Equipment/ID_AFL_HandCannon_JAGUAR_NEON_NeonPurple_L.ID_AFL_HandCannon_JAGUAR_NEON_NeonPurple_L,/Script/Engine.Blueprint,1379,1379,0,0,2702
/AFLBagMan/Equipment/ID_AFL_HandCannon_JAGUAR_NEON_NeonPurple_R.ID_AFL_HandCannon_JAGUAR_NEON_NeonPurple_R,/Script/Engine.Blueprint,1371,1371,0,0,2698
/AFLBagMan/Equipment/ID_AFL_HandCannon_JAGUAR_NEON_NeonPurple_XT.ID_AFL_HandCannon_JAGUAR_NEON_NeonPurple_XT,/Script/Engine.Blueprint,1378,1378,0,0,2702
/AFLBagMan/Equipment/ID_AFL_HandCannon_JAGUAR_NEON_NeonRed_L.ID_AFL_HandCannon_JAGUAR_NEON_NeonRed_L,/Script/Engine.Blueprint,1371,1371,0,0,2688
/AFLBagMan/Equipment/ID_AFL_HandCannon_JAGUAR_NEON_NeonRed_R.ID_AFL_HandCannon_JAGUAR_NEON_NeonRed_R,/Script/Engine.Blueprint,1373,1373,0,0,2684
/AFLBagMan/Equipment/ID_AFL_HandCannon_JAGUAR_NEON_NeonRed_XT.ID_AFL_HandCannon_JAGUAR_NEON_NeonRed_XT,/Script/Engine.Blueprint,1382,1382,0,0,2688
/AFLBagMan/Equipment/ID_AFL_HandCannon_JAGUAR_NEON_NeonYellow_L.ID_AFL_HandCannon_JAGUAR_NEON_NeonYellow_L,/Script/Engine.Blueprint,1371,1371,0,0,2702
/AFLBagMan/Equipment/ID_AFL_HandCannon_JAGUAR_NEON_NeonYellow_R.ID_AFL_HandCannon_JAGUAR_NEON_NeonYellow_R,/Script/Engine.Blueprint,1375,1375,0,0,2698
/AFLBagMan/Equipment/ID_AFL_HandCannon_JAGUAR_NEON_NeonYellow_XT.ID_AFL_HandCannon_JAGUAR_NEON_NeonYellow_XT,/Script/Engine.Blueprint,1376,1376,0,0,2702
/AFLBagMan/Equipment/ID_AFL_HandCannon_JAGUAR_NEON_R.ID_AFL_HandCannon_JAGUAR_NEON_R,/Script/Engine.Blueprint,1357,1357,0,0,2641
/AFLBagMan/Equipment/ID_AFL_HandCannon_JAGUAR_NEON_XT.ID_AFL_HandCannon_JAGUAR_NEON_XT,/Script/Engine.Blueprint,1358,1358,0,0,2645
/AFLBagMan/Equipment/ID_AFL_HandCannon_RUN_IT_BACK_L.ID_AFL_HandCannon_RUN_IT_BACK_L,/Script/Engine.Blueprint,1364,1364,0,0,2645
/AFLBagMan/Equipment/ID_AFL_HandCannon_RUN_IT_BACK_NeonBlue_L.ID_AFL_HandCannon_RUN_IT_BACK_NeonBlue_L,/Script/Engine.Blueprint,1378,1378,0,0,2690
/AFLBagMan/Equipment/ID_AFL_HandCannon_RUN_IT_BACK_NeonBlue_R.ID_AFL_HandCannon_RUN_IT_BACK_NeonBlue_R,/Script/Engine.Blueprint,1383,1383,0,0,2686
/AFLBagMan/Equipment/ID_AFL_HandCannon_RUN_IT_BACK_NeonBlue_XT.ID_AFL_HandCannon_RUN_IT_BACK_NeonBlue_XT,/Script/Engine.Blueprint,1381,1381,0,0,2690
/AFLBagMan/Equipment/ID_AFL_HandCannon_RUN_IT_BACK_NeonGreen_L.ID_AFL_HandCannon_RUN_IT_BACK_NeonGreen_L,/Script/Engine.Blueprint,1380,1380,0,0,2692
/AFLBagMan/Equipment/ID_AFL_HandCannon_RUN_IT_BACK_NeonGreen_R.ID_AFL_HandCannon_RUN_IT_BACK_NeonGreen_R,/Script/Engine.Blueprint,1378,1378,0,0,2688
/AFLBagMan/Equipment/ID_AFL_HandCannon_RUN_IT_BACK_NeonGreen_XT.ID_AFL_HandCannon_RUN_IT_BACK_NeonGreen_XT,/Script/Engine.Blueprint,1378,1378,0,0,2700
/AFLBagMan/Equipment/ID_AFL_HandCannon_RUN_IT_BACK_NeonPink_L.ID_AFL_HandCannon_RUN_IT_BACK_NeonPink_L,/Script/Engine.Blueprint,1381,1381,0,0,2690
/AFLBagMan/Equipment/ID_AFL_HandCannon_RUN_IT_BACK_NeonPink_R.ID_AFL_HandCannon_RUN_IT_BACK_NeonPink_R,/Script/Engine.Blueprint,1381,1381,0,0,2686
/AFLBagMan/Equipment/ID_AFL_HandCannon_RUN_IT_BACK_NeonPink_XT.ID_AFL_HandCannon_RUN_IT_BACK_NeonPink_XT,/Script/Engine.Blueprint,1377,1377,0,0,2690
/AFLBagMan/Equipment/ID_AFL_HandCannon_RUN_IT_BACK_NeonPurple_L.ID_AFL_HandCannon_RUN_IT_BACK_NeonPurple_L,/Script/Engine.Blueprint,1377,1377,0,0,2702
/AFLBagMan/Equipment/ID_AFL_HandCannon_RUN_IT_BACK_NeonPurple_R.ID_AFL_HandCannon_RUN_IT_BACK_NeonPurple_R,/Script/Engine.Blueprint,1377,1377,0,0,2698
/AFLBagMan/Equipment/ID_AFL_HandCannon_RUN_IT_BACK_NeonPurple_XT.ID_AFL_HandCannon_RUN_IT_BACK_NeonPurple_XT,/Script/Engine.Blueprint,1383,1383,0,0,2702
/AFLBagMan/Equipment/ID_AFL_HandCannon_RUN_IT_BACK_NeonRed_L.ID_AFL_HandCannon_RUN_IT_BACK_NeonRed_L,/Script/Engine.Blueprint,1383,1383,0,0,2688
/AFLBagMan/Equipment/ID_AFL_HandCannon_RUN_IT_BACK_NeonRed_R.ID_AFL_HandCannon_RUN_IT_BACK_NeonRed_R,/Script/Engine.Blueprint,1374,1374,0,0,2684
/AFLBagMan/Equipment/ID_AFL_HandCannon_RUN_IT_BACK_NeonRed_XT.ID_AFL_HandCannon_RUN_IT_BACK_NeonRed_XT,/Script/Engine.Blueprint,1384,1384,0,0,2688
/AFLBagMan/Equipment/ID_AFL_HandCannon_RUN_IT_BACK_NeonYellow_L.ID_AFL_HandCannon_RUN_IT_BACK_NeonYellow_L,/Script/Engine.Blueprint,1383,1383,0,0,2702
/AFLBagMan/Equipment/ID_AFL_HandCannon_RUN_IT_BACK_NeonYellow_R.ID_AFL_HandCannon_RUN_IT_BACK_NeonYellow_R,/Script/Engine.Blueprint,1381,1381,0,0,2698
/AFLBagMan/Equipment/ID_AFL_HandCannon_RUN_IT_BACK_NeonYellow_XT.ID_AFL_HandCannon_RUN_IT_BACK_NeonYellow_XT,/Script/Engine.Blueprint,1385,1385,0,0,2702
/AFLBagMan/Equipment/ID_AFL_HandCannon_RUN_IT_BACK_R.ID_AFL_HandCannon_RUN_IT_BACK_R,/Script/Engine.Blueprint,1359,1359,0,0,2641
/AFLBagMan/Equipment/ID_AFL_HandCannon_RUN_IT_BACK_XT.ID_AFL_HandCannon_RUN_IT_BACK_XT,/Script/Engine.Blueprint,1369,1369,0,0,2645
/AFLBagMan/Equipment/ID_AFL_HandCannon_SIMULARENT_L.ID_AFL_HandCannon_SIMULARENT_L,/Script/Engine.Blueprint,1351,1351,0,0,2635
/AFLBagMan/Equipment/ID_AFL_HandCannon_SIMULARENT_NeonBlue_L.ID_AFL_HandCannon_SIMULARENT_NeonBlue_L,/Script/Engine.Blueprint,1373,1373,0,0,2688
/AFLBagMan/Equipment/ID_AFL_HandCannon_SIMULARENT_NeonBlue_R.ID_AFL_HandCannon_SIMULARENT_NeonBlue_R,/Script/Engine.Blueprint,1365,1365,0,0,2684
/AFLBagMan/Equipment/ID_AFL_HandCannon_SIMULARENT_NeonBlue_XT.ID_AFL_HandCannon_SIMULARENT_NeonBlue_XT,/Script/Engine.Blueprint,1372,1372,0,0,2688
/AFLBagMan/Equipment/ID_AFL_HandCannon_SIMULARENT_NeonGreen_L.ID_AFL_HandCannon_SIMULARENT_NeonGreen_L,/Script/Engine.Blueprint,1374,1374,0,0,2690
/AFLBagMan/Equipment/ID_AFL_HandCannon_SIMULARENT_NeonGreen_R.ID_AFL_HandCannon_SIMULARENT_NeonGreen_R,/Script/Engine.Blueprint,1373,1373,0,0,2686
/AFLBagMan/Equipment/ID_AFL_HandCannon_SIMULARENT_NeonGreen_XT.ID_AFL_HandCannon_SIMULARENT_NeonGreen_XT,/Script/Engine.Blueprint,1370,1370,0,0,2690
/AFLBagMan/Equipment/ID_AFL_HandCannon_SIMULARENT_NeonPink_L.ID_AFL_HandCannon_SIMULARENT_NeonPink_L,/Script/Engine.Blueprint,1372,1372,0,0,2688
/AFLBagMan/Equipment/ID_AFL_HandCannon_SIMULARENT_NeonPink_R.ID_AFL_HandCannon_SIMULARENT_NeonPink_R,/Script/Engine.Blueprint,1367,1367,0,0,2684
/AFLBagMan/Equipment/ID_AFL_HandCannon_SIMULARENT_NeonPink_XT.ID_AFL_HandCannon_SIMULARENT_NeonPink_XT,/Script/Engine.Blueprint,1379,1379,0,0,2688
/AFLBagMan/Equipment/ID_AFL_HandCannon_SIMULARENT_NeonPurple_L.ID_AFL_HandCannon_SIMULARENT_NeonPurple_L,/Script/Engine.Blueprint,1375,1375,0,0,2692
/AFLBagMan/Equipment/ID_AFL_HandCannon_SIMULARENT_NeonPurple_R.ID_AFL_HandCannon_SIMULARENT_NeonPurple_R,/Script/Engine.Blueprint,1371,1371,0,0,2688
/AFLBagMan/Equipment/ID_AFL_HandCannon_SIMULARENT_NeonPurple_XT.ID_AFL_HandCannon_SIMULARENT_NeonPurple_XT,/Script/Engine.Blueprint,1373,1373,0,0,2700
/AFLBagMan/Equipment/ID_AFL_HandCannon_SIMULARENT_NeonRed_L.ID_AFL_HandCannon_SIMULARENT_NeonRed_L,/Script/Engine.Blueprint,1372,1372,0,0,2678
/AFLBagMan/Equipment/ID_AFL_HandCannon_SIMULARENT_NeonRed_R.ID_AFL_HandCannon_SIMULARENT_NeonRed_R,/Script/Engine.Blueprint,1365,1365,0,0,2674
/AFLBagMan/Equipment/ID_AFL_HandCannon_SIMULARENT_NeonRed_XT.ID_AFL_HandCannon_SIMULARENT_NeonRed_XT,/Script/Engine.Blueprint,1373,1373,0,0,2686
/AFLBagMan/Equipment/ID_AFL_HandCannon_SIMULARENT_NeonYellow_L.ID_AFL_HandCannon_SIMULARENT_NeonYellow_L,/Script/Engine.Blueprint,1370,1370,0,0,2692
/AFLBagMan/Equipment/ID_AFL_HandCannon_SIMULARENT_NeonYellow_R.ID_AFL_HandCannon_SIMULARENT_NeonYellow_R,/Script/Engine.Blueprint,1371,1371,0,0,2688
/AFLBagMan/Equipment/ID_AFL_HandCannon_SIMULARENT_NeonYellow_XT.ID_AFL_HandCannon_SIMULARENT_NeonYellow_XT,/Script/Engine.Blueprint,1372,1372,0,0,2700
/AFLBagMan/Equipment/ID_AFL_HandCannon_SIMULARENT_R.ID_AFL_HandCannon_SIMULARENT_R,/Script/Engine.Blueprint,1345,1345,0,0,2631
/AFLBagMan/Equipment/ID_AFL_HandCannon_SIMULARENT_XT.ID_AFL_HandCannon_SIMULARENT_XT,/Script/Engine.Blueprint,1359,1359,0,0,2643
/AFLBagMan/Equipment/ID_AFL_Homer.ID_AFL_Homer,/Script/Engine.Blueprint,1296,1296,0,0,2494
/AFLBagMan/Equipment/ID_AFL_Ioncaster.ID_AFL_Ioncaster,/Script/Engine.Blueprint,1314,1314,0,0,2525
/AFLBagMan/Equipment/ID_AFL_Judge45.ID_AFL_Judge45,/Script/Engine.Blueprint,1319,1319,0,0,2511
/AFLBagMan/Equipment/ID_AFL_KAGE.ID_AFL_KAGE,/Script/Engine.Blueprint,1310,1310,0,0,2516
/AFLBagMan/Equipment/ID_AFL_Lobber.ID_AFL_Lobber,/Script/Engine.Blueprint,1303,1303,0,0,2500
/AFLBagMan/Equipment/ID_AFL_Makhiavelli.ID_AFL_Makhiavelli,/Script/Engine.Blueprint,1323,1323,0,0,2574
/AFLBagMan/Equipment/ID_AFL_N90.ID_AFL_N90,/Script/Engine.Blueprint,1310,1310,0,0,2476
/AFLBagMan/Equipment/ID_AFL_NFP16.ID_AFL_NFP16,/Script/Engine.Blueprint,1317,1317,0,0,2494
/AFLBagMan/Equipment/ID_AFL_NovaKai.ID_AFL_NovaKai,/Script/Engine.Blueprint,1308,1308,0,0,2534
/AFLBagMan/Equipment/ID_AFL_OnyxPrime.ID_AFL_OnyxPrime,/Script/Engine.Blueprint,1316,1316,0,0,2562
/AFLBagMan/Equipment/ID_AFL_ORION.ID_AFL_ORION,/Script/Engine.Blueprint,1310,1310,0,0,2512
/AFLBagMan/Equipment/ID_AFL_PP9.ID_AFL_PP9,/Script/Engine.Blueprint,1308,1308,0,0,2476
/AFLBagMan/Equipment/ID_AFL_Railgun.ID_AFL_Railgun,/Script/Engine.Blueprint,1299,1299,0,0,2506
/AFLBagMan/Equipment/ID_AFL_Remore.ID_AFL_Remore,/Script/Engine.Blueprint,1314,1314,0,0,2507
/AFLBagMan/Equipment/ID_AFL_RiftOne.ID_AFL_RiftOne,/Script/Engine.Blueprint,1311,1311,0,0,2542
/AFLBagMan/Equipment/ID_AFL_Ripsaw.ID_AFL_Ripsaw,/Script/Engine.Blueprint,1295,1295,0,0,2500
/AFLBagMan/Equipment/ID_AFL_Rocket.ID_AFL_Rocket,/Script/Engine.Blueprint,1323,1323,0,0,2506
/AFLBagMan/Equipment/ID_AFL_Ronin.ID_AFL_Ronin,/Script/Engine.Blueprint,1308,1308,0,0,2518
/AFLBagMan/Equipment/ID_AFL_Ryu.ID_AFL_Ryu,/Script/Engine.Blueprint,1309,1309,0,0,2506
/AFLBagMan/Equipment/ID_AFL_Sable.ID_AFL_Sable,/Script/Engine.Blueprint,1308,1308,0,0,2526
/AFLBagMan/Equipment/ID_AFL_Scarlett.ID_AFL_Scarlett,/Script/Engine.Blueprint,1319,1319,0,0,2548
/AFLBagMan/Equipment/ID_AFL_Scatterhawk.ID_AFL_Scatterhawk,/Script/Engine.Blueprint,1300,1300,0,0,2546
/AFLBagMan/Equipment/ID_AFL_Seeker.ID_AFL_Seeker,/Script/Engine.Blueprint,1300,1300,0,0,2500
/AFLBagMan/Equipment/ID_AFL_Shield.ID_AFL_Shield,/Script/Engine.Blueprint,1323,1323,0,0,2506
/AFLBagMan/Equipment/ID_AFL_SMG.ID_AFL_SMG,/Script/Engine.Blueprint,1291,1291,0,0,2474
/AFLBagMan/Equipment/ID_AFL_SOLARA.ID_AFL_SOLARA,/Script/Engine.Blueprint,1310,1310,0,0,2521
/AFLBagMan/Equipment/ID_AFL_Talon.ID_AFL_Talon,/Script/Engine.Blueprint,1310,1310,0,0,2518
/AFLBagMan/Equipment/ID_AFL_Tempest.ID_AFL_Tempest,/Script/Engine.Blueprint,1320,1320,0,0,2507
/AFLBagMan/Equipment/ID_AFL_Valkyr.ID_AFL_Valkyr,/Script/Engine.Blueprint,1318,1318,0,0,2540
/AFLBagMan/Equipment/ID_AFL_Vanguard.ID_AFL_Vanguard,/Script/Engine.Blueprint,1322,1322,0,0,2521
/AFLBagMan/Equipment/ID_AFL_Vanta.ID_AFL_Vanta,/Script/Engine.Blueprint,1314,1314,0,0,2526
/AFLBagMan/Equipment/ID_AFL_Verdant.ID_AFL_Verdant,/Script/Engine.Blueprint,1298,1298,0,0,2506
/AFLBagMan/Equipment/ID_AFL_Volt.ID_AFL_Volt,/Script/Engine.Blueprint,1349,1349,0,0,2566
/AFLBagMan/Equipment/ID_AFL_Voltaic.ID_AFL_Voltaic,/Script/Engine.Blueprint,1308,1308,0,0,2505
/AFLBagMan/Equipment/ID_AFL_Warhead.ID_AFL_Warhead,/Script/Engine.Blueprint,1296,1296,0,0,2506
/AFLBagMan/Equipment/ID_AFL_ZenKoan.ID_AFL_ZenKoan,/Script/Engine.Blueprint,1299,1299,0,0,2509
/AFLBagMan/Equipment/WID_AFL_Akuma.WID_AFL_Akuma,/Script/Engine.Blueprint,696,696,0,0,1136
/AFLBagMan/Equipment/WID_AFL_Arclight.WID_AFL_Arclight,/Script/Engine.Blueprint,697,697,0,0,1138
/AFLBagMan/Equipment/WID_AFL_Aria.WID_AFL_Aria,/Script/Engine.Blueprint,708,708,0,0,1137
/AFLBagMan/Equipment/WID_AFL_Astra.WID_AFL_Astra,/Script/Engine.Blueprint,711,711,0,0,1147
/AFLBagMan/Equipment/WID_AFL_Aurelia.WID_AFL_Aurelia,/Script/Engine.Blueprint,709,709,0,0,1151
/AFLBagMan/Equipment/WID_AFL_Azura.WID_AFL_Azura,/Script/Engine.Blueprint,703,703,0,0,1147
/AFLBagMan/Equipment/WID_AFL_BeamCutter.WID_AFL_BeamCutter,/Script/Engine.Blueprint,682,682,0,0,1144
/AFLBagMan/Equipment/WID_AFL_BigSixx.WID_AFL_BigSixx,/Script/Engine.Blueprint,688,688,0,0,1122
/AFLBagMan/Equipment/WID_AFL_Breachbolt.WID_AFL_Breachbolt,/Script/Engine.Blueprint,702,702,0,0,1157
/AFLBagMan/Equipment/WID_AFL_Breacher.WID_AFL_Breacher,/Script/Engine.Blueprint,686,686,0,0,1138
/AFLBagMan/Equipment/WID_AFL_Cielo.WID_AFL_Cielo,/Script/Engine.Blueprint,710,710,0,0,1147
/AFLBagMan/Equipment/WID_AFL_Coralis.WID_AFL_Coralis,/Script/Engine.Blueprint,692,692,0,0,1128
/AFLBagMan/Equipment/WID_AFL_DE42.WID_AFL_DE42,/Script/Engine.Blueprint,680,680,0,0,1082
/AFLBagMan/Equipment/WID_AFL_Draco.WID_AFL_Draco,/Script/Engine.Blueprint,692,692,0,0,1118
/AFLBagMan/Equipment/WID_AFL_Duskbeam.WID_AFL_Duskbeam,/Script/Engine.Blueprint,689,689,0,0,1131
/AFLBagMan/Equipment/WID_AFL_Ember.WID_AFL_Ember,/Script/Engine.Blueprint,703,703,0,0,1150
/AFLBagMan/Equipment/WID_AFL_Emberpulse.WID_AFL_Emberpulse,/Script/Engine.Blueprint,692,692,0,0,1143
/AFLBagMan/Equipment/WID_AFL_EMP.WID_AFL_EMP,/Script/Engine.Blueprint,677,677,0,0,1105
/AFLBagMan/Equipment/WID_AFL_FANATICS.WID_AFL_FANATICS,/Script/Engine.Blueprint,693,693,0,0,1138
/AFLBagMan/Equipment/WID_AFL_Flak.WID_AFL_Flak,/Script/Engine.Blueprint,681,681,0,0,1118
/AFLBagMan/Equipment/WID_AFL_GTM.WID_AFL_GTM,/Script/Engine.Blueprint,675,675,0,0,1112
/AFLBagMan/Equipment/WID_AFL_HALO.WID_AFL_HALO,/Script/Engine.Blueprint,687,687,0,0,1114
/AFLBagMan/Equipment/WID_AFL_HandCannon_DRAGON_SOUL_L.WID_AFL_HandCannon_DRAGON_SOUL_L,/Script/Engine.Blueprint,740,740,0,0,1244
/AFLBagMan/Equipment/WID_AFL_HandCannon_DRAGON_SOUL_NeonBlue_L.WID_AFL_HandCannon_DRAGON_SOUL_NeonBlue_L,/Script/Engine.Blueprint,752,752,0,0,1277
/AFLBagMan/Equipment/WID_AFL_HandCannon_DRAGON_SOUL_NeonBlue_R.WID_AFL_HandCannon_DRAGON_SOUL_NeonBlue_R,/Script/Engine.Blueprint,747,747,0,0,1277
/AFLBagMan/Equipment/WID_AFL_HandCannon_DRAGON_SOUL_NeonBlue_XT.WID_AFL_HandCannon_DRAGON_SOUL_NeonBlue_XT,/Script/Engine.Blueprint,860,860,0,0,1573
/AFLBagMan/Equipment/WID_AFL_HandCannon_DRAGON_SOUL_NeonGreen_L.WID_AFL_HandCannon_DRAGON_SOUL_NeonGreen_L,/Script/Engine.Blueprint,751,751,0,0,1286
/AFLBagMan/Equipment/WID_AFL_HandCannon_DRAGON_SOUL_NeonGreen_R.WID_AFL_HandCannon_DRAGON_SOUL_NeonGreen_R,/Script/Engine.Blueprint,747,747,0,0,1286
/AFLBagMan/Equipment/WID_AFL_HandCannon_DRAGON_SOUL_NeonGreen_XT.WID_AFL_HandCannon_DRAGON_SOUL_NeonGreen_XT,/Script/Engine.Blueprint,866,866,0,0,1575
/AFLBagMan/Equipment/WID_AFL_HandCannon_DRAGON_SOUL_NeonPink_L.WID_AFL_HandCannon_DRAGON_SOUL_NeonPink_L,/Script/Engine.Blueprint,754,754,0,0,1277
/AFLBagMan/Equipment/WID_AFL_HandCannon_DRAGON_SOUL_NeonPink_R.WID_AFL_HandCannon_DRAGON_SOUL_NeonPink_R,/Script/Engine.Blueprint,748,748,0,0,1277
/AFLBagMan/Equipment/WID_AFL_HandCannon_DRAGON_SOUL_NeonPink_XT.WID_AFL_HandCannon_DRAGON_SOUL_NeonPink_XT,/Script/Engine.Blueprint,862,862,0,0,1573
/AFLBagMan/Equipment/WID_AFL_HandCannon_DRAGON_SOUL_NeonPurple_L.WID_AFL_HandCannon_DRAGON_SOUL_NeonPurple_L,/Script/Engine.Blueprint,752,752,0,0,1287
/AFLBagMan/Equipment/WID_AFL_HandCannon_DRAGON_SOUL_NeonPurple_R.WID_AFL_HandCannon_DRAGON_SOUL_NeonPurple_R,/Script/Engine.Blueprint,755,755,0,0,1287
/AFLBagMan/Equipment/WID_AFL_HandCannon_DRAGON_SOUL_NeonPurple_XT.WID_AFL_HandCannon_DRAGON_SOUL_NeonPurple_XT,/Script/Engine.Blueprint,863,863,0,0,1585
/AFLBagMan/Equipment/WID_AFL_HandCannon_DRAGON_SOUL_NeonRed_L.WID_AFL_HandCannon_DRAGON_SOUL_NeonRed_L,/Script/Engine.Blueprint,752,752,0,0,1276
/AFLBagMan/Equipment/WID_AFL_HandCannon_DRAGON_SOUL_NeonRed_R.WID_AFL_HandCannon_DRAGON_SOUL_NeonRed_R,/Script/Engine.Blueprint,746,746,0,0,1276
/AFLBagMan/Equipment/WID_AFL_HandCannon_DRAGON_SOUL_NeonRed_XT.WID_AFL_HandCannon_DRAGON_SOUL_NeonRed_XT,/Script/Engine.Blueprint,864,864,0,0,1571
/AFLBagMan/Equipment/WID_AFL_HandCannon_DRAGON_SOUL_NeonYellow_L.WID_AFL_HandCannon_DRAGON_SOUL_NeonYellow_L,/Script/Engine.Blueprint,751,751,0,0,1287
/AFLBagMan/Equipment/WID_AFL_HandCannon_DRAGON_SOUL_NeonYellow_R.WID_AFL_HandCannon_DRAGON_SOUL_NeonYellow_R,/Script/Engine.Blueprint,755,755,0,0,1287
/AFLBagMan/Equipment/WID_AFL_HandCannon_DRAGON_SOUL_NeonYellow_XT.WID_AFL_HandCannon_DRAGON_SOUL_NeonYellow_XT,/Script/Engine.Blueprint,862,862,0,0,1585
/AFLBagMan/Equipment/WID_AFL_HandCannon_DRAGON_SOUL_R.WID_AFL_HandCannon_DRAGON_SOUL_R,/Script/Engine.Blueprint,743,743,0,0,1244
/AFLBagMan/Equipment/WID_AFL_HandCannon_DRAGON_SOUL_XT.WID_AFL_HandCannon_DRAGON_SOUL_XT,/Script/Engine.Blueprint,853,853,0,0,1531
/AFLBagMan/Equipment/WID_AFL_HandCannon_FANATICS2_NeonBlue_L.WID_AFL_HandCannon_FANATICS2_NeonBlue_L,/Script/Engine.Blueprint,738,738,0,0,1275
/AFLBagMan/Equipment/WID_AFL_HandCannon_FANATICS2_NeonBlue_R.WID_AFL_HandCannon_FANATICS2_NeonBlue_R,/Script/Engine.Blueprint,742,742,0,0,1275
/AFLBagMan/Equipment/WID_AFL_HandCannon_FANATICS2_NeonBlue_XT.WID_AFL_HandCannon_FANATICS2_NeonBlue_XT,/Script/Engine.Blueprint,850,850,0,0,1561
/AFLBagMan/Equipment/WID_AFL_HandCannon_FANATICS2_NeonGreen_L.WID_AFL_HandCannon_FANATICS2_NeonGreen_L,/Script/Engine.Blueprint,745,745,0,0,1276
/AFLBagMan/Equipment/WID_AFL_HandCannon_FANATICS2_NeonGreen_R.WID_AFL_HandCannon_FANATICS2_NeonGreen_R,/Script/Engine.Blueprint,744,744,0,0,1276
/AFLBagMan/Equipment/WID_AFL_HandCannon_FANATICS2_NeonGreen_XT.WID_AFL_HandCannon_FANATICS2_NeonGreen_XT,/Script/Engine.Blueprint,859,859,0,0,1571
/AFLBagMan/Equipment/WID_AFL_HandCannon_FANATICS2_NeonPink_L.WID_AFL_HandCannon_FANATICS2_NeonPink_L,/Script/Engine.Blueprint,744,744,0,0,1275
/AFLBagMan/Equipment/WID_AFL_HandCannon_FANATICS2_NeonPink_R.WID_AFL_HandCannon_FANATICS2_NeonPink_R,/Script/Engine.Blueprint,740,740,0,0,1275
/AFLBagMan/Equipment/WID_AFL_HandCannon_FANATICS2_NeonPink_XT.WID_AFL_HandCannon_FANATICS2_NeonPink_XT,/Script/Engine.Blueprint,854,854,0,0,1561
/AFLBagMan/Equipment/WID_AFL_HandCannon_FANATICS2_NeonPurple_L.WID_AFL_HandCannon_FANATICS2_NeonPurple_L,/Script/Engine.Blueprint,742,742,0,0,1277
/AFLBagMan/Equipment/WID_AFL_HandCannon_FANATICS2_NeonPurple_R.WID_AFL_HandCannon_FANATICS2_NeonPurple_R,/Script/Engine.Blueprint,745,745,0,0,1277
/AFLBagMan/Equipment/WID_AFL_HandCannon_FANATICS2_NeonPurple_XT.WID_AFL_HandCannon_FANATICS2_NeonPurple_XT,/Script/Engine.Blueprint,851,851,0,0,1573
/AFLBagMan/Equipment/WID_AFL_HandCannon_FANATICS2_NeonRed_L.WID_AFL_HandCannon_FANATICS2_NeonRed_L,/Script/Engine.Blueprint,739,739,0,0,1266
/AFLBagMan/Equipment/WID_AFL_HandCannon_FANATICS2_NeonRed_R.WID_AFL_HandCannon_FANATICS2_NeonRed_R,/Script/Engine.Blueprint,742,742,0,0,1266
/AFLBagMan/Equipment/WID_AFL_HandCannon_FANATICS2_NeonRed_XT.WID_AFL_HandCannon_FANATICS2_NeonRed_XT,/Script/Engine.Blueprint,850,850,0,0,1559
/AFLBagMan/Equipment/WID_AFL_HandCannon_FANATICS2_NeonYellow_L.WID_AFL_HandCannon_FANATICS2_NeonYellow_L,/Script/Engine.Blueprint,742,742,0,0,1277
/AFLBagMan/Equipment/WID_AFL_HandCannon_FANATICS2_NeonYellow_R.WID_AFL_HandCannon_FANATICS2_NeonYellow_R,/Script/Engine.Blueprint,740,740,0,0,1277
/AFLBagMan/Equipment/WID_AFL_HandCannon_FANATICS2_NeonYellow_XT.WID_AFL_HandCannon_FANATICS2_NeonYellow_XT,/Script/Engine.Blueprint,851,851,0,0,1573
/AFLBagMan/Equipment/WID_AFL_HandCannon_FANATICS_L.WID_AFL_HandCannon_FANATICS_L,/Script/Engine.Blueprint,734,734,0,0,1233
/AFLBagMan/Equipment/WID_AFL_HandCannon_FANATICS_R.WID_AFL_HandCannon_FANATICS_R,/Script/Engine.Blueprint,733,733,0,0,1233
/AFLBagMan/Equipment/WID_AFL_HandCannon_FANATICS_XT.WID_AFL_HandCannon_FANATICS_XT,/Script/Engine.Blueprint,846,846,0,0,1517
/AFLBagMan/Equipment/WID_AFL_HandCannon_FUTURE_WARRIOR_L.WID_AFL_HandCannon_FUTURE_WARRIOR_L,/Script/Engine.Blueprint,744,744,0,0,1255
/AFLBagMan/Equipment/WID_AFL_HandCannon_FUTURE_WARRIOR_NeonBlue_L.WID_AFL_HandCannon_FUTURE_WARRIOR_NeonBlue_L,/Script/Engine.Blueprint,751,751,0,0,1288
/AFLBagMan/Equipment/WID_AFL_HandCannon_FUTURE_WARRIOR_NeonBlue_R.WID_AFL_HandCannon_FUTURE_WARRIOR_NeonBlue_R,/Script/Engine.Blueprint,751,751,0,0,1288
/AFLBagMan/Equipment/WID_AFL_HandCannon_FUTURE_WARRIOR_NeonBlue_XT.WID_AFL_HandCannon_FUTURE_WARRIOR_NeonBlue_XT,/Script/Engine.Blueprint,866,866,0,0,1587
/AFLBagMan/Equipment/WID_AFL_HandCannon_FUTURE_WARRIOR_NeonGreen_L.WID_AFL_HandCannon_FUTURE_WARRIOR_NeonGreen_L,/Script/Engine.Blueprint,754,754,0,0,1297
/AFLBagMan/Equipment/WID_AFL_HandCannon_FUTURE_WARRIOR_NeonGreen_R.WID_AFL_HandCannon_FUTURE_WARRIOR_NeonGreen_R,/Script/Engine.Blueprint,757,757,0,0,1297
/AFLBagMan/Equipment/WID_AFL_HandCannon_FUTURE_WARRIOR_NeonGreen_XT.WID_AFL_HandCannon_FUTURE_WARRIOR_NeonGreen_XT,/Script/Engine.Blueprint,865,865,0,0,1597
/AFLBagMan/Equipment/WID_AFL_HandCannon_FUTURE_WARRIOR_NeonPink_L.WID_AFL_HandCannon_FUTURE_WARRIOR_NeonPink_L,/Script/Engine.Blueprint,751,751,0,0,1288
/AFLBagMan/Equipment/WID_AFL_HandCannon_FUTURE_WARRIOR_NeonPink_R.WID_AFL_HandCannon_FUTURE_WARRIOR_NeonPink_R,/Script/Engine.Blueprint,750,750,0,0,1288
/AFLBagMan/Equipment/WID_AFL_HandCannon_FUTURE_WARRIOR_NeonPink_XT.WID_AFL_HandCannon_FUTURE_WARRIOR_NeonPink_XT,/Script/Engine.Blueprint,869,869,0,0,1587
/AFLBagMan/Equipment/WID_AFL_HandCannon_FUTURE_WARRIOR_NeonPurple_L.WID_AFL_HandCannon_FUTURE_WARRIOR_NeonPurple_L,/Script/Engine.Blueprint,757,757,0,0,1298
/AFLBagMan/Equipment/WID_AFL_HandCannon_FUTURE_WARRIOR_NeonPurple_R.WID_AFL_HandCannon_FUTURE_WARRIOR_NeonPurple_R,/Script/Engine.Blueprint,754,754,0,0,1298
/AFLBagMan/Equipment/WID_AFL_HandCannon_FUTURE_WARRIOR_NeonPurple_XT.WID_AFL_HandCannon_FUTURE_WARRIOR_NeonPurple_XT,/Script/Engine.Blueprint,871,871,0,0,1599
/AFLBagMan/Equipment/WID_AFL_HandCannon_FUTURE_WARRIOR_NeonRed_L.WID_AFL_HandCannon_FUTURE_WARRIOR_NeonRed_L,/Script/Engine.Blueprint,752,752,0,0,1287
/AFLBagMan/Equipment/WID_AFL_HandCannon_FUTURE_WARRIOR_NeonRed_R.WID_AFL_HandCannon_FUTURE_WARRIOR_NeonRed_R,/Script/Engine.Blueprint,755,755,0,0,1287
/AFLBagMan/Equipment/WID_AFL_HandCannon_FUTURE_WARRIOR_NeonRed_XT.WID_AFL_HandCannon_FUTURE_WARRIOR_NeonRed_XT,/Script/Engine.Blueprint,863,863,0,0,1585
/AFLBagMan/Equipment/WID_AFL_HandCannon_FUTURE_WARRIOR_NeonYellow_L.WID_AFL_HandCannon_FUTURE_WARRIOR_NeonYellow_L,/Script/Engine.Blueprint,757,757,0,0,1298
/AFLBagMan/Equipment/WID_AFL_HandCannon_FUTURE_WARRIOR_NeonYellow_R.WID_AFL_HandCannon_FUTURE_WARRIOR_NeonYellow_R,/Script/Engine.Blueprint,754,754,0,0,1298
/AFLBagMan/Equipment/WID_AFL_HandCannon_FUTURE_WARRIOR_NeonYellow_XT.WID_AFL_HandCannon_FUTURE_WARRIOR_NeonYellow_XT,/Script/Engine.Blueprint,871,871,0,0,1599
/AFLBagMan/Equipment/WID_AFL_HandCannon_FUTURE_WARRIOR_R.WID_AFL_HandCannon_FUTURE_WARRIOR_R,/Script/Engine.Blueprint,746,746,0,0,1255
/AFLBagMan/Equipment/WID_AFL_HandCannon_FUTURE_WARRIOR_XT.WID_AFL_HandCannon_FUTURE_WARRIOR_XT,/Script/Engine.Blueprint,855,855,0,0,1545
/AFLBagMan/Equipment/WID_AFL_HandCannon_IRONICS_L.WID_AFL_HandCannon_IRONICS_L,/Script/Engine.Blueprint,736,736,0,0,1224
/AFLBagMan/Equipment/WID_AFL_HandCannon_IRONICS_NeonBlue_L.WID_AFL_HandCannon_IRONICS_NeonBlue_L,/Script/Engine.Blueprint,750,750,0,0,1265
/AFLBagMan/Equipment/WID_AFL_HandCannon_IRONICS_NeonBlue_R.WID_AFL_HandCannon_IRONICS_NeonBlue_R,/Script/Engine.Blueprint,744,744,0,0,1265
/AFLBagMan/Equipment/WID_AFL_HandCannon_IRONICS_NeonBlue_XT.WID_AFL_HandCannon_IRONICS_NeonBlue_XT,/Script/Engine.Blueprint,859,859,0,0,1557
/AFLBagMan/Equipment/WID_AFL_HandCannon_IRONICS_NeonGreen_L.WID_AFL_HandCannon_IRONICS_NeonGreen_L,/Script/Engine.Blueprint,747,747,0,0,1266
/AFLBagMan/Equipment/WID_AFL_HandCannon_IRONICS_NeonGreen_R.WID_AFL_HandCannon_IRONICS_NeonGreen_R,/Script/Engine.Blueprint,750,750,0,0,1266
/AFLBagMan/Equipment/WID_AFL_HandCannon_IRONICS_NeonGreen_XT.WID_AFL_HandCannon_IRONICS_NeonGreen_XT,/Script/Engine.Blueprint,858,858,0,0,1559
/AFLBagMan/Equipment/WID_AFL_HandCannon_IRONICS_NeonPink_L.WID_AFL_HandCannon_IRONICS_NeonPink_L,/Script/Engine.Blueprint,750,750,0,0,1265
/AFLBagMan/Equipment/WID_AFL_HandCannon_IRONICS_NeonPink_R.WID_AFL_HandCannon_IRONICS_NeonPink_R,/Script/Engine.Blueprint,749,749,0,0,1265
/AFLBagMan/Equipment/WID_AFL_HandCannon_IRONICS_NeonPink_XT.WID_AFL_HandCannon_IRONICS_NeonPink_XT,/Script/Engine.Blueprint,860,860,0,0,1557
/AFLBagMan/Equipment/WID_AFL_HandCannon_IRONICS_NeonPurple_L.WID_AFL_HandCannon_IRONICS_NeonPurple_L,/Script/Engine.Blueprint,751,751,0,0,1275
/AFLBagMan/Equipment/WID_AFL_HandCannon_IRONICS_NeonPurple_R.WID_AFL_HandCannon_IRONICS_NeonPurple_R,/Script/Engine.Blueprint,751,751,0,0,1275
/AFLBagMan/Equipment/WID_AFL_HandCannon_IRONICS_NeonPurple_XT.WID_AFL_HandCannon_IRONICS_NeonPurple_XT,/Script/Engine.Blueprint,864,864,0,0,1561
/AFLBagMan/Equipment/WID_AFL_HandCannon_IRONICS_NeonRed_L.WID_AFL_HandCannon_IRONICS_NeonRed_L,/Script/Engine.Blueprint,746,746,0,0,1256
/AFLBagMan/Equipment/WID_AFL_HandCannon_IRONICS_NeonRed_R.WID_AFL_HandCannon_IRONICS_NeonRed_R,/Script/Engine.Blueprint,743,743,0,0,1256
/AFLBagMan/Equipment/WID_AFL_HandCannon_IRONICS_NeonRed_XT.WID_AFL_HandCannon_IRONICS_NeonRed_XT,/Script/Engine.Blueprint,858,858,0,0,1547
/AFLBagMan/Equipment/WID_AFL_HandCannon_IRONICS_NeonYellow_L.WID_AFL_HandCannon_IRONICS_NeonYellow_L,/Script/Engine.Blueprint,746,746,0,0,1275
/AFLBagMan/Equipment/WID_AFL_HandCannon_IRONICS_NeonYellow_R.WID_AFL_HandCannon_IRONICS_NeonYellow_R,/Script/Engine.Blueprint,751,751,0,0,1275
/AFLBagMan/Equipment/WID_AFL_HandCannon_IRONICS_NeonYellow_XT.WID_AFL_HandCannon_IRONICS_NeonYellow_XT,/Script/Engine.Blueprint,860,860,0,0,1561
/AFLBagMan/Equipment/WID_AFL_HandCannon_IRONICS_R.WID_AFL_HandCannon_IRONICS_R,/Script/Engine.Blueprint,734,734,0,0,1224
/AFLBagMan/Equipment/WID_AFL_HandCannon_IRONICS_XT.WID_AFL_HandCannon_IRONICS_XT,/Script/Engine.Blueprint,852,852,0,0,1507
/AFLBagMan/Equipment/WID_AFL_HandCannon_JAGUAR_NEON_L.WID_AFL_HandCannon_JAGUAR_NEON_L,/Script/Engine.Blueprint,745,745,0,0,1244
/AFLBagMan/Equipment/WID_AFL_HandCannon_JAGUAR_NEON_NeonBlue_L.WID_AFL_HandCannon_JAGUAR_NEON_NeonBlue_L,/Script/Engine.Blueprint,748,748,0,0,1277
/AFLBagMan/Equipment/WID_AFL_HandCannon_JAGUAR_NEON_NeonBlue_R.WID_AFL_HandCannon_JAGUAR_NEON_NeonBlue_R,/Script/Engine.Blueprint,747,747,0,0,1277
/AFLBagMan/Equipment/WID_AFL_HandCannon_JAGUAR_NEON_NeonBlue_XT.WID_AFL_HandCannon_JAGUAR_NEON_NeonBlue_XT,/Script/Engine.Blueprint,862,862,0,0,1573
/AFLBagMan/Equipment/WID_AFL_HandCannon_JAGUAR_NEON_NeonGreen_L.WID_AFL_HandCannon_JAGUAR_NEON_NeonGreen_L,/Script/Engine.Blueprint,749,749,0,0,1286
/AFLBagMan/Equipment/WID_AFL_HandCannon_JAGUAR_NEON_NeonGreen_R.WID_AFL_HandCannon_JAGUAR_NEON_NeonGreen_R,/Script/Engine.Blueprint,751,751,0,0,1286
/AFLBagMan/Equipment/WID_AFL_HandCannon_JAGUAR_NEON_NeonGreen_XT.WID_AFL_HandCannon_JAGUAR_NEON_NeonGreen_XT,/Script/Engine.Blueprint,862,862,0,0,1575
/AFLBagMan/Equipment/WID_AFL_HandCannon_JAGUAR_NEON_NeonPink_L.WID_AFL_HandCannon_JAGUAR_NEON_NeonPink_L,/Script/Engine.Blueprint,754,754,0,0,1277
/AFLBagMan/Equipment/WID_AFL_HandCannon_JAGUAR_NEON_NeonPink_R.WID_AFL_HandCannon_JAGUAR_NEON_NeonPink_R,/Script/Engine.Blueprint,752,752,0,0,1277
/AFLBagMan/Equipment/WID_AFL_HandCannon_JAGUAR_NEON_NeonPink_XT.WID_AFL_HandCannon_JAGUAR_NEON_NeonPink_XT,/Script/Engine.Blueprint,864,864,0,0,1573
/AFLBagMan/Equipment/WID_AFL_HandCannon_JAGUAR_NEON_NeonPurple_L.WID_AFL_HandCannon_JAGUAR_NEON_NeonPurple_L,/Script/Engine.Blueprint,752,752,0,0,1287
/AFLBagMan/Equipment/WID_AFL_HandCannon_JAGUAR_NEON_NeonPurple_R.WID_AFL_HandCannon_JAGUAR_NEON_NeonPurple_R,/Script/Engine.Blueprint,750,750,0,0,1287
/AFLBagMan/Equipment/WID_AFL_HandCannon_JAGUAR_NEON_NeonPurple_XT.WID_AFL_HandCannon_JAGUAR_NEON_NeonPurple_XT,/Script/Engine.Blueprint,868,868,0,0,1585
/AFLBagMan/Equipment/WID_AFL_HandCannon_JAGUAR_NEON_NeonRed_L.WID_AFL_HandCannon_JAGUAR_NEON_NeonRed_L,/Script/Engine.Blueprint,749,749,0,0,1276
/AFLBagMan/Equipment/WID_AFL_HandCannon_JAGUAR_NEON_NeonRed_R.WID_AFL_HandCannon_JAGUAR_NEON_NeonRed_R,/Script/Engine.Blueprint,752,752,0,0,1276
/AFLBagMan/Equipment/WID_AFL_HandCannon_JAGUAR_NEON_NeonRed_XT.WID_AFL_HandCannon_JAGUAR_NEON_NeonRed_XT,/Script/Engine.Blueprint,861,861,0,0,1571
/AFLBagMan/Equipment/WID_AFL_HandCannon_JAGUAR_NEON_NeonYellow_L.WID_AFL_HandCannon_JAGUAR_NEON_NeonYellow_L,/Script/Engine.Blueprint,752,752,0,0,1287
/AFLBagMan/Equipment/WID_AFL_HandCannon_JAGUAR_NEON_NeonYellow_R.WID_AFL_HandCannon_JAGUAR_NEON_NeonYellow_R,/Script/Engine.Blueprint,750,750,0,0,1287
/AFLBagMan/Equipment/WID_AFL_HandCannon_JAGUAR_NEON_NeonYellow_XT.WID_AFL_HandCannon_JAGUAR_NEON_NeonYellow_XT,/Script/Engine.Blueprint,868,868,0,0,1585
/AFLBagMan/Equipment/WID_AFL_HandCannon_JAGUAR_NEON_R.WID_AFL_HandCannon_JAGUAR_NEON_R,/Script/Engine.Blueprint,739,739,0,0,1244
/AFLBagMan/Equipment/WID_AFL_HandCannon_JAGUAR_NEON_XT.WID_AFL_HandCannon_JAGUAR_NEON_XT,/Script/Engine.Blueprint,856,856,0,0,1531
/AFLBagMan/Equipment/WID_AFL_HandCannon_RUN_IT_BACK_L.WID_AFL_HandCannon_RUN_IT_BACK_L,/Script/Engine.Blueprint,744,744,0,0,1244
/AFLBagMan/Equipment/WID_AFL_HandCannon_RUN_IT_BACK_NeonBlue_L.WID_AFL_HandCannon_RUN_IT_BACK_NeonBlue_L,/Script/Engine.Blueprint,752,752,0,0,1277
/AFLBagMan/Equipment/WID_AFL_HandCannon_RUN_IT_BACK_NeonBlue_R.WID_AFL_HandCannon_RUN_IT_BACK_NeonBlue_R,/Script/Engine.Blueprint,751,751,0,0,1277
/AFLBagMan/Equipment/WID_AFL_HandCannon_RUN_IT_BACK_NeonBlue_XT.WID_AFL_HandCannon_RUN_IT_BACK_NeonBlue_XT,/Script/Engine.Blueprint,861,861,0,0,1573
/AFLBagMan/Equipment/WID_AFL_HandCannon_RUN_IT_BACK_NeonGreen_L.WID_AFL_HandCannon_RUN_IT_BACK_NeonGreen_L,/Script/Engine.Blueprint,752,752,0,0,1286
/AFLBagMan/Equipment/WID_AFL_HandCannon_RUN_IT_BACK_NeonGreen_R.WID_AFL_HandCannon_RUN_IT_BACK_NeonGreen_R,/Script/Engine.Blueprint,747,747,0,0,1286
/AFLBagMan/Equipment/WID_AFL_HandCannon_RUN_IT_BACK_NeonGreen_XT.WID_AFL_HandCannon_RUN_IT_BACK_NeonGreen_XT,/Script/Engine.Blueprint,864,864,0,0,1575
/AFLBagMan/Equipment/WID_AFL_HandCannon_RUN_IT_BACK_NeonPink_L.WID_AFL_HandCannon_RUN_IT_BACK_NeonPink_L,/Script/Engine.Blueprint,754,754,0,0,1277
/AFLBagMan/Equipment/WID_AFL_HandCannon_RUN_IT_BACK_NeonPink_R.WID_AFL_HandCannon_RUN_IT_BACK_NeonPink_R,/Script/Engine.Blueprint,748,748,0,0,1277
/AFLBagMan/Equipment/WID_AFL_HandCannon_RUN_IT_BACK_NeonPink_XT.WID_AFL_HandCannon_RUN_IT_BACK_NeonPink_XT,/Script/Engine.Blueprint,862,862,0,0,1573
/AFLBagMan/Equipment/WID_AFL_HandCannon_RUN_IT_BACK_NeonPurple_L.WID_AFL_HandCannon_RUN_IT_BACK_NeonPurple_L,/Script/Engine.Blueprint,753,753,0,0,1287
/AFLBagMan/Equipment/WID_AFL_HandCannon_RUN_IT_BACK_NeonPurple_R.WID_AFL_HandCannon_RUN_IT_BACK_NeonPurple_R,/Script/Engine.Blueprint,754,754,0,0,1287
/AFLBagMan/Equipment/WID_AFL_HandCannon_RUN_IT_BACK_NeonPurple_XT.WID_AFL_HandCannon_RUN_IT_BACK_NeonPurple_XT,/Script/Engine.Blueprint,866,866,0,0,1585
/AFLBagMan/Equipment/WID_AFL_HandCannon_RUN_IT_BACK_NeonRed_L.WID_AFL_HandCannon_RUN_IT_BACK_NeonRed_L,/Script/Engine.Blueprint,752,752,0,0,1276
/AFLBagMan/Equipment/WID_AFL_HandCannon_RUN_IT_BACK_NeonRed_R.WID_AFL_HandCannon_RUN_IT_BACK_NeonRed_R,/Script/Engine.Blueprint,747,747,0,0,1276
/AFLBagMan/Equipment/WID_AFL_HandCannon_RUN_IT_BACK_NeonRed_XT.WID_AFL_HandCannon_RUN_IT_BACK_NeonRed_XT,/Script/Engine.Blueprint,865,865,0,0,1571
/AFLBagMan/Equipment/WID_AFL_HandCannon_RUN_IT_BACK_NeonYellow_L.WID_AFL_HandCannon_RUN_IT_BACK_NeonYellow_L,/Script/Engine.Blueprint,755,755,0,0,1287
/AFLBagMan/Equipment/WID_AFL_HandCannon_RUN_IT_BACK_NeonYellow_R.WID_AFL_HandCannon_RUN_IT_BACK_NeonYellow_R,/Script/Engine.Blueprint,751,751,0,0,1287
/AFLBagMan/Equipment/WID_AFL_HandCannon_RUN_IT_BACK_NeonYellow_XT.WID_AFL_HandCannon_RUN_IT_BACK_NeonYellow_XT,/Script/Engine.Blueprint,868,868,0,0,1585
/AFLBagMan/Equipment/WID_AFL_HandCannon_RUN_IT_BACK_R.WID_AFL_HandCannon_RUN_IT_BACK_R,/Script/Engine.Blueprint,744,744,0,0,1244
/AFLBagMan/Equipment/WID_AFL_HandCannon_RUN_IT_BACK_XT.WID_AFL_HandCannon_RUN_IT_BACK_XT,/Script/Engine.Blueprint,859,859,0,0,1531
/AFLBagMan/Equipment/WID_AFL_HandCannon_SIMULARENT_L.WID_AFL_HandCannon_SIMULARENT_L,/Script/Engine.Blueprint,737,737,0,0,1243
/AFLBagMan/Equipment/WID_AFL_HandCannon_SIMULARENT_NeonBlue_L.WID_AFL_HandCannon_SIMULARENT_NeonBlue_L,/Script/Engine.Blueprint,752,752,0,0,1276
/AFLBagMan/Equipment/WID_AFL_HandCannon_SIMULARENT_NeonBlue_R.WID_AFL_HandCannon_SIMULARENT_NeonBlue_R,/Script/Engine.Blueprint,747,747,0,0,1276
/AFLBagMan/Equipment/WID_AFL_HandCannon_SIMULARENT_NeonBlue_XT.WID_AFL_HandCannon_SIMULARENT_NeonBlue_XT,/Script/Engine.Blueprint,864,864,0,0,1571
/AFLBagMan/Equipment/WID_AFL_HandCannon_SIMULARENT_NeonGreen_L.WID_AFL_HandCannon_SIMULARENT_NeonGreen_L,/Script/Engine.Blueprint,750,750,0,0,1277
/AFLBagMan/Equipment/WID_AFL_HandCannon_SIMULARENT_NeonGreen_R.WID_AFL_HandCannon_SIMULARENT_NeonGreen_R,/Script/Engine.Blueprint,748,748,0,0,1277
/AFLBagMan/Equipment/WID_AFL_HandCannon_SIMULARENT_NeonGreen_XT.WID_AFL_HandCannon_SIMULARENT_NeonGreen_XT,/Script/Engine.Blueprint,860,860,0,0,1573
/AFLBagMan/Equipment/WID_AFL_HandCannon_SIMULARENT_NeonPink_L.WID_AFL_HandCannon_SIMULARENT_NeonPink_L,/Script/Engine.Blueprint,752,752,0,0,1276
/AFLBagMan/Equipment/WID_AFL_HandCannon_SIMULARENT_NeonPink_R.WID_AFL_HandCannon_SIMULARENT_NeonPink_R,/Script/Engine.Blueprint,752,752,0,0,1276
/AFLBagMan/Equipment/WID_AFL_HandCannon_SIMULARENT_NeonPink_XT.WID_AFL_HandCannon_SIMULARENT_NeonPink_XT,/Script/Engine.Blueprint,865,865,0,0,1571
/AFLBagMan/Equipment/WID_AFL_HandCannon_SIMULARENT_NeonPurple_L.WID_AFL_HandCannon_SIMULARENT_NeonPurple_L,/Script/Engine.Blueprint,751,751,0,0,1286
/AFLBagMan/Equipment/WID_AFL_HandCannon_SIMULARENT_NeonPurple_R.WID_AFL_HandCannon_SIMULARENT_NeonPurple_R,/Script/Engine.Blueprint,750,750,0,0,1286
/AFLBagMan/Equipment/WID_AFL_HandCannon_SIMULARENT_NeonPurple_XT.WID_AFL_HandCannon_SIMULARENT_NeonPurple_XT,/Script/Engine.Blueprint,866,866,0,0,1575
/AFLBagMan/Equipment/WID_AFL_HandCannon_SIMULARENT_NeonRed_L.WID_AFL_HandCannon_SIMULARENT_NeonRed_L,/Script/Engine.Blueprint,746,746,0,0,1275
/AFLBagMan/Equipment/WID_AFL_HandCannon_SIMULARENT_NeonRed_R.WID_AFL_HandCannon_SIMULARENT_NeonRed_R,/Script/Engine.Blueprint,749,749,0,0,1275
/AFLBagMan/Equipment/WID_AFL_HandCannon_SIMULARENT_NeonRed_XT.WID_AFL_HandCannon_SIMULARENT_NeonRed_XT,/Script/Engine.Blueprint,860,860,0,0,1561
/AFLBagMan/Equipment/WID_AFL_HandCannon_SIMULARENT_NeonYellow_L.WID_AFL_HandCannon_SIMULARENT_NeonYellow_L,/Script/Engine.Blueprint,751,751,0,0,1286
/AFLBagMan/Equipment/WID_AFL_HandCannon_SIMULARENT_NeonYellow_R.WID_AFL_HandCannon_SIMULARENT_NeonYellow_R,/Script/Engine.Blueprint,750,750,0,0,1286
/AFLBagMan/Equipment/WID_AFL_HandCannon_SIMULARENT_NeonYellow_XT.WID_AFL_HandCannon_SIMULARENT_NeonYellow_XT,/Script/Engine.Blueprint,866,866,0,0,1575
/AFLBagMan/Equipment/WID_AFL_HandCannon_SIMULARENT_R.WID_AFL_HandCannon_SIMULARENT_R,/Script/Engine.Blueprint,738,738,0,0,1243
/AFLBagMan/Equipment/WID_AFL_HandCannon_SIMULARENT_XT.WID_AFL_HandCannon_SIMULARENT_XT,/Script/Engine.Blueprint,854,854,0,0,1521
/AFLBagMan/Equipment/WID_AFL_Homer.WID_AFL_Homer,/Script/Engine.Blueprint,689,689,0,0,1125
/AFLBagMan/Equipment/WID_AFL_Ioncaster.WID_AFL_Ioncaster,/Script/Engine.Blueprint,707,707,0,0,1172
/AFLBagMan/Equipment/WID_AFL_Judge45.WID_AFL_Judge45,/Script/Engine.Blueprint,685,685,0,0,1096
/AFLBagMan/Equipment/WID_AFL_KAGE.WID_AFL_KAGE,/Script/Engine.Blueprint,681,681,0,0,1107
/AFLBagMan/Equipment/WID_AFL_Lobber.WID_AFL_Lobber,/Script/Engine.Blueprint,681,681,0,0,1119
/AFLBagMan/Equipment/WID_AFL_Makhiavelli.WID_AFL_Makhiavelli,/Script/Engine.Blueprint,703,703,0,0,1153
/AFLBagMan/Equipment/WID_AFL_N90.WID_AFL_N90,/Script/Engine.Blueprint,690,690,0,0,1112
/AFLBagMan/Equipment/WID_AFL_NFP16.WID_AFL_NFP16,/Script/Engine.Blueprint,682,682,0,0,1092
/AFLBagMan/Equipment/WID_AFL_NovaKai.WID_AFL_NovaKai,/Script/Engine.Blueprint,705,705,0,0,1154
/AFLBagMan/Equipment/WID_AFL_OnyxPrime.WID_AFL_OnyxPrime,/Script/Engine.Blueprint,720,720,0,0,1163
/AFLBagMan/Equipment/WID_AFL_ORION.WID_AFL_ORION,/Script/Engine.Blueprint,687,687,0,0,1117
/AFLBagMan/Equipment/WID_AFL_PP9.WID_AFL_PP9,/Script/Engine.Blueprint,675,675,0,0,1112
/AFLBagMan/Equipment/WID_AFL_Railgun.WID_AFL_Railgun,/Script/Engine.Blueprint,688,688,0,0,1135
/AFLBagMan/Equipment/WID_AFL_Remore.WID_AFL_Remore,/Script/Engine.Blueprint,696,696,0,0,1126
/AFLBagMan/Equipment/WID_AFL_RiftOne.WID_AFL_RiftOne,/Script/Engine.Blueprint,707,707,0,0,1151
/AFLBagMan/Equipment/WID_AFL_Ripsaw.WID_AFL_Ripsaw,/Script/Engine.Blueprint,693,693,0,0,1129
/AFLBagMan/Equipment/WID_AFL_Rocket.WID_AFL_Rocket,/Script/Engine.Blueprint,679,679,0,0,1120
/AFLBagMan/Equipment/WID_AFL_Ronin.WID_AFL_Ronin,/Script/Engine.Blueprint,707,707,0,0,1150
/AFLBagMan/Equipment/WID_AFL_Ryu.WID_AFL_Ryu,/Script/Engine.Blueprint,707,707,0,0,1138
/AFLBagMan/Equipment/WID_AFL_Sable.WID_AFL_Sable,/Script/Engine.Blueprint,705,705,0,0,1150
/AFLBagMan/Equipment/WID_AFL_Scarlett.WID_AFL_Scarlett,/Script/Engine.Blueprint,710,710,0,0,1150
/AFLBagMan/Equipment/WID_AFL_Scatterhawk.WID_AFL_Scatterhawk,/Script/Engine.Blueprint,708,708,0,0,1164
/AFLBagMan/Equipment/WID_AFL_Seeker.WID_AFL_Seeker,/Script/Engine.Blueprint,694,694,0,0,1136
/AFLBagMan/Equipment/WID_AFL_Shield.WID_AFL_Shield,/Script/Engine.Blueprint,671,671,0,0,1116
/AFLBagMan/Equipment/WID_AFL_SMG.WID_AFL_SMG,/Script/Engine.Blueprint,682,682,0,0,1115
/AFLBagMan/Equipment/WID_AFL_SOLARA.WID_AFL_SOLARA,/Script/Engine.Blueprint,696,696,0,0,1126
/AFLBagMan/Equipment/WID_AFL_Talon.WID_AFL_Talon,/Script/Engine.Blueprint,692,692,0,0,1125
/AFLBagMan/Equipment/WID_AFL_Tempest.WID_AFL_Tempest,/Script/Engine.Blueprint,689,689,0,0,1122
/AFLBagMan/Equipment/WID_AFL_Valkyr.WID_AFL_Valkyr,/Script/Engine.Blueprint,719,719,0,0,1149
/AFLBagMan/Equipment/WID_AFL_Vanguard.WID_AFL_Vanguard,/Script/Engine.Blueprint,696,696,0,0,1138
/AFLBagMan/Equipment/WID_AFL_Vanta.WID_AFL_Vanta,/Script/Engine.Blueprint,697,697,0,0,1136
/AFLBagMan/Equipment/WID_AFL_Verdant.WID_AFL_Verdant,/Script/Engine.Blueprint,695,695,0,0,1128
/AFLBagMan/Equipment/WID_AFL_Volt.WID_AFL_Volt,/Script/Engine.Blueprint,671,671,0,0,1105
/AFLBagMan/Equipment/WID_AFL_Voltaic.WID_AFL_Voltaic,/Script/Engine.Blueprint,699,699,0,0,1128
/AFLBagMan/Equipment/WID_AFL_Warhead.WID_AFL_Warhead,/Script/Engine.Blueprint,687,687,0,0,1122
/AFLBagMan/Equipment/WID_AFL_ZenKoan.WID_AFL_ZenKoan,/Script/Engine.Blueprint,693,693,0,0,1128
/AFLBagMan/Equipment/WID_BagMan_PulseCarbine.WID_BagMan_PulseCarbine,/Script/Engine.Blueprint,673,673,0,0,1118
/AFLBagMan/Experiences/B_AFLExperience_1v1_Haywire.B_AFLExperience_1v1_Haywire,/Script/Engine.Blueprint,1000,1000,0,0,1738
/AFLBagMan/Experiences/B_AFLExperience_1v1_ProMod.B_AFLExperience_1v1_ProMod,/Script/Engine.Blueprint,1112,1112,0,0,2081
/AFLBagMan/Experiences/B_AFLExperience_2v2_Haywire.B_AFLExperience_2v2_Haywire,/Script/Engine.Blueprint,996,996,0,0,1735
/AFLBagMan/Experiences/B_AFLExperience_2v2_ProMod.B_AFLExperience_2v2_ProMod,/Script/Engine.Blueprint,1107,1107,0,0,2078
/AFLBagMan/Experiences/B_AFLExperience_4v4_Haywire.B_AFLExperience_4v4_Haywire,/Script/Engine.Blueprint,995,995,0,0,1735
/AFLBagMan/Experiences/B_AFLExperience_4v4_ProMod.B_AFLExperience_4v4_ProMod,/Script/Engine.Blueprint,1106,1106,0,0,2078
/AFLBagMan/Experiences/B_AFLExperience_Arena01_3v3_ProMod.B_AFLExperience_Arena01_3v3_ProMod,/Script/Engine.Blueprint,1003,1003,0,0,1738
/AFLBagMan/Experiences/B_AFLExperience_Arena01_Extract3v3.B_AFLExperience_Arena01_Extract3v3,/Script/Engine.Blueprint,1000,1000,0,0,1751
/AFLBagMan/Experiences/B_AFLExperience_Arena01_Extract4v4.B_AFLExperience_Arena01_Extract4v4,/Script/Engine.Blueprint,2905,2905,0,0,6404
/AFLBagMan/Experiences/B_AFLExperience_Arena04_5v5_Haywire.B_AFLExperience_Arena04_5v5_Haywire,/Script/Engine.Blueprint,1005,1005,0,0,1759
/AFLBagMan/Experiences/B_AFLExperience_Arena04_5v5_ProMod.B_AFLExperience_Arena04_5v5_ProMod,/Script/Engine.Blueprint,1125,1125,0,0,2102
/AFLBagMan/Experiences/B_AFLExperience_Arena04_8v8_Haywire.B_AFLExperience_Arena04_8v8_Haywire,/Script/Engine.Blueprint,1004,1004,0,0,1759
/AFLBagMan/Experiences/B_AFLExperience_Arena04_8v8_ProMod.B_AFLExperience_Arena04_8v8_ProMod,/Script/Engine.Blueprint,1125,1125,0,0,2102
/AFLBagMan/Experiences/B_AFLExperience_ShantyTown_BR20_Haywire.B_AFLExperience_ShantyTown_BR20_Haywire,/Script/Engine.Blueprint,1261,1261,0,0,2361
/AFLBagMan/Experiences/B_AFLExperience_ShantyTown_BR20_ProMod.B_AFLExperience_ShantyTown_BR20_ProMod,/Script/Engine.Blueprint,1248,1248,0,0,2348
/AFLBagMan/Experiences/B_AFLExperience_ShantyTown_BR36_Haywire.B_AFLExperience_ShantyTown_BR36_Haywire,/Script/Engine.Blueprint,1260,1260,0,0,2361
/AFLBagMan/Experiences/B_AFLExperience_ShantyTown_BR36_ProMod.B_AFLExperience_ShantyTown_BR36_ProMod,/Script/Engine.Blueprint,1248,1248,0,0,2348
/AFLBagMan/Experiences/B_AFLExperience_ShantyTown_BR9_Haywire.B_AFLExperience_ShantyTown_BR9_Haywire,/Script/Engine.Blueprint,1258,1258,0,0,2360
/AFLBagMan/Experiences/B_AFLExperience_ShantyTown_BR9_ProMod.B_AFLExperience_ShantyTown_BR9_ProMod,/Script/Engine.Blueprint,1249,1249,0,0,2347
/AFLBagMan/Experiences/B_Experience_Haywire.B_Experience_Haywire,/Script/Engine.Blueprint,2293,2293,0,0,4898
/AFLBagMan/Experiences/B_Experience_ProMod.B_Experience_ProMod,/Script/Engine.Blueprint,1112,1112,0,0,2054
/AFLBagMan/Experiences/B_LyraExperience_AFL_Arena_Test.B_LyraExperience_AFL_Arena_Test,/Script/Engine.Blueprint,954,954,0,0,954
/AFLBagMan/Experiences/EXP_AFL_BR_S1_Test.EXP_AFL_BR_S1_Test,/Script/Engine.Blueprint,1186,1186,0,0,2195
/AFLBagMan/Experiences/EXP_AFL_Duel01_Shootout.EXP_AFL_Duel01_Shootout,/Script/Engine.Blueprint,978,978,0,0,1673
/AFLBagMan/Experiences/EXP_AFL_ShantyTown_SwimTest.EXP_AFL_ShantyTown_SwimTest,/Script/Engine.Blueprint,1703,1703,0,0,3345
/AFLBagMan/Game/B_AFL_BotController.B_AFL_BotController,/Script/Engine.Blueprint,3361,3361,0,0,8693
/AFLBagMan/Game/B_AFL_SpawnSelector_Dynamic.B_AFL_SpawnSelector_Dynamic,/Script/Engine.Blueprint,690,690,0,0,690
/AFLBagMan/Game/B_AFL_TeamSetup_Duel.B_AFL_TeamSetup_Duel,/Script/Engine.Blueprint,839,839,0,0,839
/AFLBagMan/Game/B_AFL_TeamSetup_Solo.B_AFL_TeamSetup_Solo,/Script/Engine.Blueprint,937,937,0,0,937
/AFLBagMan/Game/B_AFL_TeamSetup_TwoTeams.B_AFL_TeamSetup_TwoTeams,/Script/Engine.Blueprint,855,855,0,0,855
/AFLBagMan/Game/B_AFLBotFill_Arena2v2.B_AFLBotFill_Arena2v2,/Script/Engine.Blueprint,952,952,0,0,952
/AFLBagMan/Game/B_AFLBotFill_Arena3v3.B_AFLBotFill_Arena3v3,/Script/Engine.Blueprint,946,946,0,0,946
/AFLBagMan/Game/B_AFLBotFill_Arena4v4.B_AFLBotFill_Arena4v4,/Script/Engine.Blueprint,952,952,0,0,952
/AFLBagMan/Game/B_AFLBotFill_Arena5v5.B_AFLBotFill_Arena5v5,/Script/Engine.Blueprint,952,952,0,0,952
/AFLBagMan/Game/B_AFLBotFill_Arena8v8.B_AFLBotFill_Arena8v8,/Script/Engine.Blueprint,952,952,0,0,952
/AFLBagMan/Game/B_AFLBotFill_BR_S1.B_AFLBotFill_BR_S1,/Script/Engine.Blueprint,944,944,0,0,944
/AFLBagMan/Game/B_AFLBotFill_Duel01.B_AFLBotFill_Duel01,/Script/Engine.Blueprint,944,944,0,0,944
/AFLBagMan/Game/B_AFLMatchScoring.B_AFLMatchScoring,/Script/Engine.Blueprint,815,815,0,0,815
/AFLBagMan/Game/B_AFLZone_ShantyTown_BR20.B_AFLZone_ShantyTown_BR20,/Script/Engine.Blueprint,789,789,0,0,789
/AFLBagMan/Game/B_AFLZone_ShantyTown_BR36.B_AFLZone_ShantyTown_BR36,/Script/Engine.Blueprint,789,789,0,0,789
/AFLBagMan/Game/B_AFLZone_ShantyTown_BR9.B_AFLZone_ShantyTown_BR9,/Script/Engine.Blueprint,788,788,0,0,788
/AFLBagMan/Loot/BP_AFL_LootCacheCarry.BP_AFL_LootCacheCarry,/Script/Engine.Blueprint,1016,1016,0,0,1890
/AFLBagMan/Test/BP_AFL_TestGrabbable.BP_AFL_TestGrabbable,/Script/Engine.Blueprint,1291,1291,0,0,2573
/AFLCombat/Abilities/BP_GA_AFL_Damage_Test.BP_GA_AFL_Damage_Test,/Script/Engine.Blueprint,788,788,0,0,788
/AFLCombat/Abilities/GA_AFL_Beam_Shotgun.GA_AFL_Beam_Shotgun,/Script/Engine.Blueprint,1424,1424,0,0,2520
/AFLCombat/Abilities/GA_AFL_Charge.GA_AFL_Charge,/Script/Engine.Blueprint,902,902,0,0,902
/AFLCombat/Abilities/GA_AFL_Pulse_Pistol.GA_AFL_Pulse_Pistol,/Script/Engine.Blueprint,781,781,0,0,781
/AFLCombat/Effects/GE_AFL_Combat_InitData.GE_AFL_Combat_InitData,/Script/Engine.Blueprint,823,823,0,0,3362
/AFLCombat/Effects/GE_AFL_Damage_Instant.GE_AFL_Damage_Instant,/Script/Engine.Blueprint,712,712,0,0,712
/AFLCombat/Effects/GE_AFL_Zone_DoT.GE_AFL_Zone_DoT,/Script/Engine.Blueprint,963,963,0,0,963
/AFLCombat/Tests/B_AFL_Test_Experience.B_AFL_Test_Experience,/Script/Engine.Blueprint,922,922,0,0,922
/AFLDismember/Abilities/GA_AFL_DecapitatedCamera.GA_AFL_DecapitatedCamera,/Script/Engine.Blueprint,911,911,0,0,1593
/AFLDismember/Camera/CM_AFL_Decapitated.CM_AFL_Decapitated,/Script/Engine.Blueprint,673,673,0,0,673
/AFLDismember/Effects/GE_AFL_Decapitated.GE_AFL_Decapitated,/Script/Engine.Blueprint,578,578,0,0,1025
/AFLDismember/Effects/GE_AFL_Dismember_LeftArm.GE_AFL_Dismember_LeftArm,/Script/Engine.Blueprint,701,701,0,0,1274
/AFLDismember/Effects/GE_AFL_Dismember_LeftLeg.GE_AFL_Dismember_LeftLeg,/Script/Engine.Blueprint,985,985,0,0,985
/AFLDismember/Effects/GE_AFL_Dismember_RightArm.GE_AFL_Dismember_RightArm,/Script/Engine.Blueprint,702,702,0,0,1274
/AFLDismember/Effects/GE_AFL_Dismember_RightLeg.GE_AFL_Dismember_RightLeg,/Script/Engine.Blueprint,993,993,0,0,993
/AFLDismember/Effects/GE_AFL_ZoneRestore.GE_AFL_ZoneRestore,/Script/Engine.Blueprint,660,660,0,0,1933
/AFLDismember/Loot/BP_AFL_HeadLootBox.BP_AFL_HeadLootBox,/Script/Engine.Blueprint,1139,1139,0,0,2109
/AFLDismember/Props/BP_AFL_DismemberedArm.BP_AFL_DismemberedArm,/Script/Engine.Blueprint,1199,1199,0,0,2197
/AFLDismember/Props/BP_AFL_DismemberedLeg.BP_AFL_DismemberedLeg,/Script/Engine.Blueprint,1200,1200,0,0,2197
/AFLMovement/Abilities/GA_AFL_Climb.GA_AFL_Climb,/Script/Engine.Blueprint,900,900,0,0,900
/AFLMovement/Abilities/GA_AFL_Dash.GA_AFL_Dash,/Script/Engine.Blueprint,961,961,0,0,961
/AFLMovement/Abilities/GA_AFL_Grab.GA_AFL_Grab,/Script/Engine.Blueprint,928,928,0,0,928
/AFLMovement/Abilities/GA_AFL_HolsterToggle.GA_AFL_HolsterToggle,/Script/Engine.Blueprint,674,674,0,0,674
/AFLMovement/Abilities/GA_AFL_Roll.GA_AFL_Roll,/Script/Engine.Blueprint,879,879,0,0,879
/AFLMovement/Abilities/GA_AFL_Slide.GA_AFL_Slide,/Script/Engine.Blueprint,887,887,0,0,887
/AFLMovement/Abilities/GA_AFL_Sprint.GA_AFL_Sprint,/Script/Engine.Blueprint,886,886,0,0,886
/AFLMovement/Abilities/GA_AFL_Vault.GA_AFL_Vault,/Script/Engine.Blueprint,881,881,0,0,881
/AFLMovement/Abilities/GA_AFL_WallJump.GA_AFL_WallJump,/Script/Engine.Blueprint,750,750,0,0,750
/AFLMovement/Abilities/GA_AFL_WallRun.GA_AFL_WallRun,/Script/Engine.Blueprint,893,893,0,0,893
/AFLMovement/Camera/CM_AFL_Sprint.CM_AFL_Sprint,/Script/Engine.Blueprint,667,667,0,0,1258
/AFLMovement/Effects/GE_AFL_Carrying_Active.GE_AFL_Carrying_Active,/Script/Engine.Blueprint,977,977,0,0,977
/AFLMovement/Effects/GE_AFL_Climb_Active.GE_AFL_Climb_Active,/Script/Engine.Blueprint,977,977,0,0,977
/AFLMovement/Effects/GE_AFL_Dash_Active.GE_AFL_Dash_Active,/Script/Engine.Blueprint,974,974,0,0,974
/AFLMovement/Effects/GE_AFL_DashCooldown.GE_AFL_DashCooldown,/Script/Engine.Blueprint,974,974,0,0,974
/AFLMovement/Effects/GE_AFL_Roll_Active.GE_AFL_Roll_Active,/Script/Engine.Blueprint,969,969,0,0,969
/AFLMovement/Effects/GE_AFL_Slide_Active.GE_AFL_Slide_Active,/Script/Engine.Blueprint,969,969,0,0,969
/AFLMovement/Effects/GE_AFL_Sprint_Active.GE_AFL_Sprint_Active,/Script/Engine.Blueprint,977,977,0,0,977
/AFLMovement/Effects/GE_AFL_State_Holstered.GE_AFL_State_Holstered,/Script/Engine.Blueprint,977,977,0,0,977
/AFLMovement/Effects/GE_AFL_Vault_Active.GE_AFL_Vault_Active,/Script/Engine.Blueprint,969,969,0,0,969
/AFLMovement/Effects/GE_AFL_WallRun_Active.GE_AFL_WallRun_Active,/Script/Engine.Blueprint,977,977,0,0,977
/AFLMovement/Equipment/BPC_AFL_Holster.BPC_AFL_Holster,/Script/Engine.Blueprint,1678,1678,0,0,3632
/Engine/EditorBlueprintResources/ActorComponentMacros.ActorComponentMacros,/Script/Engine.Blueprint,688,688,0,0,688
/Engine/EditorBlueprintResources/ActorMacros.ActorMacros,/Script/Engine.Blueprint,656,656,0,0,656
/Engine/EditorBlueprintResources/StandardMacros.StandardMacros,/Script/Engine.Blueprint,656,656,0,0,656
/Engine/EngineDamageTypes/DmgTypeBP_Environmental.DmgTypeBP_Environmental,/Script/Engine.Blueprint,683,683,0,0,683
/Engine/EngineSky/BP_Sky_Sphere.BP_Sky_Sphere,/Script/Engine.Blueprint,4014,4014,0,0,15468
/Game/Audio/Blueprints/B_MusicManagerComponent_Base.B_MusicManagerComponent_Base,/Script/Engine.Blueprint,4130,4130,0,0,14267
/Game/Audio/Blueprints/B_MusicManagerComponent_FE.B_MusicManagerComponent_FE,/Script/Engine.Blueprint,914,914,0,0,1689
/Game/Audio/Blueprints/B_WindSystem.B_WindSystem,/Script/Engine.Blueprint,4393,4393,0,0,18057
/Game/Audio/Blueprints/GeneralAudioFunctions.GeneralAudioFunctions,/Script/Engine.Blueprint,1189,1189,0,0,2395
/Game/Audio/Blueprints/WeaponAudioMacros.WeaponAudioMacros,/Script/Engine.Blueprint,656,656,0,0,656
/Game/Audio/Sounds/Emotes/ANS_EmoteSound.ANS_EmoteSound,/Script/Engine.Blueprint,1654,1654,0,0,4211
/Game/Audio/Sounds/Emotes/BI_EmoteSoundInterface.BI_EmoteSoundInterface,/Script/Engine.Blueprint,631,631,0,0,1261
/Game/B_LyraGameInstance.B_LyraGameInstance,/Script/Engine.Blueprint,832,832,0,0,832
/Game/BagMan/ArtPass/B_ARCANEON_Dressing.B_ARCANEON_Dressing,/Script/Engine.Blueprint,3107,3107,0,0,11808
/Game/BagMan/ArtPass/B_ARCANEON_Structure.B_ARCANEON_Structure,/Script/Engine.Blueprint,3369,3369,0,0,42938
/Game/BagMan/Barriers/B_BagMan_CyberBarrier_BR.B_BagMan_CyberBarrier_BR,/Script/Engine.Blueprint,6782,6782,0,0,318703
/Game/BagMan/Characters/Cosmetics/B_AFL_Robot_AKUMA.B_AFL_Robot_AKUMA,/Script/Engine.Blueprint,1320,1320,0,0,2559
/Game/BagMan/Characters/Cosmetics/B_AFL_Robot_AKUMA_X.B_AFL_Robot_AKUMA_X,/Script/Engine.Blueprint,1926,1926,0,0,3755
/Game/BagMan/Characters/Cosmetics/B_AFL_Robot_ARIA.B_AFL_Robot_ARIA,/Script/Engine.Blueprint,1323,1323,0,0,2577
/Game/BagMan/Characters/Cosmetics/B_AFL_Robot_ARIA_X.B_AFL_Robot_ARIA_X,/Script/Engine.Blueprint,1915,1915,0,0,3746
/Game/BagMan/Characters/Cosmetics/B_AFL_Robot_ASTRA.B_AFL_Robot_ASTRA,/Script/Engine.Blueprint,1315,1315,0,0,2559
/Game/BagMan/Characters/Cosmetics/B_AFL_Robot_ASTRA_X.B_AFL_Robot_ASTRA_X,/Script/Engine.Blueprint,1923,1923,0,0,3755
/Game/BagMan/Characters/Cosmetics/B_AFL_Robot_AURELIA.B_AFL_Robot_AURELIA,/Script/Engine.Blueprint,1328,1328,0,0,2579
/Game/BagMan/Characters/Cosmetics/B_AFL_Robot_AURELIA_X.B_AFL_Robot_AURELIA_X,/Script/Engine.Blueprint,1926,1926,0,0,3765
/Game/BagMan/Characters/Cosmetics/B_AFL_Robot_AZURA.B_AFL_Robot_AZURA,/Script/Engine.Blueprint,1320,1320,0,0,2559
/Game/BagMan/Characters/Cosmetics/B_AFL_Robot_AZURA_X.B_AFL_Robot_AZURA_X,/Script/Engine.Blueprint,1923,1923,0,0,3755
/Game/BagMan/Characters/Cosmetics/B_AFL_Robot_BigSixx.B_AFL_Robot_BigSixx,/Script/Engine.Blueprint,1331,1331,0,0,2579
/Game/BagMan/Characters/Cosmetics/B_AFL_Robot_BigSixx_X.B_AFL_Robot_BigSixx_X,/Script/Engine.Blueprint,1931,1931,0,0,3765
/Game/BagMan/Characters/Cosmetics/B_AFL_Robot_CIELO.B_AFL_Robot_CIELO,/Script/Engine.Blueprint,1319,1319,0,0,2559
/Game/BagMan/Characters/Cosmetics/B_AFL_Robot_CIELO_X.B_AFL_Robot_CIELO_X,/Script/Engine.Blueprint,1923,1923,0,0,3755
/Game/BagMan/Characters/Cosmetics/B_AFL_Robot_DRACO.B_AFL_Robot_DRACO,/Script/Engine.Blueprint,1320,1320,0,0,2559
/Game/BagMan/Characters/Cosmetics/B_AFL_Robot_DRACO_X.B_AFL_Robot_DRACO_X,/Script/Engine.Blueprint,1933,1933,0,0,3755
/Game/BagMan/Characters/Cosmetics/B_AFL_Robot_EMBER.B_AFL_Robot_EMBER,/Script/Engine.Blueprint,1319,1319,0,0,2559
/Game/BagMan/Characters/Cosmetics/B_AFL_Robot_EMBER_X.B_AFL_Robot_EMBER_X,/Script/Engine.Blueprint,1930,1930,0,0,3755
/Game/BagMan/Characters/Cosmetics/B_AFL_Robot_FANATICS_X.B_AFL_Robot_FANATICS_X,/Script/Engine.Blueprint,1920,1920,0,0,3774
/Game/BagMan/Characters/Cosmetics/B_AFL_Robot_HALO.B_AFL_Robot_HALO,/Script/Engine.Blueprint,1326,1326,0,0,2557
/Game/BagMan/Characters/Cosmetics/B_AFL_Robot_HALO_X.B_AFL_Robot_HALO_X,/Script/Engine.Blueprint,1919,1919,0,0,3746
/Game/BagMan/Characters/Cosmetics/B_AFL_Robot_IRONICS.B_AFL_Robot_IRONICS,/Script/Engine.Blueprint,1321,1321,0,0,2595
/Game/BagMan/Characters/Cosmetics/B_AFL_Robot_IRONICS_X.B_AFL_Robot_IRONICS_X,/Script/Engine.Blueprint,1920,1920,0,0,3765
/Game/BagMan/Characters/Cosmetics/B_AFL_Robot_KAGE.B_AFL_Robot_KAGE,/Script/Engine.Blueprint,1316,1316,0,0,2557
/Game/BagMan/Characters/Cosmetics/B_AFL_Robot_KAGE_X.B_AFL_Robot_KAGE_X,/Script/Engine.Blueprint,1917,1917,0,0,3746
/Game/BagMan/Characters/Cosmetics/B_AFL_Robot_MAKHIAVELLI.B_AFL_Robot_MAKHIAVELLI,/Script/Engine.Blueprint,1327,1327,0,0,2625
/Game/BagMan/Characters/Cosmetics/B_AFL_Robot_MAKHIAVELLI_X.B_AFL_Robot_MAKHIAVELLI_X,/Script/Engine.Blueprint,1937,1937,0,0,3793
/Game/BagMan/Characters/Cosmetics/B_AFL_Robot_NOVAKAI.B_AFL_Robot_NOVAKAI,/Script/Engine.Blueprint,1323,1323,0,0,2579
/Game/BagMan/Characters/Cosmetics/B_AFL_Robot_NOVAKAI_X.B_AFL_Robot_NOVAKAI_X,/Script/Engine.Blueprint,1926,1926,0,0,3765
/Game/BagMan/Characters/Cosmetics/B_AFL_Robot_ONYXPRIME.B_AFL_Robot_ONYXPRIME,/Script/Engine.Blueprint,1329,1329,0,0,2591
/Game/BagMan/Characters/Cosmetics/B_AFL_Robot_ONYXPRIME_X.B_AFL_Robot_ONYXPRIME_X,/Script/Engine.Blueprint,1929,1929,0,0,3783
/Game/BagMan/Characters/Cosmetics/B_AFL_Robot_ORION.B_AFL_Robot_ORION,/Script/Engine.Blueprint,1316,1316,0,0,2559
/Game/BagMan/Characters/Cosmetics/B_AFL_Robot_ORION_X.B_AFL_Robot_ORION_X,/Script/Engine.Blueprint,1932,1932,0,0,3755
/Game/BagMan/Characters/Cosmetics/B_AFL_Robot_RIFTONE.B_AFL_Robot_RIFTONE,/Script/Engine.Blueprint,1329,1329,0,0,2579
/Game/BagMan/Characters/Cosmetics/B_AFL_Robot_RIFTONE_X.B_AFL_Robot_RIFTONE_X,/Script/Engine.Blueprint,1925,1925,0,0,3765
/Game/BagMan/Characters/Cosmetics/B_AFL_Robot_RONIN.B_AFL_Robot_RONIN,/Script/Engine.Blueprint,1323,1323,0,0,2559
/Game/BagMan/Characters/Cosmetics/B_AFL_Robot_RONIN_X.B_AFL_Robot_RONIN_X,/Script/Engine.Blueprint,1921,1921,0,0,3755
/Game/BagMan/Characters/Cosmetics/B_AFL_Robot_RYU.B_AFL_Robot_RYU,/Script/Engine.Blueprint,1318,1318,0,0,2547
/Game/BagMan/Characters/Cosmetics/B_AFL_Robot_RYU_X.B_AFL_Robot_RYU_X,/Script/Engine.Blueprint,1924,1924,0,0,3737
/Game/BagMan/Characters/Cosmetics/B_AFL_Robot_SABLE.B_AFL_Robot_SABLE,/Script/Engine.Blueprint,1324,1324,0,0,2559
/Game/BagMan/Characters/Cosmetics/B_AFL_Robot_SABLE_X.B_AFL_Robot_SABLE_X,/Script/Engine.Blueprint,1925,1925,0,0,3755
/Game/BagMan/Characters/Cosmetics/B_AFL_Robot_SCARLETT.B_AFL_Robot_SCARLETT,/Script/Engine.Blueprint,1325,1325,0,0,2596
/Game/BagMan/Characters/Cosmetics/B_AFL_Robot_SCARLETT_X.B_AFL_Robot_SCARLETT_X,/Script/Engine.Blueprint,1927,1927,0,0,3774
/Game/BagMan/Characters/Cosmetics/B_AFL_Robot_SOLARA.B_AFL_Robot_SOLARA,/Script/Engine.Blueprint,1314,1314,0,0,2569
/Game/BagMan/Characters/Cosmetics/B_AFL_Robot_SOLARA_X.B_AFL_Robot_SOLARA_X,/Script/Engine.Blueprint,1926,1926,0,0,3764
/Game/BagMan/Characters/Cosmetics/B_AFL_Robot_TALON.B_AFL_Robot_TALON,/Script/Engine.Blueprint,1325,1325,0,0,2559
/Game/BagMan/Characters/Cosmetics/B_AFL_Robot_TALON_X.B_AFL_Robot_TALON_X,/Script/Engine.Blueprint,1922,1922,0,0,3755
/Game/BagMan/Characters/Cosmetics/B_AFL_Robot_VALKYR.B_AFL_Robot_VALKYR,/Script/Engine.Blueprint,1326,1326,0,0,2569
/Game/BagMan/Characters/Cosmetics/B_AFL_Robot_VALKYR_X.B_AFL_Robot_VALKYR_X,/Script/Engine.Blueprint,1932,1932,0,0,3764
/Game/BagMan/Characters/Cosmetics/B_AFL_Robot_VANTA.B_AFL_Robot_VANTA,/Script/Engine.Blueprint,1316,1316,0,0,2559
/Game/BagMan/Characters/Cosmetics/B_AFL_Robot_VANTA_X.B_AFL_Robot_VANTA_X,/Script/Engine.Blueprint,1923,1923,0,0,3755
/Game/BagMan/Characters/Cosmetics/B_AFL_Robot_VOLT.B_AFL_Robot_VOLT,/Script/Engine.Blueprint,1326,1326,0,0,2557
/Game/BagMan/Characters/Cosmetics/B_AFL_Robot_VOLT_X.B_AFL_Robot_VOLT_X,/Script/Engine.Blueprint,1918,1918,0,0,3746
/Game/BagMan/Characters/Cosmetics/B_AFL_Robot_ZEN.B_AFL_Robot_ZEN,/Script/Engine.Blueprint,1321,1321,0,0,2547
/Game/BagMan/Characters/Cosmetics/B_AFL_Robot_ZEN_X.B_AFL_Robot_ZEN_X,/Script/Engine.Blueprint,1924,1924,0,0,3737
/Game/BagMan/Energy/BP_AFL_EnergyPickup_L.BP_AFL_EnergyPickup_L,/Script/Engine.Blueprint,967,967,0,0,1757
/Game/BagMan/Energy/BP_AFL_EnergyPickup_M.BP_AFL_EnergyPickup_M,/Script/Engine.Blueprint,967,967,0,0,1757
/Game/BagMan/Energy/BP_AFL_EnergyPickup_S.BP_AFL_EnergyPickup_S,/Script/Engine.Blueprint,964,964,0,0,1753
/Game/BagMan/Equipment/B_AFL_Akuma.B_AFL_Akuma,/Script/Engine.Blueprint,1911,1911,0,0,3847
/Game/BagMan/Equipment/B_AFL_Arclight.B_AFL_Arclight,/Script/Engine.Blueprint,1783,1783,0,0,3553
/Game/BagMan/Equipment/B_AFL_Aria.B_AFL_Aria,/Script/Engine.Blueprint,1708,1708,0,0,3381
/Game/BagMan/Equipment/B_AFL_Astra.B_AFL_Astra,/Script/Engine.Blueprint,1693,1693,0,0,3355
/Game/BagMan/Equipment/B_AFL_Aurelia.B_AFL_Aurelia,/Script/Engine.Blueprint,1702,1702,0,0,3379
/Game/BagMan/Equipment/B_AFL_Azura.B_AFL_Azura,/Script/Engine.Blueprint,1687,1687,0,0,3345
/Game/BagMan/Equipment/B_AFL_BeamCutter.B_AFL_BeamCutter,/Script/Engine.Blueprint,1642,1642,0,0,3220
/Game/BagMan/Equipment/B_AFL_BigSixx.B_AFL_BigSixx,/Script/Engine.Blueprint,1689,1689,0,0,3359
/Game/BagMan/Equipment/B_AFL_Breachbolt.B_AFL_Breachbolt,/Script/Engine.Blueprint,1903,1903,0,0,3873
/Game/BagMan/Equipment/B_AFL_Breacher.B_AFL_Breacher,/Script/Engine.Blueprint,1734,1734,0,0,3384
/Game/BagMan/Equipment/B_AFL_Carbine.B_AFL_Carbine,/Script/Engine.Blueprint,1417,1417,0,0,2662
/Game/BagMan/Equipment/B_AFL_Cielo.B_AFL_Cielo,/Script/Engine.Blueprint,1688,1688,0,0,3335
/Game/BagMan/Equipment/B_AFL_Coralis.B_AFL_Coralis,/Script/Engine.Blueprint,1687,1687,0,0,3341
/Game/BagMan/Equipment/B_AFL_DE42.B_AFL_DE42,/Script/Engine.Blueprint,1407,1407,0,0,2669
/Game/BagMan/Equipment/B_AFL_Draco.B_AFL_Draco,/Script/Engine.Blueprint,1704,1704,0,0,3351
/Game/BagMan/Equipment/B_AFL_Duskbeam.B_AFL_Duskbeam,/Script/Engine.Blueprint,1683,1683,0,0,3353
/Game/BagMan/Equipment/B_AFL_Ember.B_AFL_Ember,/Script/Engine.Blueprint,1909,1909,0,0,3855
/Game/BagMan/Equipment/B_AFL_Emberpulse.B_AFL_Emberpulse,/Script/Engine.Blueprint,1692,1692,0,0,3369
/Game/BagMan/Equipment/B_AFL_EMP.B_AFL_EMP,/Script/Engine.Blueprint,1740,1740,0,0,3369
/Game/BagMan/Equipment/B_AFL_FANATICS.B_AFL_FANATICS,/Script/Engine.Blueprint,1687,1687,0,0,3353
/Game/BagMan/Equipment/B_AFL_Flak.B_AFL_Flak,/Script/Engine.Blueprint,1954,1954,0,0,3940
/Game/BagMan/Equipment/B_AFL_GTM.B_AFL_GTM,/Script/Engine.Blueprint,1737,1737,0,0,3352
/Game/BagMan/Equipment/B_AFL_HALO.B_AFL_HALO,/Script/Engine.Blueprint,1697,1697,0,0,3331
/Game/BagMan/Equipment/B_AFL_HandCannon_DRAGON_SOUL_L.B_AFL_HandCannon_DRAGON_SOUL_L,/Script/Engine.Blueprint,1747,1747,0,0,3565
/Game/BagMan/Equipment/B_AFL_HandCannon_DRAGON_SOUL_NeonBlue_L.B_AFL_HandCannon_DRAGON_SOUL_NeonBlue_L,/Script/Engine.Blueprint,1759,1759,0,0,3614
/Game/BagMan/Equipment/B_AFL_HandCannon_DRAGON_SOUL_NeonBlue_R.B_AFL_HandCannon_DRAGON_SOUL_NeonBlue_R,/Script/Engine.Blueprint,1753,1753,0,0,3614
/Game/BagMan/Equipment/B_AFL_HandCannon_DRAGON_SOUL_NeonGreen_L.B_AFL_HandCannon_DRAGON_SOUL_NeonGreen_L,/Script/Engine.Blueprint,1759,1759,0,0,3615
/Game/BagMan/Equipment/B_AFL_HandCannon_DRAGON_SOUL_NeonGreen_R.B_AFL_HandCannon_DRAGON_SOUL_NeonGreen_R,/Script/Engine.Blueprint,1771,1771,0,0,3615
/Game/BagMan/Equipment/B_AFL_HandCannon_DRAGON_SOUL_NeonPink_L.B_AFL_HandCannon_DRAGON_SOUL_NeonPink_L,/Script/Engine.Blueprint,1759,1759,0,0,3614
/Game/BagMan/Equipment/B_AFL_HandCannon_DRAGON_SOUL_NeonPink_R.B_AFL_HandCannon_DRAGON_SOUL_NeonPink_R,/Script/Engine.Blueprint,1763,1763,0,0,3614
/Game/BagMan/Equipment/B_AFL_HandCannon_DRAGON_SOUL_NeonPurple_L.B_AFL_HandCannon_DRAGON_SOUL_NeonPurple_L,/Script/Engine.Blueprint,1761,1761,0,0,3624
/Game/BagMan/Equipment/B_AFL_HandCannon_DRAGON_SOUL_NeonPurple_R.B_AFL_HandCannon_DRAGON_SOUL_NeonPurple_R,/Script/Engine.Blueprint,1767,1767,0,0,3624
/Game/BagMan/Equipment/B_AFL_HandCannon_DRAGON_SOUL_NeonRed_L.B_AFL_HandCannon_DRAGON_SOUL_NeonRed_L,/Script/Engine.Blueprint,1758,1758,0,0,3605
/Game/BagMan/Equipment/B_AFL_HandCannon_DRAGON_SOUL_NeonRed_R.B_AFL_HandCannon_DRAGON_SOUL_NeonRed_R,/Script/Engine.Blueprint,1753,1753,0,0,3605
/Game/BagMan/Equipment/B_AFL_HandCannon_DRAGON_SOUL_NeonYellow_L.B_AFL_HandCannon_DRAGON_SOUL_NeonYellow_L,/Script/Engine.Blueprint,1762,1762,0,0,3624
/Game/BagMan/Equipment/B_AFL_HandCannon_DRAGON_SOUL_NeonYellow_R.B_AFL_HandCannon_DRAGON_SOUL_NeonYellow_R,/Script/Engine.Blueprint,1757,1757,0,0,3624
/Game/BagMan/Equipment/B_AFL_HandCannon_DRAGON_SOUL_R.B_AFL_HandCannon_DRAGON_SOUL_R,/Script/Engine.Blueprint,1749,1749,0,0,3565
/Game/BagMan/Equipment/B_AFL_HandCannon_FANATICS2_NeonBlue_L.B_AFL_HandCannon_FANATICS2_NeonBlue_L,/Script/Engine.Blueprint,1750,1750,0,0,3572
/Game/BagMan/Equipment/B_AFL_HandCannon_FANATICS2_NeonBlue_R.B_AFL_HandCannon_FANATICS2_NeonBlue_R,/Script/Engine.Blueprint,1752,1752,0,0,3572
/Game/BagMan/Equipment/B_AFL_HandCannon_FANATICS2_NeonGreen_L.B_AFL_HandCannon_FANATICS2_NeonGreen_L,/Script/Engine.Blueprint,1754,1754,0,0,3573
/Game/BagMan/Equipment/B_AFL_HandCannon_FANATICS2_NeonGreen_R.B_AFL_HandCannon_FANATICS2_NeonGreen_R,/Script/Engine.Blueprint,1746,1746,0,0,3573
/Game/BagMan/Equipment/B_AFL_HandCannon_FANATICS2_NeonPink_L.B_AFL_HandCannon_FANATICS2_NeonPink_L,/Script/Engine.Blueprint,1753,1753,0,0,3572
/Game/BagMan/Equipment/B_AFL_HandCannon_FANATICS2_NeonPink_R.B_AFL_HandCannon_FANATICS2_NeonPink_R,/Script/Engine.Blueprint,1754,1754,0,0,3572
/Game/BagMan/Equipment/B_AFL_HandCannon_FANATICS2_NeonPurple_L.B_AFL_HandCannon_FANATICS2_NeonPurple_L,/Script/Engine.Blueprint,1756,1756,0,0,3582
/Game/BagMan/Equipment/B_AFL_HandCannon_FANATICS2_NeonPurple_R.B_AFL_HandCannon_FANATICS2_NeonPurple_R,/Script/Engine.Blueprint,1756,1756,0,0,3582
/Game/BagMan/Equipment/B_AFL_HandCannon_FANATICS2_NeonRed_L.B_AFL_HandCannon_FANATICS2_NeonRed_L,/Script/Engine.Blueprint,1753,1753,0,0,3563
/Game/BagMan/Equipment/B_AFL_HandCannon_FANATICS2_NeonRed_R.B_AFL_HandCannon_FANATICS2_NeonRed_R,/Script/Engine.Blueprint,1745,1745,0,0,3563
/Game/BagMan/Equipment/B_AFL_HandCannon_FANATICS2_NeonYellow_L.B_AFL_HandCannon_FANATICS2_NeonYellow_L,/Script/Engine.Blueprint,1756,1756,0,0,3582
/Game/BagMan/Equipment/B_AFL_HandCannon_FANATICS2_NeonYellow_R.B_AFL_HandCannon_FANATICS2_NeonYellow_R,/Script/Engine.Blueprint,1748,1748,0,0,3582
/Game/BagMan/Equipment/B_AFL_HandCannon_FANATICS_L.B_AFL_HandCannon_FANATICS_L,/Script/Engine.Blueprint,1691,1691,0,0,3320
/Game/BagMan/Equipment/B_AFL_HandCannon_FANATICS_R.B_AFL_HandCannon_FANATICS_R,/Script/Engine.Blueprint,1689,1689,0,0,3320
/Game/BagMan/Equipment/B_AFL_HandCannon_FUTURE_WARRIOR_L.B_AFL_HandCannon_FUTURE_WARRIOR_L,/Script/Engine.Blueprint,1744,1744,0,0,3601
/Game/BagMan/Equipment/B_AFL_HandCannon_FUTURE_WARRIOR_NeonBlue_L.B_AFL_HandCannon_FUTURE_WARRIOR_NeonBlue_L,/Script/Engine.Blueprint,1762,1762,0,0,3642
/Game/BagMan/Equipment/B_AFL_HandCannon_FUTURE_WARRIOR_NeonBlue_R.B_AFL_HandCannon_FUTURE_WARRIOR_NeonBlue_R,/Script/Engine.Blueprint,1758,1758,0,0,3642
/Game/BagMan/Equipment/B_AFL_HandCannon_FUTURE_WARRIOR_NeonGreen_L.B_AFL_HandCannon_FUTURE_WARRIOR_NeonGreen_L,/Script/Engine.Blueprint,1760,1760,0,0,3651
/Game/BagMan/Equipment/B_AFL_HandCannon_FUTURE_WARRIOR_NeonGreen_R.B_AFL_HandCannon_FUTURE_WARRIOR_NeonGreen_R,/Script/Engine.Blueprint,1756,1756,0,0,3651
/Game/BagMan/Equipment/B_AFL_HandCannon_FUTURE_WARRIOR_NeonPink_L.B_AFL_HandCannon_FUTURE_WARRIOR_NeonPink_L,/Script/Engine.Blueprint,1768,1768,0,0,3642
/Game/BagMan/Equipment/B_AFL_HandCannon_FUTURE_WARRIOR_NeonPink_R.B_AFL_HandCannon_FUTURE_WARRIOR_NeonPink_R,/Script/Engine.Blueprint,1756,1756,0,0,3642
/Game/BagMan/Equipment/B_AFL_HandCannon_FUTURE_WARRIOR_NeonPurple_L.B_AFL_HandCannon_FUTURE_WARRIOR_NeonPurple_L,/Script/Engine.Blueprint,1767,1767,0,0,3652
/Game/BagMan/Equipment/B_AFL_HandCannon_FUTURE_WARRIOR_NeonPurple_R.B_AFL_HandCannon_FUTURE_WARRIOR_NeonPurple_R,/Script/Engine.Blueprint,1757,1757,0,0,3652
/Game/BagMan/Equipment/B_AFL_HandCannon_FUTURE_WARRIOR_NeonRed_L.B_AFL_HandCannon_FUTURE_WARRIOR_NeonRed_L,/Script/Engine.Blueprint,1767,1767,0,0,3641
/Game/BagMan/Equipment/B_AFL_HandCannon_FUTURE_WARRIOR_NeonRed_R.B_AFL_HandCannon_FUTURE_WARRIOR_NeonRed_R,/Script/Engine.Blueprint,1754,1754,0,0,3641
/Game/BagMan/Equipment/B_AFL_HandCannon_FUTURE_WARRIOR_NeonYellow_L.B_AFL_HandCannon_FUTURE_WARRIOR_NeonYellow_L,/Script/Engine.Blueprint,1765,1765,0,0,3652
/Game/BagMan/Equipment/B_AFL_HandCannon_FUTURE_WARRIOR_NeonYellow_R.B_AFL_HandCannon_FUTURE_WARRIOR_NeonYellow_R,/Script/Engine.Blueprint,1756,1756,0,0,3652
/Game/BagMan/Equipment/B_AFL_HandCannon_FUTURE_WARRIOR_R.B_AFL_HandCannon_FUTURE_WARRIOR_R,/Script/Engine.Blueprint,1731,1731,0,0,3601
/Game/BagMan/Equipment/B_AFL_HandCannon_IRONICS_L.B_AFL_HandCannon_IRONICS_L,/Script/Engine.Blueprint,1745,1745,0,0,3525
/Game/BagMan/Equipment/B_AFL_HandCannon_IRONICS_NeonBlue_L.B_AFL_HandCannon_IRONICS_NeonBlue_L,/Script/Engine.Blueprint,1754,1754,0,0,3566
/Game/BagMan/Equipment/B_AFL_HandCannon_IRONICS_NeonBlue_R.B_AFL_HandCannon_IRONICS_NeonBlue_R,/Script/Engine.Blueprint,1757,1757,0,0,3566
/Game/BagMan/Equipment/B_AFL_HandCannon_IRONICS_NeonGreen_L.B_AFL_HandCannon_IRONICS_NeonGreen_L,/Script/Engine.Blueprint,1752,1752,0,0,3575
/Game/BagMan/Equipment/B_AFL_HandCannon_IRONICS_NeonGreen_R.B_AFL_HandCannon_IRONICS_NeonGreen_R,/Script/Engine.Blueprint,1755,1755,0,0,3575
/Game/BagMan/Equipment/B_AFL_HandCannon_IRONICS_NeonPink_L.B_AFL_HandCannon_IRONICS_NeonPink_L,/Script/Engine.Blueprint,1749,1749,0,0,3566
/Game/BagMan/Equipment/B_AFL_HandCannon_IRONICS_NeonPink_R.B_AFL_HandCannon_IRONICS_NeonPink_R,/Script/Engine.Blueprint,1754,1754,0,0,3566
/Game/BagMan/Equipment/B_AFL_HandCannon_IRONICS_NeonPurple_L.B_AFL_HandCannon_IRONICS_NeonPurple_L,/Script/Engine.Blueprint,1745,1745,0,0,3576
/Game/BagMan/Equipment/B_AFL_HandCannon_IRONICS_NeonPurple_R.B_AFL_HandCannon_IRONICS_NeonPurple_R,/Script/Engine.Blueprint,1756,1756,0,0,3576
/Game/BagMan/Equipment/B_AFL_HandCannon_IRONICS_NeonRed_L.B_AFL_HandCannon_IRONICS_NeonRed_L,/Script/Engine.Blueprint,1750,1750,0,0,3565
/Game/BagMan/Equipment/B_AFL_HandCannon_IRONICS_NeonRed_R.B_AFL_HandCannon_IRONICS_NeonRed_R,/Script/Engine.Blueprint,1743,1743,0,0,3565
/Game/BagMan/Equipment/B_AFL_HandCannon_IRONICS_NeonYellow_L.B_AFL_HandCannon_IRONICS_NeonYellow_L,/Script/Engine.Blueprint,1754,1754,0,0,3576
/Game/BagMan/Equipment/B_AFL_HandCannon_IRONICS_NeonYellow_R.B_AFL_HandCannon_IRONICS_NeonYellow_R,/Script/Engine.Blueprint,1746,1746,0,0,3576
/Game/BagMan/Equipment/B_AFL_HandCannon_IRONICS_R.B_AFL_HandCannon_IRONICS_R,/Script/Engine.Blueprint,1741,1741,0,0,3525
/Game/BagMan/Equipment/B_AFL_HandCannon_JAGUAR_NEON_L.B_AFL_HandCannon_JAGUAR_NEON_L,/Script/Engine.Blueprint,1744,1744,0,0,3565
/Game/BagMan/Equipment/B_AFL_HandCannon_JAGUAR_NEON_NeonBlue_L.B_AFL_HandCannon_JAGUAR_NEON_NeonBlue_L,/Script/Engine.Blueprint,1766,1766,0,0,3614
/Game/BagMan/Equipment/B_AFL_HandCannon_JAGUAR_NEON_NeonBlue_R.B_AFL_HandCannon_JAGUAR_NEON_NeonBlue_R,/Script/Engine.Blueprint,1758,1758,0,0,3614
/Game/BagMan/Equipment/B_AFL_HandCannon_JAGUAR_NEON_NeonGreen_L.B_AFL_HandCannon_JAGUAR_NEON_NeonGreen_L,/Script/Engine.Blueprint,1764,1764,0,0,3615
/Game/BagMan/Equipment/B_AFL_HandCannon_JAGUAR_NEON_NeonGreen_R.B_AFL_HandCannon_JAGUAR_NEON_NeonGreen_R,/Script/Engine.Blueprint,1761,1761,0,0,3615
/Game/BagMan/Equipment/B_AFL_HandCannon_JAGUAR_NEON_NeonPink_L.B_AFL_HandCannon_JAGUAR_NEON_NeonPink_L,/Script/Engine.Blueprint,1766,1766,0,0,3614
/Game/BagMan/Equipment/B_AFL_HandCannon_JAGUAR_NEON_NeonPink_R.B_AFL_HandCannon_JAGUAR_NEON_NeonPink_R,/Script/Engine.Blueprint,1764,1764,0,0,3614
/Game/BagMan/Equipment/B_AFL_HandCannon_JAGUAR_NEON_NeonPurple_L.B_AFL_HandCannon_JAGUAR_NEON_NeonPurple_L,/Script/Engine.Blueprint,1761,1761,0,0,3624
/Game/BagMan/Equipment/B_AFL_HandCannon_JAGUAR_NEON_NeonPurple_R.B_AFL_HandCannon_JAGUAR_NEON_NeonPurple_R,/Script/Engine.Blueprint,1765,1765,0,0,3624
/Game/BagMan/Equipment/B_AFL_HandCannon_JAGUAR_NEON_NeonRed_L.B_AFL_HandCannon_JAGUAR_NEON_NeonRed_L,/Script/Engine.Blueprint,1765,1765,0,0,3605
/Game/BagMan/Equipment/B_AFL_HandCannon_JAGUAR_NEON_NeonRed_R.B_AFL_HandCannon_JAGUAR_NEON_NeonRed_R,/Script/Engine.Blueprint,1762,1762,0,0,3605
/Game/BagMan/Equipment/B_AFL_HandCannon_JAGUAR_NEON_NeonYellow_L.B_AFL_HandCannon_JAGUAR_NEON_NeonYellow_L,/Script/Engine.Blueprint,1767,1767,0,0,3624
/Game/BagMan/Equipment/B_AFL_HandCannon_JAGUAR_NEON_NeonYellow_R.B_AFL_HandCannon_JAGUAR_NEON_NeonYellow_R,/Script/Engine.Blueprint,1766,1766,0,0,3624
/Game/BagMan/Equipment/B_AFL_HandCannon_JAGUAR_NEON_R.B_AFL_HandCannon_JAGUAR_NEON_R,/Script/Engine.Blueprint,1748,1748,0,0,3565
/Game/BagMan/Equipment/B_AFL_HandCannon_RUN_IT_BACK_L.B_AFL_HandCannon_RUN_IT_BACK_L,/Script/Engine.Blueprint,1741,1741,0,0,3565
/Game/BagMan/Equipment/B_AFL_HandCannon_RUN_IT_BACK_NeonBlue_L.B_AFL_HandCannon_RUN_IT_BACK_NeonBlue_L,/Script/Engine.Blueprint,1758,1758,0,0,3614
/Game/BagMan/Equipment/B_AFL_HandCannon_RUN_IT_BACK_NeonBlue_R.B_AFL_HandCannon_RUN_IT_BACK_NeonBlue_R,/Script/Engine.Blueprint,1753,1753,0,0,3614
/Game/BagMan/Equipment/B_AFL_HandCannon_RUN_IT_BACK_NeonGreen_L.B_AFL_HandCannon_RUN_IT_BACK_NeonGreen_L,/Script/Engine.Blueprint,1765,1765,0,0,3615
/Game/BagMan/Equipment/B_AFL_HandCannon_RUN_IT_BACK_NeonGreen_R.B_AFL_HandCannon_RUN_IT_BACK_NeonGreen_R,/Script/Engine.Blueprint,1757,1757,0,0,3615
/Game/BagMan/Equipment/B_AFL_HandCannon_RUN_IT_BACK_NeonPink_L.B_AFL_HandCannon_RUN_IT_BACK_NeonPink_L,/Script/Engine.Blueprint,1769,1769,0,0,3614
/Game/BagMan/Equipment/B_AFL_HandCannon_RUN_IT_BACK_NeonPink_R.B_AFL_HandCannon_RUN_IT_BACK_NeonPink_R,/Script/Engine.Blueprint,1754,1754,0,0,3614
/Game/BagMan/Equipment/B_AFL_HandCannon_RUN_IT_BACK_NeonPurple_L.B_AFL_HandCannon_RUN_IT_BACK_NeonPurple_L,/Script/Engine.Blueprint,1767,1767,0,0,3624
/Game/BagMan/Equipment/B_AFL_HandCannon_RUN_IT_BACK_NeonPurple_R.B_AFL_HandCannon_RUN_IT_BACK_NeonPurple_R,/Script/Engine.Blueprint,1757,1757,0,0,3624
/Game/BagMan/Equipment/B_AFL_HandCannon_RUN_IT_BACK_NeonRed_L.B_AFL_HandCannon_RUN_IT_BACK_NeonRed_L,/Script/Engine.Blueprint,1754,1754,0,0,3605
/Game/BagMan/Equipment/B_AFL_HandCannon_RUN_IT_BACK_NeonRed_R.B_AFL_HandCannon_RUN_IT_BACK_NeonRed_R,/Script/Engine.Blueprint,1745,1745,0,0,3605
/Game/BagMan/Equipment/B_AFL_HandCannon_RUN_IT_BACK_NeonYellow_L.B_AFL_HandCannon_RUN_IT_BACK_NeonYellow_L,/Script/Engine.Blueprint,1767,1767,0,0,3624
/Game/BagMan/Equipment/B_AFL_HandCannon_RUN_IT_BACK_NeonYellow_R.B_AFL_HandCannon_RUN_IT_BACK_NeonYellow_R,/Script/Engine.Blueprint,1757,1757,0,0,3624
/Game/BagMan/Equipment/B_AFL_HandCannon_RUN_IT_BACK_R.B_AFL_HandCannon_RUN_IT_BACK_R,/Script/Engine.Blueprint,1747,1747,0,0,3565
/Game/BagMan/Equipment/B_AFL_HandCannon_SIMULARENT_L.B_AFL_HandCannon_SIMULARENT_L,/Script/Engine.Blueprint,1746,1746,0,0,3553
/Game/BagMan/Equipment/B_AFL_HandCannon_SIMULARENT_NeonBlue_L.B_AFL_HandCannon_SIMULARENT_NeonBlue_L,/Script/Engine.Blueprint,1758,1758,0,0,3602
/Game/BagMan/Equipment/B_AFL_HandCannon_SIMULARENT_NeonBlue_R.B_AFL_HandCannon_SIMULARENT_NeonBlue_R,/Script/Engine.Blueprint,1758,1758,0,0,3602
/Game/BagMan/Equipment/B_AFL_HandCannon_SIMULARENT_NeonGreen_L.B_AFL_HandCannon_SIMULARENT_NeonGreen_L,/Script/Engine.Blueprint,1760,1760,0,0,3603
/Game/BagMan/Equipment/B_AFL_HandCannon_SIMULARENT_NeonGreen_R.B_AFL_HandCannon_SIMULARENT_NeonGreen_R,/Script/Engine.Blueprint,1762,1762,0,0,3603
/Game/BagMan/Equipment/B_AFL_HandCannon_SIMULARENT_NeonPink_L.B_AFL_HandCannon_SIMULARENT_NeonPink_L,/Script/Engine.Blueprint,1759,1759,0,0,3602
/Game/BagMan/Equipment/B_AFL_HandCannon_SIMULARENT_NeonPink_R.B_AFL_HandCannon_SIMULARENT_NeonPink_R,/Script/Engine.Blueprint,1762,1762,0,0,3602
/Game/BagMan/Equipment/B_AFL_HandCannon_SIMULARENT_NeonPurple_L.B_AFL_HandCannon_SIMULARENT_NeonPurple_L,/Script/Engine.Blueprint,1759,1759,0,0,3612
/Game/BagMan/Equipment/B_AFL_HandCannon_SIMULARENT_NeonPurple_R.B_AFL_HandCannon_SIMULARENT_NeonPurple_R,/Script/Engine.Blueprint,1766,1766,0,0,3612
/Game/BagMan/Equipment/B_AFL_HandCannon_SIMULARENT_NeonRed_L.B_AFL_HandCannon_SIMULARENT_NeonRed_L,/Script/Engine.Blueprint,1738,1738,0,0,3593
/Game/BagMan/Equipment/B_AFL_HandCannon_SIMULARENT_NeonRed_R.B_AFL_HandCannon_SIMULARENT_NeonRed_R,/Script/Engine.Blueprint,1760,1760,0,0,3593
/Game/BagMan/Equipment/B_AFL_HandCannon_SIMULARENT_NeonYellow_L.B_AFL_HandCannon_SIMULARENT_NeonYellow_L,/Script/Engine.Blueprint,1740,1740,0,0,3612
/Game/BagMan/Equipment/B_AFL_HandCannon_SIMULARENT_NeonYellow_R.B_AFL_HandCannon_SIMULARENT_NeonYellow_R,/Script/Engine.Blueprint,1759,1759,0,0,3612
/Game/BagMan/Equipment/B_AFL_HandCannon_SIMULARENT_R.B_AFL_HandCannon_SIMULARENT_R,/Script/Engine.Blueprint,1747,1747,0,0,3553
/Game/BagMan/Equipment/B_AFL_Homer.B_AFL_Homer,/Script/Engine.Blueprint,1684,1684,0,0,3317
/Game/BagMan/Equipment/B_AFL_Ioncaster.B_AFL_Ioncaster,/Script/Engine.Blueprint,2186,2186,0,0,4900
/Game/BagMan/Equipment/B_AFL_Judge45.B_AFL_Judge45,/Script/Engine.Blueprint,1495,1495,0,0,2873
/Game/BagMan/Equipment/B_AFL_KAGE.B_AFL_KAGE,/Script/Engine.Blueprint,1694,1694,0,0,3305
/Game/BagMan/Equipment/B_AFL_Lobber.B_AFL_Lobber,/Script/Engine.Blueprint,1646,1646,0,0,3178
/Game/BagMan/Equipment/B_AFL_Makhiavelli.B_AFL_Makhiavelli,/Script/Engine.Blueprint,1701,1701,0,0,3411
/Game/BagMan/Equipment/B_AFL_N90.B_AFL_N90,/Script/Engine.Blueprint,1721,1721,0,0,3354
/Game/BagMan/Equipment/B_AFL_NFP16.B_AFL_NFP16,/Script/Engine.Blueprint,1498,1498,0,0,2845
/Game/BagMan/Equipment/B_AFL_NovaKai.B_AFL_NovaKai,/Script/Engine.Blueprint,1905,1905,0,0,3867
/Game/BagMan/Equipment/B_AFL_OnyxPrime.B_AFL_OnyxPrime,/Script/Engine.Blueprint,1704,1704,0,0,3399
/Game/BagMan/Equipment/B_AFL_ORION.B_AFL_ORION,/Script/Engine.Blueprint,1679,1679,0,0,3317
/Game/BagMan/Equipment/B_AFL_PP9.B_AFL_PP9,/Script/Engine.Blueprint,1662,1662,0,0,3176
/Game/BagMan/Equipment/B_AFL_Railgun.B_AFL_Railgun,/Script/Engine.Blueprint,1949,1949,0,0,3976
/Game/BagMan/Equipment/B_AFL_Remore.B_AFL_Remore,/Script/Engine.Blueprint,1728,1728,0,0,3381
/Game/BagMan/Equipment/B_AFL_RiftOne.B_AFL_RiftOne,/Script/Engine.Blueprint,1695,1695,0,0,3383
/Game/BagMan/Equipment/B_AFL_Ripsaw.B_AFL_Ripsaw,/Script/Engine.Blueprint,1891,1891,0,0,3833
/Game/BagMan/Equipment/B_AFL_Rocket.B_AFL_Rocket,/Script/Engine.Blueprint,1735,1735,0,0,3377
/Game/BagMan/Equipment/B_AFL_Ronin.B_AFL_Ronin,/Script/Engine.Blueprint,1891,1891,0,0,3841
/Game/BagMan/Equipment/B_AFL_Ryu.B_AFL_Ryu,/Script/Engine.Blueprint,1894,1894,0,0,3829
/Game/BagMan/Equipment/B_AFL_Sable.B_AFL_Sable,/Script/Engine.Blueprint,1894,1894,0,0,3853
/Game/BagMan/Equipment/B_AFL_Scarlett.B_AFL_Scarlett,/Script/Engine.Blueprint,1906,1906,0,0,3879
/Game/BagMan/Equipment/B_AFL_Scatterhawk.B_AFL_Scatterhawk,/Script/Engine.Blueprint,1911,1911,0,0,3911
/Game/BagMan/Equipment/B_AFL_Seeker.B_AFL_Seeker,/Script/Engine.Blueprint,1969,1969,0,0,3990
/Game/BagMan/Equipment/B_AFL_Shield.B_AFL_Shield,/Script/Engine.Blueprint,1735,1735,0,0,3377
/Game/BagMan/Equipment/B_AFL_SMG.B_AFL_SMG,/Script/Engine.Blueprint,1954,1954,0,0,3928
/Game/BagMan/Equipment/B_AFL_SOLARA.B_AFL_SOLARA,/Script/Engine.Blueprint,1685,1685,0,0,3329
/Game/BagMan/Equipment/B_AFL_Talon.B_AFL_Talon,/Script/Engine.Blueprint,1690,1690,0,0,3345
/Game/BagMan/Equipment/B_AFL_Tempest.B_AFL_Tempest,/Script/Engine.Blueprint,1725,1725,0,0,3374
/Game/BagMan/Equipment/B_AFL_Valkyr.B_AFL_Valkyr,/Script/Engine.Blueprint,1698,1698,0,0,3365
/Game/BagMan/Equipment/B_AFL_Vanguard.B_AFL_Vanguard,/Script/Engine.Blueprint,1735,1735,0,0,3384
/Game/BagMan/Equipment/B_AFL_Vanta.B_AFL_Vanta,/Script/Engine.Blueprint,1904,1904,0,0,3853
/Game/BagMan/Equipment/B_AFL_Verdant.B_AFL_Verdant,/Script/Engine.Blueprint,1683,1683,0,0,3341
/Game/BagMan/Equipment/B_AFL_Volt.B_AFL_Volt,/Script/Engine.Blueprint,1631,1631,0,0,3194
/Game/BagMan/Equipment/B_AFL_Voltaic.B_AFL_Voltaic,/Script/Engine.Blueprint,1726,1726,0,0,3374
/Game/BagMan/Equipment/B_AFL_Warhead.B_AFL_Warhead,/Script/Engine.Blueprint,1677,1677,0,0,3341
/Game/BagMan/Equipment/B_AFL_ZenKoan.B_AFL_ZenKoan,/Script/Engine.Blueprint,1679,1679,0,0,3341
/Game/BagMan/Extraction/B_AFL_ExtractionZone.B_AFL_ExtractionZone,/Script/Engine.Blueprint,1245,1245,0,0,2334
/Game/BagMan/Phases/BP_AFL_Phase_ExtractionWindow.BP_AFL_Phase_ExtractionWindow,/Script/Engine.Blueprint,772,772,0,0,772
/Game/BagMan/Phases/BP_AFL_Phase_Playing.BP_AFL_Phase_Playing,/Script/Engine.Blueprint,732,732,0,0,732
/Game/BagMan/Phases/BP_AFL_Phase_PostGame.BP_AFL_Phase_PostGame,/Script/Engine.Blueprint,732,732,0,0,732
/Game/BagMan/Phases/BP_AFL_Phase_Warmup.BP_AFL_Phase_Warmup,/Script/Engine.Blueprint,724,724,0,0,724
/Game/BagMan/UI/Store/BP_AFL_StoreEntryData.BP_AFL_StoreEntryData,/Script/Engine.Blueprint,973,973,0,0,973
/Game/Characters/Cameras/CM_ThirdPerson.CM_ThirdPerson,/Script/Engine.Blueprint,645,645,0,0,1260
/Game/Characters/Cameras/CM_ThirdPerson_Death.CM_ThirdPerson_Death,/Script/Engine.Blueprint,584,584,0,0,1040
/Game/Characters/Character_Default.Character_Default,/Script/Engine.Blueprint,1254,1254,0,0,2428
/Game/Characters/Cosmetics/B_CharacterSelection.B_CharacterSelection,/Script/Engine.Blueprint,1551,1551,0,0,3119
/Game/Characters/Cosmetics/B_MannequinPawnCosmetics.B_MannequinPawnCosmetics,/Script/Engine.Blueprint,696,696,0,0,1192
/Game/Characters/Cosmetics/B_Manny.B_Manny,/Script/Engine.Blueprint,1148,1148,0,0,2184
/Game/Characters/Cosmetics/B_PickRandomCharacter.B_PickRandomCharacter,/Script/Engine.Blueprint,1376,1376,0,0,2648
/Game/Characters/Cosmetics/B_Quinn.B_Quinn,/Script/Engine.Blueprint,1152,1152,0,0,2184
/Game/Characters/Heroes/Abilities/AN_Melee.AN_Melee,/Script/Engine.Blueprint,1033,1033,0,0,1768
/Game/Characters/Heroes/Abilities/AN_Reload.AN_Reload,/Script/Engine.Blueprint,1037,1037,0,0,1776
/Game/Characters/Heroes/Abilities/GA_AbilityWithWidget.GA_AbilityWithWidget,/Script/Engine.Blueprint,2094,2094,0,0,5314
/Game/Characters/Heroes/Abilities/GA_Hero_Death.GA_Hero_Death,/Script/Engine.Blueprint,2085,2085,0,0,3998
/Game/Characters/Heroes/Abilities/GA_Hero_Jump.GA_Hero_Jump,/Script/Engine.Blueprint,2585,2585,0,0,5860
/Game/Characters/Heroes/B_Hero_Default.B_Hero_Default,/Script/Engine.Blueprint,6090,6090,0,0,19564
/Game/Characters/Heroes/B_SimpleHeroPawn.B_SimpleHeroPawn,/Script/Engine.Blueprint,2158,2158,0,0,4833
/Game/Characters/Heroes/Mannequin/Animations/AnimNotifies/AN_PlayWeaponMontage.AN_PlayWeaponMontage,/Script/Engine.Blueprint,2011,2011,0,0,6579
/Game/Characters/Heroes/Mannequin/Animations/AnimNotifies/TransitionToLocomotion.TransitionToLocomotion,/Script/Engine.Blueprint,705,705,0,0,705
/Game/Effects/AnimationNotifies/AN_FootPlant_Left.AN_FootPlant_Left,/Script/Engine.Blueprint,794,794,0,0,1365
/Game/Effects/AnimationNotifies/AN_FootPlant_Right.AN_FootPlant_Right,/Script/Engine.Blueprint,845,845,0,0,845
/Game/Effects/Blueprints/B_FootStep.B_FootStep,/Script/Engine.Blueprint,4038,4038,0,0,13125
/Game/Effects/Blueprints/B_NiagaraNumberPopComponent.B_NiagaraNumberPopComponent,/Script/Engine.Blueprint,805,805,0,0,805
/Game/Effects/Blueprints/B_WeaponDecals.B_WeaponDecals,/Script/Engine.Blueprint,3238,3238,0,0,8687
/Game/Effects/Blueprints/B_WeaponFire.B_WeaponFire,/Script/Engine.Blueprint,3079,3079,0,0,9644
/Game/Effects/Blueprints/B_WeaponImpacts.B_WeaponImpacts,/Script/Engine.Blueprint,5006,5006,0,0,20711
/Game/Effects/Camera/Damage/NCLE_DamageTaken.NCLE_DamageTaken,/Script/Engine.Blueprint,1017,1017,0,0,1894
/Game/Environments/B_LoadRandomLobbyBackground.B_LoadRandomLobbyBackground,/Script/Engine.Blueprint,3201,3201,0,0,8925
/Game/Environments/Gameplay/BP_GameplayEffectPad.BP_GameplayEffectPad,/Script/Engine.Blueprint,3982,3982,0,0,11509
/Game/Environments/Gameplay/GE_GameplayEffectPad_Damage.GE_GameplayEffectPad_Damage,/Script/Engine.Blueprint,750,750,0,0,1399
/Game/Environments/Gameplay/GE_GameplayEffectPad_Heal.GE_GameplayEffectPad_Heal,/Script/Engine.Blueprint,740,740,0,0,1371
/Game/Feedback/CameraShakes/CS_Character_DamageTaken.CS_Character_DamageTaken,/Script/Engine.Blueprint,905,905,0,0,905
/Game/Feedback/CameraShakes/CS_Character_Heal.CS_Character_Heal,/Script/Engine.Blueprint,868,868,0,0,868
/Game/Feedback/CameraShakes/CS_Weapon_Fire.CS_Weapon_Fire,/Script/Engine.Blueprint,861,861,0,0,861
/Game/Feedback/CameraShakes/CS_Weapon_Fire_Pistol.CS_Weapon_Fire_Pistol,/Script/Engine.Blueprint,938,938,0,0,938
/Game/Feedback/CameraShakes/CS_Weapon_Fire_Rifle.CS_Weapon_Fire_Rifle,/Script/Engine.Blueprint,931,931,0,0,931
/Game/Feedback/CameraShakes/CS_Weapon_Fire_Shotgun.CS_Weapon_Fire_Shotgun,/Script/Engine.Blueprint,937,937,0,0,937
/Game/GameplayCueNotifies/GCN_Character_Heal.GCN_Character_Heal,/Script/Engine.Blueprint,1953,1953,0,0,3819
/Game/GameplayCueNotifies/GCN_Test_Burst.GCN_Test_Burst,/Script/Engine.Blueprint,1135,1135,0,0,1859
/Game/GameplayCueNotifies/GCN_Test_BurstLatent.GCN_Test_BurstLatent,/Script/Engine.Blueprint,1861,1861,0,0,3516
/Game/GameplayCueNotifies/GCN_Weapon_Impact.GCN_Weapon_Impact,/Script/Engine.Blueprint,975,975,0,0,1963
/Game/GameplayCueNotifies/GCNL_Character_DamageTaken.GCNL_Character_DamageTaken,/Script/Engine.Blueprint,7905,7905,0,0,35170
/Game/GameplayCueNotifies/GCNL_Test_Looping.GCNL_Test_Looping,/Script/Engine.Blueprint,2092,2092,0,0,5081
/Game/GameplayCueNotifies/GCNL_Widget_Base.GCNL_Widget_Base,/Script/Engine.Blueprint,2953,2953,0,0,7294
/Game/GameplayCueNotifies/I_GameplayCueWidget.I_GameplayCueWidget,/Script/Engine.Blueprint,997,997,0,0,997
/Game/GameplayCues/GC_Combat_Dismember_State.GC_Combat_Dismember_State,/Script/Engine.Blueprint,764,764,0,0,764
/Game/GameplayCues/GCN_AFL_Dash_Activated.GCN_AFL_Dash_Activated,/Script/Engine.Blueprint,927,927,0,0,927
/Game/GameplayCues/GCN_AFL_Dismember_HeadPop.GCN_AFL_Dismember_HeadPop,/Script/Engine.Blueprint,963,963,0,0,963
/Game/GameplayCues/GCN_AFL_Energy_Overdrive.GCN_AFL_Energy_Overdrive,/Script/Engine.Blueprint,923,923,0,0,1679
/Game/GameplayCues/GCN_AFL_Laser_Beam.GCN_AFL_Laser_Beam,/Script/Engine.Blueprint,2010,2010,0,0,5001
/Game/GameplayCues/GCN_AFL_Pulse_Fire.GCN_AFL_Pulse_Fire,/Script/Engine.Blueprint,1914,1914,0,0,4987
/Game/GameplayCues/GCN_AFL_Pulse_Tracer.GCN_AFL_Pulse_Tracer,/Script/Engine.Blueprint,2621,2621,0,0,9485
/Game/GameplayEffects/Damage/GameplayEffectParent_Damage_Basic.GameplayEffectParent_Damage_Basic,/Script/Engine.Blueprint,806,806,0,0,1448
/Game/GameplayEffects/Damage/GE_Damage_Basic_Instant.GE_Damage_Basic_Instant,/Script/Engine.Blueprint,661,661,0,0,1290
/Game/GameplayEffects/Damage/GE_Damage_Basic_Periodic.GE_Damage_Basic_Periodic,/Script/Engine.Blueprint,673,673,0,0,1309
/Game/GameplayEffects/Damage/GE_Damage_Basic_SetByCaller.GE_Damage_Basic_SetByCaller,/Script/Engine.Blueprint,843,843,0,0,1642
/Game/GameplayEffects/GE_BlockAbilityInput.GE_BlockAbilityInput,/Script/Engine.Blueprint,977,977,0,0,977
/Game/GameplayEffects/GE_DynamicTag.GE_DynamicTag,/Script/Engine.Blueprint,659,659,0,0,659
/Game/GameplayEffects/GE_HeroDash_Cooldown.GE_HeroDash_Cooldown,/Script/Engine.Blueprint,993,993,0,0,993
/Game/GameplayEffects/GE_IsPlayer.GE_IsPlayer,/Script/Engine.Blueprint,937,937,0,0,937
/Game/GameplayEffects/Heal/GameplayEffectParent_Heal.GameplayEffectParent_Heal,/Script/Engine.Blueprint,750,750,0,0,1356
/Game/GameplayEffects/Heal/GE_Heal_Periodic.GE_Heal_Periodic,/Script/Engine.Blueprint,650,650,0,0,1227
/Game/GameplayEffects/Heal/GE_Heal_SetByCaller.GE_Heal_SetByCaller,/Script/Engine.Blueprint,825,825,0,0,1550
/Game/Sci_FI_Valley_Village/BP/Crates/BP_crate.BP_crate,/Script/Engine.Blueprint,2753,2753,0,0,10653
/Game/Sci_FI_Valley_Village/BP/Crates/BP_crate1.BP_crate1,/Script/Engine.Blueprint,3024,3024,0,0,12189
/Game/Sci_FI_Valley_Village/BP/House/BP_house.BP_house,/Script/Engine.Blueprint,6266,6266,0,0,25100
/Game/Sci_FI_Valley_Village/BP/House/BP_house1.BP_house1,/Script/Engine.Blueprint,6927,6927,0,0,28714
/Game/Sci_FI_Valley_Village/BP/Lamp/BP_light.BP_light,/Script/Engine.Blueprint,1177,1177,0,0,2451
/Game/Sci_FI_Valley_Village/BP/Lift/BP_lift.BP_lift,/Script/Engine.Blueprint,3369,3369,0,0,9436
/Game/Sci_FI_Valley_Village/BP/Pipe/BP_pipe_spline.BP_pipe_spline,/Script/Engine.Blueprint,2727,2727,0,0,7580
/Game/Sci_FI_Valley_Village/BP/Propeller/BP_propeller.BP_propeller,/Script/Engine.Blueprint,1844,1844,0,0,4074
/Game/Sci_FI_Valley_Village/BP/Ship_flying/BP_ship_flying.BP_ship_flying,/Script/Engine.Blueprint,2849,2849,0,0,7918
/Game/Sci_FI_Valley_Village/BP/Skybox/BP_sky.BP_sky,/Script/Engine.Blueprint,1400,1400,0,0,2971
/Game/Sci_FI_Valley_Village/BP/Water/BP_water.BP_water,/Script/Engine.Blueprint,1132,1132,0,0,2158
/Game/Sci_FI_Valley_Village/BP/Wind_turbine/BP_wind_turbine.BP_wind_turbine,/Script/Engine.Blueprint,1878,1878,0,0,4171
/Game/Sci_FI_Valley_Village/BP/Wind_turbine/BP_wind_turbine1.BP_wind_turbine1,/Script/Engine.Blueprint,1879,1879,0,0,4171
/Game/ShantyTown/Blueprints/Buildings/SM_Building_01_BP.SM_Building_01_BP,/Script/Engine.Blueprint,1842,1842,0,0,5773
/Game/ShantyTown/Blueprints/Buildings/SM_Building_02_BP.SM_Building_02_BP,/Script/Engine.Blueprint,4107,4107,0,0,19415
/Game/ShantyTown/Blueprints/Buildings/SM_Building_03_BP.SM_Building_03_BP,/Script/Engine.Blueprint,5249,5249,0,0,27884
/Game/ShantyTown/Blueprints/Doors/BP_Door_Inside_01.BP_Door_Inside_01,/Script/Engine.Blueprint,1204,1204,0,0,2437
/Game/ShantyTown/Blueprints/Doors/BP_Door_Outside_01.BP_Door_Outside_01,/Script/Engine.Blueprint,1200,1200,0,0,2445
/Game/ShantyTown/Blueprints/Fence/BP_Fence_01.BP_Fence_01,/Script/Engine.Blueprint,2696,2696,0,0,7577
/Game/ShantyTown/Blueprints/Fence/BP_Fence_Palm_01.BP_Fence_Palm_01,/Script/Engine.Blueprint,2694,2694,0,0,7573
/Game/ShantyTown/Blueprints/Misc/BP_Cables_01.BP_Cables_01,/Script/Engine.Blueprint,2681,2681,0,0,7545
/Game/ShantyTown/Blueprints/Misc/BP_Cables_02.BP_Cables_02,/Script/Engine.Blueprint,2682,2682,0,0,7545
/Game/ShantyTown/Blueprints/Misc/BP_Road_01.BP_Road_01,/Script/Engine.Blueprint,2679,2679,0,0,7528
/Game/ShantyTown/Blueprints/Misc/BP_Water_Blockade_01.BP_Water_Blockade_01,/Script/Engine.Blueprint,2645,2645,0,0,7578
/Game/System/DefaultEditorMap/B_ExperienceList3D.B_ExperienceList3D,/Script/Engine.Blueprint,3666,3666,0,0,11370
/Game/System/DefaultEditorMap/B_TeleportToUserFacingExperience.B_TeleportToUserFacingExperience,/Script/Engine.Blueprint,4027,4027,0,0,11165
/Game/System/Experiences/B_LyraDefaultExperience.B_LyraDefaultExperience,/Script/Engine.Blueprint,691,691,0,0,1130
/Game/System/FrontEnd/B_LyraFrontEnd_Experience.B_LyraFrontEnd_Experience,/Script/Engine.Blueprint,1254,1254,0,0,2371
/Game/Tools/BakedGeneratedMeshSystem/BaseClasses/BakedStaticMeshActor.BakedStaticMeshActor,/Script/Engine.Blueprint,926,926,0,0,1670
/Game/UI/B_CommonInputData.B_CommonInputData,/Script/Engine.Blueprint,808,808,0,0,808
/Game/UI/B_LyraFrontendStateComponent.B_LyraFrontendStateComponent,/Script/Engine.Blueprint,858,858,0,0,858
/Game/UI/B_LyraUIPolicy.B_LyraUIPolicy,/Script/Engine.Blueprint,718,718,0,0,718
/Game/UI/Foundation/Buttons/ButtonStyle-Clear.ButtonStyle-Clear,/Script/Engine.Blueprint,731,731,0,0,731
/Game/UI/Foundation/Buttons/ButtonStyle-Primary-M.ButtonStyle-Primary-M,/Script/Engine.Blueprint,555,555,0,0,1114
/Game/UI/Foundation/Platform/Input/GamepadPS4/CommonInput_Gamepad_PS4.CommonInput_Gamepad_PS4,/Script/Engine.Blueprint,2264,2264,0,0,8119
/Game/UI/Foundation/Platform/Input/GamepadPS5/CommonInput_Gamepad_PS5.CommonInput_Gamepad_PS5,/Script/Engine.Blueprint,2263,2263,0,0,8116
/Game/UI/Foundation/Platform/Input/GamepadXboxOne/CommonInput_Gamepad_XboxOne.CommonInput_Gamepad_XboxOne,/Script/Engine.Blueprint,2269,2269,0,0,8784
/Game/UI/Foundation/Platform/Input/GamepadXboxSeriesX/CommonInput_Gamepad_XSX.CommonInput_Gamepad_XSX,/Script/Engine.Blueprint,2320,2320,0,0,8913
/Game/UI/Foundation/Platform/Input/KeyboardMouse/CommonInput_KeyboardMouse.CommonInput_KeyboardMouse,/Script/Engine.Blueprint,1031,1031,0,0,2819
/Game/UI/Foundation/RichTextData/CommonUIRichTextData.CommonUIRichTextData,/Script/Engine.Blueprint,796,796,0,0,796
/Game/UI/Foundation/Text/TextScrollStyle-Base.TextScrollStyle-Base,/Script/Engine.Blueprint,702,702,0,0,702
/Game/UI/Foundation/Text/TextStyle-Huge.TextStyle-Huge,/Script/Engine.Blueprint,815,815,0,0,815
/Game/UI/Foundation/Text/TextStyle-Regular.TextStyle-Regular,/Script/Engine.Blueprint,810,810,0,0,810
/Game/UI/Foundation/Text/TextStyle-Small++.TextStyle-Small++,/Script/Engine.Blueprint,814,814,0,0,814
/Game/UI/Foundation/Widgets/InputActionWidget.InputActionWidget,/Script/Engine.Blueprint,829,829,0,0,829
/Game/UI/Indicators/NameplateManagerComponent.NameplateManagerComponent,/Script/Engine.Blueprint,4005,4005,0,0,12999
/Game/UI/Indicators/NameplateSource.NameplateSource,/Script/Engine.Blueprint,2372,2372,0,0,5902
/Game/UI/IRONICS/Styles/BS_IRONICS_Glass_Primary.BS_IRONICS_Glass_Primary,/Script/Engine.Blueprint,750,750,0,0,750
/Game/UI/IRONICS/Styles/BTN_IRONICS_Control.BTN_IRONICS_Control,/Script/Engine.Blueprint,691,691,0,0,1482
/Game/UI/IRONICS/Styles/BTN_IRONICS_Lead.BTN_IRONICS_Lead,/Script/Engine.Blueprint,627,627,0,0,1389
/Game/UI/IRONICS/Styles/BTN_IRONICS_Tab.BTN_IRONICS_Tab,/Script/Engine.Blueprint,711,711,0,0,1591
/Game/UI/IRONICS/Styles/TS_IRONICS_Data_Electric.TS_IRONICS_Data_Electric,/Script/Engine.Blueprint,829,829,0,0,829
/Game/UI/IRONICS/Styles/TS_IRONICS_Data_Primary.TS_IRONICS_Data_Primary,/Script/Engine.Blueprint,829,829,0,0,829
/Game/UI/IRONICS/Styles/TS_IRONICS_Data_Secondary.TS_IRONICS_Data_Secondary,/Script/Engine.Blueprint,829,829,0,0,829
/Game/UI/IRONICS/Styles/TS_IRONICS_Display_Electric.TS_IRONICS_Display_Electric,/Script/Engine.Blueprint,838,838,0,0,838
/Game/UI/IRONICS/Styles/TS_IRONICS_Display_Primary.TS_IRONICS_Display_Primary,/Script/Engine.Blueprint,838,838,0,0,838
/Game/UI/IRONICS/Styles/TS_IRONICS_Text_Electric.TS_IRONICS_Text_Electric,/Script/Engine.Blueprint,830,830,0,0,830
/Game/UI/IRONICS/Styles/TS_IRONICS_Text_Primary.TS_IRONICS_Text_Primary,/Script/Engine.Blueprint,830,830,0,0,830
/Game/UI/IRONICS/Styles/TS_IRONICS_Text_Secondary.TS_IRONICS_Text_Secondary,/Script/Engine.Blueprint,830,830,0,0,830
/Game/UI/IRONICS/Styles/TS_IRONICS_Text_Tertiary.TS_IRONICS_Text_Tertiary,/Script/Engine.Blueprint,830,830,0,0,830
/Game/UI/Menu/Art/Emblem3D/BP_IRONICS_Emblem_Spinner.BP_IRONICS_Emblem_Spinner,/Script/Engine.Blueprint,1107,1107,0,0,2403
/Game/UI/Menu/LyraScrollBox.LyraScrollBox,/Script/Engine.Blueprint,853,853,0,0,1628
/Game/Weapons/B_Weapon.B_Weapon,/Script/Engine.Blueprint,6013,6013,0,0,22560
/Game/Weapons/GA_Weapon_AutoReload.GA_Weapon_AutoReload,/Script/Engine.Blueprint,2803,2803,0,0,6882
/Game/Weapons/GA_Weapon_Fire.GA_Weapon_Fire,/Script/Engine.Blueprint,7145,7145,0,0,27509
/Game/Weapons/GA_Weapon_ReloadMagazine.GA_Weapon_ReloadMagazine,/Script/Engine.Blueprint,4082,4082,0,0,13324
/Game/Weapons/Pistol/GA_Weapon_Reload_Pistol.GA_Weapon_Reload_Pistol,/Script/Engine.Blueprint,931,931,0,0,931
/Game/Weapons/Pistol/GE_Damage_Pistol.GE_Damage_Pistol,/Script/Engine.Blueprint,843,843,0,0,1588
/MetaHumanCharacter/BuildPipeline/BP_DefaultLegacyPipeline.BP_DefaultLegacyPipeline,/Script/Engine.Blueprint,875,875,0,0,1605
/MetaHumanCharacter/BuildPipeline/BP_DefaultLegacyPipeline_High.BP_DefaultLegacyPipeline_High,/Script/Engine.Blueprint,574,574,0,0,1092
/MetaHumanCharacter/BuildPipeline/BP_DefaultLegacyPipeline_Low.BP_DefaultLegacyPipeline_Low,/Script/Engine.Blueprint,583,583,0,0,1107
/MetaHumanCharacter/BuildPipeline/BP_DefaultLegacyPipeline_Medium.BP_DefaultLegacyPipeline_Medium,/Script/Engine.Blueprint,582,582,0,0,1113
/MetaHumanCharacter/BuildPipeline/BP_DefaultPipeline.BP_DefaultPipeline,/Script/Engine.Blueprint,1043,1043,0,0,1867
/MetaHumanCharacter/BuildPipeline/BP_DefaultUEFNPipeline_High.BP_DefaultUEFNPipeline_High,/Script/Engine.Blueprint,879,879,0,0,1613
/MetaHumanCharacter/BuildPipeline/BP_DefaultUEFNPipeline_Low.BP_DefaultUEFNPipeline_Low,/Script/Engine.Blueprint,580,580,0,0,1097
/MetaHumanCharacter/BuildPipeline/BP_DefaultUEFNPipeline_Medium.BP_DefaultUEFNPipeline_Medium,/Script/Engine.Blueprint,581,581,0,0,1103
/MetaHumanCharacter/BuildPipeline/BP_MetaHuman.BP_MetaHuman,/Script/Engine.Blueprint,4573,4573,0,0,15938
/MetaHumanCharacter/BuildPipeline/DefaultWardobePipeline/DefaultGroomPipeline.DefaultGroomPipeline,/Script/Engine.Blueprint,1905,1905,0,0,6583
/MetaHumanCharacter/BuildPipeline/DefaultWardobePipeline/DefaultOutfitPipeline.DefaultOutfitPipeline,/Script/Engine.Blueprint,892,892,0,0,892
/MetaHumanCharacter/BuildPipeline/DefaultWardobePipeline/DefaultSkeletalMeshPipeline.DefaultSkeletalMeshPipeline,/Script/Engine.Blueprint,697,697,0,0,1242
/ShooterCore/Accolades/B_AccoladeRelay.B_AccoladeRelay,/Script/Engine.Blueprint,2351,2351,0,0,5361
/ShooterCore/Accolades/B_ElimChainProcessor.B_ElimChainProcessor,/Script/Engine.Blueprint,908,908,0,0,908
/ShooterCore/Accolades/B_EliminationFeedRelay.B_EliminationFeedRelay,/Script/Engine.Blueprint,2969,2969,0,0,8149
/ShooterCore/Accolades/B_ElimStreakProcessor.B_ElimStreakProcessor,/Script/Engine.Blueprint,986,986,0,0,986
/ShooterCore/Blueprint/B_AbilitySpawner.B_AbilitySpawner,/Script/Engine.Blueprint,3064,3064,0,0,6808
/ShooterCore/Blueprint/B_AimAssistTargetTest.B_AimAssistTargetTest,/Script/Engine.Blueprint,1477,1477,0,0,2890
/ShooterCore/Blueprint/B_ControlPointVolume.B_ControlPointVolume,/Script/Engine.Blueprint,10062,10062,0,0,38799
/ShooterCore/Blueprint/B_GrantAbilityPad_ApplyGE.B_GrantAbilityPad_ApplyGE,/Script/Engine.Blueprint,5578,5578,0,0,16545
/ShooterCore/Blueprint/B_GrantInventory_Pad.B_GrantInventory_Pad,/Script/Engine.Blueprint,3854,3854,0,0,10285
/ShooterCore/Blueprint/B_GrantInventoryPad_WithMesh.B_GrantInventoryPad_WithMesh,/Script/Engine.Blueprint,2312,2312,0,0,4890
/ShooterCore/Blueprint/B_Launcher.B_Launcher,/Script/Engine.Blueprint,3863,3863,0,0,10351
/ShooterCore/Blueprint/B_Launcher_Push.B_Launcher_Push,/Script/Engine.Blueprint,2756,2756,0,0,8631
/ShooterCore/Blueprint/B_Launcher_Up.B_Launcher_Up,/Script/Engine.Blueprint,2062,2062,0,0,4504
/ShooterCore/Blueprint/B_PerfTestActor.B_PerfTestActor,/Script/Engine.Blueprint,2679,2679,0,0,6945
/ShooterCore/Blueprint/B_PerfTestSpawner.B_PerfTestSpawner,/Script/Engine.Blueprint,3708,3708,0,0,9818
/ShooterCore/Blueprint/B_Teleport.B_Teleport,/Script/Engine.Blueprint,7025,7025,0,0,24209
/ShooterCore/Blueprint/B_WeaponSpawner.B_WeaponSpawner,/Script/Engine.Blueprint,6925,6925,0,0,20144
/ShooterCore/Blueprint/Macros/BPML_VFXMacros.BPML_VFXMacros,/Script/Engine.Blueprint,664,664,0,0,664
/ShooterCore/Bot/B_AI_Controller_LyraShooter.B_AI_Controller_LyraShooter,/Script/Engine.Blueprint,3304,3304,0,0,8293
/ShooterCore/Bot/B_AI_Controller_LyraShooter_Passive.B_AI_Controller_LyraShooter_Passive,/Script/Engine.Blueprint,1617,1617,0,0,3303
/ShooterCore/Bot/B_ShooterBotSpawner.B_ShooterBotSpawner,/Script/Engine.Blueprint,947,947,0,0,947
/ShooterCore/Bot/B_ShooterBotSpawner_Perf.B_ShooterBotSpawner_Perf,/Script/Engine.Blueprint,2585,2585,0,0,6589
/ShooterCore/Bot/BT/BTDecorator_AllowedToFire.BTDecorator_AllowedToFire,/Script/Engine.Blueprint,812,812,0,0,1376
/ShooterCore/Bot/EQS/Context/EQS_Context_ControlPoints.EQS_Context_ControlPoints,/Script/Engine.Blueprint,1709,1709,0,0,3957
/ShooterCore/Bot/EQS/Context/EQS_Context_TargetEnemy.EQS_Context_TargetEnemy,/Script/Engine.Blueprint,1167,1167,0,0,2380
/ShooterCore/Bot/EQS/Context/EQS_Context_WeaponCheck.EQS_Context_WeaponCheck,/Script/Engine.Blueprint,2636,2636,0,0,6896
/ShooterCore/Bot/EQS/Generator/EQS_GetAllEnemy.EQS_GetAllEnemy,/Script/Engine.Blueprint,1804,1804,0,0,4185
/ShooterCore/Bot/Services/BTS_CheckAmmo.BTS_CheckAmmo,/Script/Engine.Blueprint,1947,1947,0,0,4691
/ShooterCore/Bot/Services/BTS_ReloadWeapon.BTS_ReloadWeapon,/Script/Engine.Blueprint,1123,1123,0,0,2089
/ShooterCore/Bot/Services/BTS_SetFocus.BTS_SetFocus,/Script/Engine.Blueprint,1239,1239,0,0,2424
/ShooterCore/Bot/Services/BTS_Shoot.BTS_Shoot,/Script/Engine.Blueprint,3246,3246,0,0,10299
/ShooterCore/Camera/CM_ThirdPersonADS.CM_ThirdPersonADS,/Script/Engine.Blueprint,641,641,0,0,1089
/ShooterCore/ControlPoint/AI/B_AI_Controller_LyraShooter_ControlPoint.B_AI_Controller_LyraShooter_ControlPoint,/Script/Engine.Blueprint,1137,1137,0,0,2243
/ShooterCore/ControlPoint/AI/B_ShooterBotSpawner_ControlPoint.B_ShooterBotSpawner_ControlPoint,/Script/Engine.Blueprint,980,980,0,0,980
/ShooterCore/ControlPoint/B_ControlPointScoring.B_ControlPointScoring,/Script/Engine.Blueprint,5913,5913,0,0,22611
/ShooterCore/ControlPoint/B_MusicManagerComponent_ControlPoint.B_MusicManagerComponent_ControlPoint,/Script/Engine.Blueprint,2133,2133,0,0,4603
/ShooterCore/ControlPoint/GA_ShowLeaderboard_CP.GA_ShowLeaderboard_CP,/Script/Engine.Blueprint,621,621,0,0,1051
/ShooterCore/Elimination/B_MusicManagerComponent_Elimination.B_MusicManagerComponent_Elimination,/Script/Engine.Blueprint,937,937,0,0,1721
/ShooterCore/Elimination/B_TeamDeathMatchScoring.B_TeamDeathMatchScoring,/Script/Engine.Blueprint,5464,5464,0,0,18361
/ShooterCore/Elimination/GA_ShowLeaderboard_TDM.GA_ShowLeaderboard_TDM,/Script/Engine.Blueprint,624,624,0,0,1075
/ShooterCore/Experiences/B_LyraShooterGame_ControlPoints.B_LyraShooterGame_ControlPoints,/Script/Engine.Blueprint,1598,1598,0,0,3237
/ShooterCore/Experiences/B_ShooterGame_Elimination.B_ShooterGame_Elimination,/Script/Engine.Blueprint,1538,1538,0,0,3029
/ShooterCore/Experiences/B_ShooterGame_Perf.B_ShooterGame_Perf,/Script/Engine.Blueprint,1538,1538,0,0,3021
/ShooterCore/Experiences/Phases/GE_DamageImmunity_FromGameMode.GE_DamageImmunity_FromGameMode,/Script/Engine.Blueprint,1017,1017,0,0,1017
/ShooterCore/Experiences/Phases/GE_PregameLobby.GE_PregameLobby,/Script/Engine.Blueprint,700,700,0,0,1200
/ShooterCore/Game/B_HandleShooterReplays.B_HandleShooterReplays,/Script/Engine.Blueprint,1641,1641,0,0,3452
/ShooterCore/Game/B_Hero_ShooterMannequin.B_Hero_ShooterMannequin,/Script/Engine.Blueprint,10693,10693,0,0,39480
/ShooterCore/Game/B_QuickBarComponent.B_QuickBarComponent,/Script/Engine.Blueprint,666,666,0,0,666
/ShooterCore/Game/B_ShooterGameScoring_Base.B_ShooterGameScoring_Base,/Script/Engine.Blueprint,4167,4167,0,0,13928
/ShooterCore/Game/B_TeamColor_DeviceProperty.B_TeamColor_DeviceProperty,/Script/Engine.Blueprint,1860,1860,0,0,4161
/ShooterCore/Game/B_TeamSetup_TwoTeams.B_TeamSetup_TwoTeams,/Script/Engine.Blueprint,847,847,0,0,847
/ShooterCore/Game/B_TeamSpawningRules.B_TeamSpawningRules,/Script/Engine.Blueprint,666,666,0,0,666
/ShooterCore/Game/Dash/GA_Hero_Dash.GA_Hero_Dash,/Script/Engine.Blueprint,5315,5315,0,0,18540
/ShooterCore/Game/Emote/GA_Emote.GA_Emote,/Script/Engine.Blueprint,2746,2746,0,0,6826
/ShooterCore/Game/GA_QuickbarSlots.GA_QuickbarSlots,/Script/Engine.Blueprint,2233,2233,0,0,5618
/ShooterCore/Game/Melee/GA_Melee.GA_Melee,/Script/Engine.Blueprint,6012,6012,0,0,21504
/ShooterCore/Game/Respawn/GA_AutoRespawn.GA_AutoRespawn,/Script/Engine.Blueprint,5610,5610,0,0,18968
/ShooterCore/Game/Respawn/GA_SpawnEffect.GA_SpawnEffect,/Script/Engine.Blueprint,2947,2947,0,0,7888
/ShooterCore/Game/Respawn/GE_SpawnIn.GE_SpawnIn,/Script/Engine.Blueprint,680,680,0,0,1152
/ShooterCore/GameplayCues/GCN_InteractPickUp.GCN_InteractPickUp,/Script/Engine.Blueprint,2212,2212,0,0,5091
/ShooterCore/GameplayCues/GCN_Weapon_Melee.GCN_Weapon_Melee,/Script/Engine.Blueprint,1032,1032,0,0,1660
/ShooterCore/GameplayCues/GCN_Weapon_MeleeImpact.GCN_Weapon_MeleeImpact,/Script/Engine.Blueprint,747,747,0,0,1188
/ShooterCore/GameplayCues/GCNL_Dash.GCNL_Dash,/Script/Engine.Blueprint,4726,4726,0,0,15634
/ShooterCore/GameplayCues/GCNL_Death.GCNL_Death,/Script/Engine.Blueprint,5129,5129,0,0,16539
/ShooterCore/GameplayCues/GCNL_Launcher_Activate.GCNL_Launcher_Activate,/Script/Engine.Blueprint,5198,5198,0,0,16764
/ShooterCore/GameplayCues/GCNL_MatchDecided.GCNL_MatchDecided,/Script/Engine.Blueprint,976,976,0,0,1812
/ShooterCore/GameplayCues/GCNL_Spawning.GCNL_Spawning,/Script/Engine.Blueprint,5531,5531,0,0,19001
/ShooterCore/GameplayCues/GCNL_Teleporter_Activate.GCNL_Teleporter_Activate,/Script/Engine.Blueprint,4357,4357,0,0,15435
/ShooterCore/GameplayCues/GCNL_WaitingForPlayers.GCNL_WaitingForPlayers,/Script/Engine.Blueprint,990,990,0,0,1839
/ShooterCore/Input/Abilities/GA_ADS.GA_ADS,/Script/Engine.Blueprint,3670,3670,0,0,8795
/ShooterCore/Input/Abilities/GA_DropWeapon.GA_DropWeapon,/Script/Engine.Blueprint,1481,1481,0,0,3216
/ShooterCore/Input/Abilities/GA_Grenade.GA_Grenade,/Script/Engine.Blueprint,5123,5123,0,0,17818
/ShooterCore/Input/Abilities/GAB_ShowWidget_WhenInputPressed.GAB_ShowWidget_WhenInputPressed,/Script/Engine.Blueprint,1997,1997,0,0,4556
/ShooterCore/Input/Abilities/GAB_ShowWidget_WhileInputHeld.GAB_ShowWidget_WhileInputHeld,/Script/Engine.Blueprint,2886,2886,0,0,7645
/ShooterCore/Input/Components/B_AimAssistTargetManager.B_AimAssistTargetManager,/Script/Engine.Blueprint,769,769,0,0,1385
/ShooterCore/Item/B_HealPickup.B_HealPickup,/Script/Engine.Blueprint,1183,1183,0,0,2392
/ShooterCore/Items/HealthPickup/GE_InstantHeal_Big.GE_InstantHeal_Big,/Script/Engine.Blueprint,754,754,0,0,1372
/ShooterCore/Items/HealthPickup/GE_InstantHeal_Part.GE_InstantHeal_Part,/Script/Engine.Blueprint,756,756,0,0,1372
/ShooterCore/Items/HealthPickup/GE_InstantHeal_Pickup.GE_InstantHeal_Pickup,/Script/Engine.Blueprint,753,753,0,0,1380
/ShooterCore/Items/HealthPickup_Unused/GA_HealPickup.GA_HealPickup,/Script/Engine.Blueprint,2458,2458,0,0,5874
/ShooterCore/Items/HealthPickup_Unused/ID_HealPickup.ID_HealPickup,/Script/Engine.Blueprint,1428,1428,0,0,2632
/ShooterCore/Items/HealthPickup_Unused/WID_HealPickup.WID_HealPickup,/Script/Engine.Blueprint,662,662,0,0,1128
/ShooterCore/System/Audio/WeaponAudioFunctions.WeaponAudioFunctions,/Script/Engine.Blueprint,10774,10774,0,0,65112
/ShooterCore/UserInterface/ITakesLyraPlayerState.ITakesLyraPlayerState,/Script/Engine.Blueprint,1005,1005,0,0,1005
/ShooterCore/UserInterface/Notifications/EliminationFeed/ElimFeedEntry.ElimFeedEntry,/Script/Engine.Blueprint,934,934,0,0,934
/ShooterCore/Weapon/Grenade/B_Grenade.B_Grenade,/Script/Engine.Blueprint,7068,7068,0,0,22873
/ShooterCore/Weapons/B_WeaponInstance_Base.B_WeaponInstance_Base,/Script/Engine.Blueprint,3211,3211,0,0,11676
/ShooterCore/Weapons/GE_Damage_Melee.GE_Damage_Melee,/Script/Engine.Blueprint,969,969,0,0,1776
/ShooterCore/Weapons/Grenade/GCN_Grenade_Detonate.GCN_Grenade_Detonate,/Script/Engine.Blueprint,1532,1532,0,0,2866
/ShooterCore/Weapons/Grenade/GE_Damage_Grenade.GE_Damage_Grenade,/Script/Engine.Blueprint,930,930,0,0,1713
/ShooterCore/Weapons/Grenade/GE_Grenade_Cooldown.GE_Grenade_Cooldown,/Script/Engine.Blueprint,1007,1007,0,0,1007
/ShooterCore/Weapons/Pistol/B_Pistol.B_Pistol,/Script/Engine.Blueprint,1476,1476,0,0,2834
/ShooterCore/Weapons/Pistol/B_WeaponInstance_Pistol.B_WeaponInstance_Pistol,/Script/Engine.Blueprint,882,882,0,0,1660
/ShooterCore/Weapons/Pistol/GA_Weapon_Fire_Pistol.GA_Weapon_Fire_Pistol,/Script/Engine.Blueprint,823,823,0,0,1414
/ShooterCore/Weapons/Pistol/GCN_Weapon_Pistol_Fire.GCN_Weapon_Pistol_Fire,/Script/Engine.Blueprint,2957,2957,0,0,8966
/ShooterCore/Weapons/Pistol/ID_Pistol.ID_Pistol,/Script/Engine.Blueprint,1376,1376,0,0,2595
/ShooterCore/Weapons/Pistol/WID_Pistol.WID_Pistol,/Script/Engine.Blueprint,641,641,0,0,1095
/ShooterCore/Weapons/Rifle/B_Rifle.B_Rifle,/Script/Engine.Blueprint,1423,1423,0,0,2679
/ShooterCore/Weapons/Rifle/B_WeaponInstance_Rifle.B_WeaponInstance_Rifle,/Script/Engine.Blueprint,951,951,0,0,1851
/ShooterCore/Weapons/Rifle/GA_Weapon_Fire_Rifle_Auto.GA_Weapon_Fire_Rifle_Auto,/Script/Engine.Blueprint,735,735,0,0,1253
/ShooterCore/Weapons/Rifle/GA_Weapon_Reload_Rifle.GA_Weapon_Reload_Rifle,/Script/Engine.Blueprint,929,929,0,0,929
/ShooterCore/Weapons/Rifle/GCN_Weapon_Rifle_Fire.GCN_Weapon_Rifle_Fire,/Script/Engine.Blueprint,2989,2989,0,0,9108
/ShooterCore/Weapons/Rifle/GE_Damage_RifleAuto.GE_Damage_RifleAuto,/Script/Engine.Blueprint,862,862,0,0,1604
/ShooterCore/Weapons/Rifle/ID_Rifle.ID_Rifle,/Script/Engine.Blueprint,1393,1393,0,0,2587
/ShooterCore/Weapons/Rifle/WID_Rifle.WID_Rifle,/Script/Engine.Blueprint,635,635,0,0,1089
/ShooterCore/Weapons/Shotgun/B_Shotgun.B_Shotgun,/Script/Engine.Blueprint,1414,1414,0,0,2714
/ShooterCore/Weapons/Shotgun/B_WeaponInstance_Shotgun.B_WeaponInstance_Shotgun,/Script/Engine.Blueprint,1088,1088,0,0,2068
/ShooterCore/Weapons/Shotgun/GA_Weapon_Fire_Shotgun.GA_Weapon_Fire_Shotgun,/Script/Engine.Blueprint,834,834,0,0,1410
/ShooterCore/Weapons/Shotgun/GA_Weapon_Reload_Shotgun.GA_Weapon_Reload_Shotgun,/Script/Engine.Blueprint,941,941,0,0,941
/ShooterCore/Weapons/Shotgun/GCN_Weapon_Shotgun_Fire.GCN_Weapon_Shotgun_Fire,/Script/Engine.Blueprint,2962,2962,0,0,8978
/ShooterCore/Weapons/Shotgun/GE_Damage_Shotgun.GE_Damage_Shotgun,/Script/Engine.Blueprint,859,859,0,0,1596
/ShooterCore/Weapons/Shotgun/ID_Shotgun.ID_Shotgun,/Script/Engine.Blueprint,1380,1380,0,0,2617
/ShooterCore/Weapons/Shotgun/WID_Shotgun.WID_Shotgun,/Script/Engine.Blueprint,649,649,0,0,1125
/ShooterExplorer/AI/StateTrees/Tasks/STT_Follow.STT_Follow,/Script/Engine.Blueprint,1922,1922,0,0,4081
/ShooterExplorer/AI/StateTrees/Tasks/STT_GetPlayerLocation.STT_GetPlayerLocation,/Script/Engine.Blueprint,1102,1102,0,0,2086
/ShooterExplorer/AI/StateTrees/Tasks/STT_GoTo.STT_GoTo,/Script/Engine.Blueprint,2052,2052,0,0,4322
/ShooterExplorer/Blueprint/B_Hero_Explorer.B_Hero_Explorer,/Script/Engine.Blueprint,11590,11590,0,0,42578
/ShooterExplorer/Blueprint/B_Pawn_Explorer.B_Pawn_Explorer,/Script/Engine.Blueprint,11869,11869,0,0,43051
/ShooterExplorer/Input/Abilities/GA_Interact.GA_Interact,/Script/Engine.Blueprint,2757,2757,0,0,6444
/ShooterExplorer/Input/Abilities/GA_ToggleInventory.GA_ToggleInventory,/Script/Engine.Blueprint,975,975,0,0,975
/ShooterExplorer/Input/Abilities/GA_ToggleMap.GA_ToggleMap,/Script/Engine.Blueprint,951,951,0,0,951
/ShooterExplorer/Input/Abilities/GA_ToggleMarkerInWorld.GA_ToggleMarkerInWorld,/Script/Engine.Blueprint,2140,2140,0,0,4867
/ShooterExplorer/Interact/GA_Interaction_Collect.GA_Interaction_Collect,/Script/Engine.Blueprint,2931,2931,0,0,7254
/ShooterExplorer/Interact/GA_Interaction_Sit.GA_Interaction_Sit,/Script/Engine.Blueprint,2708,2708,0,0,6412
/ShooterExplorer/Items/B_InteractableChair.B_InteractableChair,/Script/Engine.Blueprint,1846,1846,0,0,4199
/ShooterExplorer/Items/B_InteractableRock.B_InteractableRock,/Script/Engine.Blueprint,1306,1306,0,0,2355
/ShooterExplorer/Items/TestID_Rock.TestID_Rock,/Script/Engine.Blueprint,705,705,0,0,705
/ShooterExplorer/Meshes/Gyms/SM_NavCube.SM_NavCube,/Script/Engine.Blueprint,1421,1421,0,0,3207
/ShooterExplorer/System/Experiences/B_TestInventoryExperience.B_TestInventoryExperience,/Script/Engine.Blueprint,1480,1480,0,0,2781
/ShooterExplorer/UserInterface/ItemAcquiredToastEntry.ItemAcquiredToastEntry,/Script/Engine.Blueprint,971,971,0,0,971
/ShooterExplorer/UserInterface/TextStyle-Large.TextStyle-Large,/Script/Engine.Blueprint,814,814,0,0,814
/ShooterMaps/GameplayCues/GC_Collect_Effect.GC_Collect_Effect,/Script/Engine.Blueprint,4664,4664,0,0,15303
/ShooterTests/Blueprint/B_DevicePropertyTester.B_DevicePropertyTester,/Script/Engine.Blueprint,1318,1318,0,0,2242
/ShooterTests/Blueprint/B_Test_AutoRun.B_Test_AutoRun,/Script/Engine.Blueprint,3031,3031,0,0,7723
/ShooterTests/Blueprint/B_Test_Base.B_Test_Base,/Script/Engine.Blueprint,1519,1519,0,0,2867
/ShooterTests/Blueprint/B_Test_FireWeapon.B_Test_FireWeapon,/Script/Engine.Blueprint,2767,2767,0,0,7682
/ShooterTests/Blueprint/BP_GameplayEffectPad_Forcefeedback.BP_GameplayEffectPad_Forcefeedback,/Script/Engine.Blueprint,3825,3825,0,0,10345
/ShooterTests/Blueprint/Messages/B_HeavyBroadcaster.B_HeavyBroadcaster,/Script/Engine.Blueprint,1033,1033,0,0,1794
/ShooterTests/Blueprint/Messages/B_HeavyListener.B_HeavyListener,/Script/Engine.Blueprint,897,897,0,0,1592
/ShooterTests/Blueprint/Messages/BP_Event_Broadcaster.BP_Event_Broadcaster,/Script/Engine.Blueprint,2829,2829,0,0,6640
/ShooterTests/Blueprint/Messages/BP_Event_Listener.BP_Event_Listener,/Script/Engine.Blueprint,928,928,0,0,1664
/ShooterTests/Input/DeviceColor/B_InputDeviceColor.B_InputDeviceColor,/Script/Engine.Blueprint,680,680,0,0,680
/ShooterTests/Input/SoundVibrations/B_AudioBasedVibration.B_AudioBasedVibration,/Script/Engine.Blueprint,799,799,0,0,799
/ShooterTests/Input/TriggerFeedback/B_TriggerFeedbackTest.B_TriggerFeedbackTest,/Script/Engine.Blueprint,898,898,0,0,898
/ShooterTests/Input/TriggerVibration/B_Trigger_Vibration_Test.B_Trigger_Vibration_Test,/Script/Engine.Blueprint,560,560,0,0,1053
/ShooterTests/System/Experiences/B_AutomatedShooterTest.B_AutomatedShooterTest,/Script/Engine.Blueprint,1503,1503,0,0,2904
/ShooterTests/System/Experiences/B_BasicShooterTest.B_BasicShooterTest,/Script/Engine.Blueprint,1491,1491,0,0,2896
/TopDownArena/Game/B_Hero_Arena.B_Hero_Arena,/Script/Engine.Blueprint,4450,4450,0,0,11145
/TopDownArena/Game/B_TeamSetup_FourTeams.B_TeamSetup_FourTeams,/Script/Engine.Blueprint,1004,1004,0,0,1004
/TopDownArena/Game/Bombs/B_Bomb_Base.B_Bomb_Base,/Script/Engine.Blueprint,6947,6947,0,0,23898
/TopDownArena/Game/Bombs/B_Bomb_Standard.B_Bomb_Standard,/Script/Engine.Blueprint,3966,3966,0,0,10707
/TopDownArena/Game/Bombs/GA_DropBomb.GA_DropBomb,/Script/Engine.Blueprint,3767,3767,0,0,11094
/TopDownArena/Game/Bombs/GE_Damaged_By_Bomb.GE_Damaged_By_Bomb,/Script/Engine.Blueprint,842,842,0,0,1574
/TopDownArena/Game/Bombs/GE_DecrementBombsRemaining.GE_DecrementBombsRemaining,/Script/Engine.Blueprint,975,975,0,0,975
/TopDownArena/Game/Bombs/GE_IncrementBombsRemaining.GE_IncrementBombsRemaining,/Script/Engine.Blueprint,975,975,0,0,975
/TopDownArena/Game/CM_ArenaFramingCamera.CM_ArenaFramingCamera,/Script/Engine.Blueprint,741,741,0,0,741
/TopDownArena/Game/Environment/B_DestructableBlock.B_DestructableBlock,/Script/Engine.Blueprint,1175,1175,0,0,2461
/TopDownArena/Game/Environment/B_EditorMapInfo.B_EditorMapInfo,/Script/Engine.Blueprint,897,897,0,0,1760
/TopDownArena/Game/GA_ArenaHero_Death.GA_ArenaHero_Death,/Script/Engine.Blueprint,1462,1462,0,0,2716
/TopDownArena/Game/Modes/B_TopDownArena_GameComponent_Base.B_TopDownArena_GameComponent_Base,/Script/Engine.Blueprint,3866,3866,0,0,12221
/TopDownArena/Game/Modes/B_TopDownArena_GameComponent_Lives.B_TopDownArena_GameComponent_Lives,/Script/Engine.Blueprint,902,902,0,0,902
/TopDownArena/Game/Modes/B_TopDownArena_GameComponent_SpawnLocalPlayers.B_TopDownArena_GameComponent_SpawnLocalPlayers,/Script/Engine.Blueprint,1850,1850,0,0,4287
/TopDownArena/Game/Modes/GE_Warmup.GE_Warmup,/Script/Engine.Blueprint,1009,1009,0,0,1009
/TopDownArena/Game/Pickups/B_TopDownArena_Pickup.B_TopDownArena_Pickup,/Script/Engine.Blueprint,3077,3077,0,0,8165
/TopDownArena/Game/Pickups/GE_BombCountUp.GE_BombCountUp,/Script/Engine.Blueprint,893,893,0,0,1799
/TopDownArena/Game/Pickups/GE_BombRangeUp.GE_BombRangeUp,/Script/Engine.Blueprint,846,846,0,0,1535
/TopDownArena/Game/Pickups/GET_ArenaPickup_Base.GET_ArenaPickup_Base,/Script/Engine.Blueprint,780,780,0,0,780
/TopDownArena/GameplayCues/GCN_GetReady.GCN_GetReady,/Script/Engine.Blueprint,966,966,0,0,1785
/TopDownArena/GameplayCues/GCN_PickupAcquired.GCN_PickupAcquired,/Script/Engine.Blueprint,946,946,0,0,946
/TopDownArena/System/Experiences/B_TopDownArena_Multiplayer_Experience.B_TopDownArena_Multiplayer_Experience,/Script/Engine.Blueprint,1274,1274,0,0,2460
/TopDownArena/System/Experiences/B_TopDownArenaExperience.B_TopDownArenaExperience,/Script/Engine.Blueprint,1206,1206,0,0,2239
/TopDownArena/UserInterface/Player/B_PlayerUIComponent.B_PlayerUIComponent,/Script/Engine.Blueprint,1501,1501,0,0,2962
/AFLBagMan/Abilities/DA_AFL_AbilitySet_Loadout.DA_AFL_AbilitySet_Loadout,/Script/LyraGame.LyraAbilitySet,457,457,0,0,457
/AFLBagMan/Abilities/DA_AFL_Respawn_AbilitySet.DA_AFL_Respawn_AbilitySet,/Script/LyraGame.LyraAbilitySet,456,456,0,0,456
/AFLBagMan/Abilities/EMP/AbilitySet_AFL_EMP.AbilitySet_AFL_EMP,/Script/LyraGame.LyraAbilitySet,447,447,0,0,447
/AFLCombat/Sets/AbilitySet_AFL_BeamConverge.AbilitySet_AFL_BeamConverge,/Script/LyraGame.LyraAbilitySet,538,538,0,0,538
/AFLCombat/Sets/AbilitySet_AFL_BeamCutter.AbilitySet_AFL_BeamCutter,/Script/LyraGame.LyraAbilitySet,521,521,0,0,521
/AFLCombat/Sets/AbilitySet_AFL_BeamFire_Shotgun.AbilitySet_AFL_BeamFire_Shotgun,/Script/LyraGame.LyraAbilitySet,520,520,0,0,520
/AFLCombat/Sets/AbilitySet_AFL_ChargeFire.AbilitySet_AFL_ChargeFire,/Script/LyraGame.LyraAbilitySet,506,506,0,0,506
/AFLCombat/Sets/AbilitySet_AFL_EMPDevice.AbilitySet_AFL_EMPDevice,/Script/LyraGame.LyraAbilitySet,529,529,0,0,529
/AFLCombat/Sets/AbilitySet_AFL_Flak.AbilitySet_AFL_Flak,/Script/LyraGame.LyraAbilitySet,509,509,0,0,509
/AFLCombat/Sets/AbilitySet_AFL_LobberArc.AbilitySet_AFL_LobberArc,/Script/LyraGame.LyraAbilitySet,536,536,0,0,536
/AFLCombat/Sets/AbilitySet_AFL_PulseFire.AbilitySet_AFL_PulseFire,/Script/LyraGame.LyraAbilitySet,410,410,0,0,410
/AFLCombat/Sets/AbilitySet_AFL_PulseFire_Pistol.AbilitySet_AFL_PulseFire_Pistol,/Script/LyraGame.LyraAbilitySet,520,520,0,0,520
/AFLCombat/Sets/AbilitySet_AFL_Railgun.AbilitySet_AFL_Railgun,/Script/LyraGame.LyraAbilitySet,523,523,0,0,523
/AFLCombat/Sets/AbilitySet_AFL_RocketFire.AbilitySet_AFL_RocketFire,/Script/LyraGame.LyraAbilitySet,529,529,0,0,529
/AFLCombat/Sets/AbilitySet_AFL_RocketFire_Homing.AbilitySet_AFL_RocketFire_Homing,/Script/LyraGame.LyraAbilitySet,552,552,0,0,552
/AFLCombat/Sets/AbilitySet_AFL_SeekerFire.AbilitySet_AFL_SeekerFire,/Script/LyraGame.LyraAbilitySet,529,529,0,0,529
/AFLCombat/Sets/AbilitySet_AFL_Shield.AbilitySet_AFL_Shield,/Script/LyraGame.LyraAbilitySet,521,521,0,0,521
/AFLCombat/Sets/AbilitySet_AFL_SMG.AbilitySet_AFL_SMG,/Script/LyraGame.LyraAbilitySet,507,507,0,0,507
/AFLCombat/Sets/AbilitySet_AFL_VoltArc.AbilitySet_AFL_VoltArc,/Script/LyraGame.LyraAbilitySet,524,524,0,0,524
/AFLCombat/Sets/DA_AFL_Combat_AbilitySet.DA_AFL_Combat_AbilitySet,/Script/LyraGame.LyraAbilitySet,807,807,0,0,807
/AFLMovement/Sets/DA_AFL_AbilitySet_Holster.DA_AFL_AbilitySet_Holster,/Script/LyraGame.LyraAbilitySet,515,515,0,0,515
/AFLMovement/Sets/DA_AFL_AbilitySet_Interaction.DA_AFL_AbilitySet_Interaction,/Script/LyraGame.LyraAbilitySet,611,611,0,0,611
/AFLMovement/Sets/DA_AFL_AbilitySet_Movement_Climb.DA_AFL_AbilitySet_Movement_Climb,/Script/LyraGame.LyraAbilitySet,523,523,0,0,523
/AFLMovement/Sets/DA_AFL_AbilitySet_Movement_Dash.DA_AFL_AbilitySet_Movement_Dash,/Script/LyraGame.LyraAbilitySet,514,514,0,0,514
/AFLMovement/Sets/DA_AFL_AbilitySet_Movement_Roll.DA_AFL_AbilitySet_Movement_Roll,/Script/LyraGame.LyraAbilitySet,514,514,0,0,514
/AFLMovement/Sets/DA_AFL_AbilitySet_Movement_Slide.DA_AFL_AbilitySet_Movement_Slide,/Script/LyraGame.LyraAbilitySet,523,523,0,0,523
/AFLMovement/Sets/DA_AFL_AbilitySet_Movement_Sprint.DA_AFL_AbilitySet_Movement_Sprint,/Script/LyraGame.LyraAbilitySet,524,524,0,0,524
/AFLMovement/Sets/DA_AFL_AbilitySet_Movement_Vault.DA_AFL_AbilitySet_Movement_Vault,/Script/LyraGame.LyraAbilitySet,523,523,0,0,523
/AFLMovement/Sets/DA_AFL_AbilitySet_Movement_WallRun.DA_AFL_AbilitySet_Movement_WallRun,/Script/LyraGame.LyraAbilitySet,626,626,0,0,626
/ShooterCore/ControlPoint/AbilitySet_ControlPoint.AbilitySet_ControlPoint,/Script/LyraGame.LyraAbilitySet,646,646,0,0,646
/ShooterCore/Elimination/AbilitySet_Elimination.AbilitySet_Elimination,/Script/LyraGame.LyraAbilitySet,638,638,0,0,638
/ShooterCore/Game/AbilitySet_ShooterHero.AbilitySet_ShooterHero,/Script/LyraGame.LyraAbilitySet,1068,1068,0,0,1900
/ShooterCore/Items/HealthPickup_Unused/AbilitySet_HealPickup.AbilitySet_HealPickup,/Script/LyraGame.LyraAbilitySet,548,548,0,0,548
/ShooterCore/Weapons/Pistol/AbilitySet_ShooterPistol.AbilitySet_ShooterPistol,/Script/LyraGame.LyraAbilitySet,804,804,0,0,804
/ShooterCore/Weapons/Rifle/AbilitySet_ShooterRifle.AbilitySet_ShooterRifle,/Script/LyraGame.LyraAbilitySet,812,812,0,0,812
/ShooterCore/Weapons/Shotgun/AbilitySet_ShooterShotgun.AbilitySet_ShooterShotgun,/Script/LyraGame.LyraAbilitySet,823,823,0,0,823
/ShooterExplorer/Input/Abilities/AbilitySet_InventoryTest.AbilitySet_InventoryTest,/Script/LyraGame.LyraAbilitySet,558,558,0,0,1037
/TopDownArena/Game/AbilitySet_Arena.AbilitySet_Arena,/Script/LyraGame.LyraAbilitySet,628,628,0,0,628
/AFLBagMan/Abilities/EMP/DA_AFL_AbilityCosmetic_EMP.DA_AFL_AbilityCosmetic_EMP,/Script/AFLCosmeticCore.AFLAbilityCosmeticAsset,430,430,0,0,430
/AFLBagMan/AFLBagMan.AFLBagMan,/Script/GameFeatures.GameFeatureData,533,533,0,0,533
/AFLCombat/AFLCombat.AFLCombat,/Script/GameFeatures.GameFeatureData,780,780,0,0,780
/AFLCore/AFLCore.AFLCore,/Script/GameFeatures.GameFeatureData,819,819,0,0,819
/AFLDismember/AFLDismember.AFLDismember,/Script/GameFeatures.GameFeatureData,298,298,0,0,298
/AFLMovement/AFLMovement.AFLMovement,/Script/GameFeatures.GameFeatureData,298,298,0,0,298
/ShooterCore/ShooterCore.ShooterCore,/Script/GameFeatures.GameFeatureData,1480,1480,0,0,2993
/ShooterExplorer/ShooterExplorer.ShooterExplorer,/Script/GameFeatures.GameFeatureData,676,676,0,0,676
/ShooterMaps/ShooterMaps.ShooterMaps,/Script/GameFeatures.GameFeatureData,613,613,0,0,1036
/ShooterTests/ShooterTests.ShooterTests,/Script/GameFeatures.GameFeatureData,682,682,0,0,682
/TopDownArena/TopDownArena.TopDownArena,/Script/GameFeatures.GameFeatureData,811,811,0,0,1479
/AFLBagMan/Characters/HeroData_BagMan.HeroData_BagMan,/Script/LyraGame.LyraPawnData,815,815,0,0,1387
/AFLBagMan/Characters/HeroData_BagMan_Pro.HeroData_BagMan_Pro,/Script/LyraGame.LyraPawnData,984,984,0,0,1954
/AFLMovement/Data/DA_AFL_PawnData_Hero_Default.DA_AFL_PawnData_Hero_Default,/Script/LyraGame.LyraPawnData,741,741,0,0,741
/Game/Characters/Heroes/EmptyPawnData/DefaultPawnData_EmptyPawn.DefaultPawnData_EmptyPawn,/Script/LyraGame.LyraPawnData,346,346,0,0,346
/Game/Characters/Heroes/SimplePawnData/SimplePawnData.SimplePawnData,/Script/LyraGame.LyraPawnData,785,785,0,0,785
/ShooterCore/Game/HeroData_ShooterGame.HeroData_ShooterGame,/Script/LyraGame.LyraPawnData,639,639,0,0,1025
/ShooterExplorer/Game/HeroData_Explorer.HeroData_Explorer,/Script/LyraGame.LyraPawnData,683,683,0,0,1062
/TopDownArena/Game/HeroData_Arena.HeroData_Arena,/Script/LyraGame.LyraPawnData,913,913,0,0,913
/AFLBagMan/Cosmetics/Beams/DA_AFL_BeamColor_AcidLemon.DA_AFL_BeamColor_AcidLemon,/Script/AFLCombat.AFLSkinColorAsset,428,428,0,0,428
/AFLBagMan/Cosmetics/Beams/DA_AFL_BeamColor_Amber.DA_AFL_BeamColor_Amber,/Script/AFLCombat.AFLSkinColorAsset,420,420,0,0,420
/AFLBagMan/Cosmetics/Beams/DA_AFL_BeamColor_ArcViolet.DA_AFL_BeamColor_ArcViolet,/Script/AFLCombat.AFLSkinColorAsset,428,428,0,0,428
/AFLBagMan/Cosmetics/Beams/DA_AFL_BeamColor_AzureSurge.DA_AFL_BeamColor_AzureSurge,/Script/AFLCombat.AFLSkinColorAsset,436,436,0,0,436
/AFLBagMan/Cosmetics/Beams/DA_AFL_BeamColor_BloodPlasma.DA_AFL_BeamColor_BloodPlasma,/Script/AFLCombat.AFLSkinColorAsset,436,436,0,0,436
/AFLBagMan/Cosmetics/Beams/DA_AFL_BeamColor_BubblegumFrost.DA_AFL_BeamColor_BubblegumFrost,/Script/AFLCombat.AFLSkinColorAsset,444,444,0,0,444
/AFLBagMan/Cosmetics/Beams/DA_AFL_BeamColor_CobaltDeep.DA_AFL_BeamColor_CobaltDeep,/Script/AFLCombat.AFLSkinColorAsset,436,436,0,0,436
/AFLBagMan/Cosmetics/Beams/DA_AFL_BeamColor_CrimsonArc.DA_AFL_BeamColor_CrimsonArc,/Script/AFLCombat.AFLSkinColorAsset,436,436,0,0,436
/AFLBagMan/Cosmetics/Beams/DA_AFL_BeamColor_CyanMagenta.DA_AFL_BeamColor_CyanMagenta,/Script/AFLCombat.AFLSkinColorAsset,436,436,0,0,436
/AFLBagMan/Cosmetics/Beams/DA_AFL_BeamColor_DeepAmethyst.DA_AFL_BeamColor_DeepAmethyst,/Script/AFLCombat.AFLSkinColorAsset,436,436,0,0,436
/AFLBagMan/Cosmetics/Beams/DA_AFL_BeamColor_ElectricBlue.DA_AFL_BeamColor_ElectricBlue,/Script/AFLCombat.AFLSkinColorAsset,436,436,0,0,436
/AFLBagMan/Cosmetics/Beams/DA_AFL_BeamColor_EmeraldPlasma.DA_AFL_BeamColor_EmeraldPlasma,/Script/AFLCombat.AFLSkinColorAsset,444,444,0,0,444
/AFLBagMan/Cosmetics/Beams/DA_AFL_BeamColor_FuchsiaGlow.DA_AFL_BeamColor_FuchsiaGlow,/Script/AFLCombat.AFLSkinColorAsset,436,436,0,0,436
/AFLBagMan/Cosmetics/Beams/DA_AFL_BeamColor_GlacierFrost.DA_AFL_BeamColor_GlacierFrost,/Script/AFLCombat.AFLSkinColorAsset,436,436,0,0,436
/AFLBagMan/Cosmetics/Beams/DA_AFL_BeamColor_GlitchAcid.DA_AFL_BeamColor_GlitchAcid,/Script/AFLCombat.AFLSkinColorAsset,436,436,0,0,436
/AFLBagMan/Cosmetics/Beams/DA_AFL_BeamColor_GlitchInferno.DA_AFL_BeamColor_GlitchInferno,/Script/AFLCombat.AFLSkinColorAsset,444,444,0,0,444
/AFLBagMan/Cosmetics/Beams/DA_AFL_BeamColor_GlitchLegend.DA_AFL_BeamColor_GlitchLegend,/Script/AFLCombat.AFLSkinColorAsset,436,436,0,0,436
/AFLBagMan/Cosmetics/Beams/DA_AFL_BeamColor_GlitchMagenta.DA_AFL_BeamColor_GlitchMagenta,/Script/AFLCombat.AFLSkinColorAsset,444,444,0,0,444
/AFLBagMan/Cosmetics/Beams/DA_AFL_BeamColor_GlitchNova.DA_AFL_BeamColor_GlitchNova,/Script/AFLCombat.AFLSkinColorAsset,436,436,0,0,436
/AFLBagMan/Cosmetics/Beams/DA_AFL_BeamColor_GlitchOrchid.DA_AFL_BeamColor_GlitchOrchid,/Script/AFLCombat.AFLSkinColorAsset,436,436,0,0,436
/AFLBagMan/Cosmetics/Beams/DA_AFL_BeamColor_GlitchVoid.DA_AFL_BeamColor_GlitchVoid,/Script/AFLCombat.AFLSkinColorAsset,436,436,0,0,436
/AFLBagMan/Cosmetics/Beams/DA_AFL_BeamColor_GoldPlasma.DA_AFL_BeamColor_GoldPlasma,/Script/AFLCombat.AFLSkinColorAsset,436,436,0,0,436
/AFLBagMan/Cosmetics/Beams/DA_AFL_BeamColor_GreenGold.DA_AFL_BeamColor_GreenGold,/Script/AFLCombat.AFLSkinColorAsset,428,428,0,0,428
/AFLBagMan/Cosmetics/Beams/DA_AFL_BeamColor_HotPink.DA_AFL_BeamColor_HotPink,/Script/AFLCombat.AFLSkinColorAsset,420,420,0,0,420
/AFLBagMan/Cosmetics/Beams/DA_AFL_BeamColor_IceCyan.DA_AFL_BeamColor_IceCyan,/Script/AFLCombat.AFLSkinColorAsset,420,420,0,0,420
/AFLBagMan/Cosmetics/Beams/DA_AFL_BeamColor_InfernoRed.DA_AFL_BeamColor_InfernoRed,/Script/AFLCombat.AFLSkinColorAsset,436,436,0,0,436
/AFLBagMan/Cosmetics/Beams/DA_AFL_BeamColor_JadeVenom.DA_AFL_BeamColor_JadeVenom,/Script/AFLCombat.AFLSkinColorAsset,428,428,0,0,428
/AFLBagMan/Cosmetics/Beams/DA_AFL_BeamColor_LavenderGlow.DA_AFL_BeamColor_LavenderGlow,/Script/AFLCombat.AFLSkinColorAsset,436,436,0,0,436
/AFLBagMan/Cosmetics/Beams/DA_AFL_BeamColor_MintFrost.DA_AFL_BeamColor_MintFrost,/Script/AFLCombat.AFLSkinColorAsset,428,428,0,0,428
/AFLBagMan/Cosmetics/Beams/DA_AFL_BeamColor_NeonLime.DA_AFL_BeamColor_NeonLime,/Script/AFLCombat.AFLSkinColorAsset,428,428,0,0,428
/AFLBagMan/Cosmetics/Beams/DA_AFL_BeamColor_NeonMagenta.DA_AFL_BeamColor_NeonMagenta,/Script/AFLCombat.AFLSkinColorAsset,436,436,0,0,436
/AFLBagMan/Cosmetics/Beams/DA_AFL_BeamColor_NeonOrchid.DA_AFL_BeamColor_NeonOrchid,/Script/AFLCombat.AFLSkinColorAsset,436,436,0,0,436
/AFLBagMan/Cosmetics/Beams/DA_AFL_BeamColor_NeonScarlet.DA_AFL_BeamColor_NeonScarlet,/Script/AFLCombat.AFLSkinColorAsset,436,436,0,0,436
/AFLBagMan/Cosmetics/Beams/DA_AFL_BeamColor_NeonYellow.DA_AFL_BeamColor_NeonYellow,/Script/AFLCombat.AFLSkinColorAsset,436,436,0,0,436
/AFLBagMan/Cosmetics/Beams/DA_AFL_BeamColor_PaleCitrine.DA_AFL_BeamColor_PaleCitrine,/Script/AFLCombat.AFLSkinColorAsset,436,436,0,0,436
/AFLBagMan/Cosmetics/Beams/DA_AFL_BeamColor_PlasmaIndigo.DA_AFL_BeamColor_PlasmaIndigo,/Script/AFLCombat.AFLSkinColorAsset,436,436,0,0,436
/AFLBagMan/Cosmetics/Beams/DA_AFL_BeamColor_PrismAmethyst.DA_AFL_BeamColor_PrismAmethyst,/Script/AFLCombat.AFLSkinColorAsset,444,444,0,0,444
/AFLBagMan/Cosmetics/Beams/DA_AFL_BeamColor_PrismArc.DA_AFL_BeamColor_PrismArc,/Script/AFLCombat.AFLSkinColorAsset,428,428,0,0,428
/AFLBagMan/Cosmetics/Beams/DA_AFL_BeamColor_PrismCrimson.DA_AFL_BeamColor_PrismCrimson,/Script/AFLCombat.AFLSkinColorAsset,436,436,0,0,436
/AFLBagMan/Cosmetics/Beams/DA_AFL_BeamColor_PrismFuchsia.DA_AFL_BeamColor_PrismFuchsia,/Script/AFLCombat.AFLSkinColorAsset,436,436,0,0,436
/AFLBagMan/Cosmetics/Beams/DA_AFL_BeamColor_PrismSolar.DA_AFL_BeamColor_PrismSolar,/Script/AFLCombat.AFLSkinColorAsset,436,436,0,0,436
/AFLBagMan/Cosmetics/Beams/DA_AFL_BeamColor_PrismVenom.DA_AFL_BeamColor_PrismVenom,/Script/AFLCombat.AFLSkinColorAsset,436,436,0,0,436
/AFLBagMan/Cosmetics/Beams/DA_AFL_BeamColor_RoseEmber.DA_AFL_BeamColor_RoseEmber,/Script/AFLCombat.AFLSkinColorAsset,428,428,0,0,428
/AFLBagMan/Cosmetics/Beams/DA_AFL_BeamColor_RosePlasma.DA_AFL_BeamColor_RosePlasma,/Script/AFLCombat.AFLSkinColorAsset,436,436,0,0,436
/AFLBagMan/Cosmetics/Beams/DA_AFL_BeamColor_RubyGlow.DA_AFL_BeamColor_RubyGlow,/Script/AFLCombat.AFLSkinColorAsset,428,428,0,0,428
/AFLBagMan/Cosmetics/Beams/DA_AFL_BeamColor_SapphireNight.DA_AFL_BeamColor_SapphireNight,/Script/AFLCombat.AFLSkinColorAsset,444,444,0,0,444
/AFLBagMan/Cosmetics/Beams/DA_AFL_BeamColor_SolarFlare.DA_AFL_BeamColor_SolarFlare,/Script/AFLCombat.AFLSkinColorAsset,436,436,0,0,436
/AFLBagMan/Cosmetics/Beams/DA_AFL_BeamColor_ToxicGreen.DA_AFL_BeamColor_ToxicGreen,/Script/AFLCombat.AFLSkinColorAsset,436,436,0,0,436
/AFLBagMan/Cosmetics/Beams/DA_AFL_BeamColor_VoidViolet.DA_AFL_BeamColor_VoidViolet,/Script/AFLCombat.AFLSkinColorAsset,436,436,0,0,436
/Game/BagMan/Characters/Cosmetics/Finishes/DA_AFL_Finish_Black.DA_AFL_Finish_Black,/Script/AFLCombat.AFLSkinColorAsset,900,900,0,0,900
/Game/BagMan/Characters/Cosmetics/Finishes/DA_AFL_Finish_Black_Akuma.DA_AFL_Finish_Black_Akuma,/Script/AFLCombat.AFLSkinColorAsset,989,989,0,0,989
/Game/BagMan/Characters/Cosmetics/Finishes/DA_AFL_Finish_Black_BigSixx.DA_AFL_Finish_Black_BigSixx,/Script/AFLCombat.AFLSkinColorAsset,1000,1000,0,0,1000
/Game/BagMan/Characters/Cosmetics/Finishes/DA_AFL_Finish_Black_Kage.DA_AFL_Finish_Black_Kage,/Script/AFLCombat.AFLSkinColorAsset,977,977,0,0,977
/Game/BagMan/Characters/Cosmetics/Finishes/DA_AFL_Finish_Black_Sable.DA_AFL_Finish_Black_Sable,/Script/AFLCombat.AFLSkinColorAsset,986,986,0,0,986
/Game/BagMan/Characters/Cosmetics/Finishes/DA_AFL_Finish_Blue.DA_AFL_Finish_Blue,/Script/AFLCombat.AFLSkinColorAsset,963,963,0,0,963
/Game/BagMan/Characters/Cosmetics/Finishes/DA_AFL_Finish_Blue_Cosmic.DA_AFL_Finish_Blue_Cosmic,/Script/AFLCombat.AFLSkinColorAsset,985,985,0,0,985
/Game/BagMan/Characters/Cosmetics/Finishes/DA_AFL_Finish_Blue_Ironics.DA_AFL_Finish_Blue_Ironics,/Script/AFLCombat.AFLSkinColorAsset,995,995,0,0,995
/Game/BagMan/Characters/Cosmetics/Finishes/DA_AFL_Finish_Coral_Draco.DA_AFL_Finish_Coral_Draco,/Script/AFLCombat.AFLSkinColorAsset,984,984,0,0,984
/Game/BagMan/Characters/Cosmetics/Finishes/DA_AFL_Finish_Crimson.DA_AFL_Finish_Crimson,/Script/AFLCombat.AFLSkinColorAsset,974,974,0,0,974
/Game/BagMan/Characters/Cosmetics/Finishes/DA_AFL_Finish_Cyan_Azure.DA_AFL_Finish_Cyan_Azure,/Script/AFLCombat.AFLSkinColorAsset,971,971,0,0,971
/Game/BagMan/Characters/Cosmetics/Finishes/DA_AFL_Finish_Cyan_Cielo.DA_AFL_Finish_Cyan_Cielo,/Script/AFLCombat.AFLSkinColorAsset,975,975,0,0,975
/Game/BagMan/Characters/Cosmetics/Finishes/DA_AFL_Finish_GlossBlack.DA_AFL_Finish_GlossBlack,/Script/AFLCombat.AFLSkinColorAsset,922,922,0,0,922
/Game/BagMan/Characters/Cosmetics/Finishes/DA_AFL_Finish_Gold_Aurelia.DA_AFL_Finish_Gold_Aurelia,/Script/AFLCombat.AFLSkinColorAsset,991,991,0,0,991
/Game/BagMan/Characters/Cosmetics/Finishes/DA_AFL_Finish_Green.DA_AFL_Finish_Green,/Script/AFLCombat.AFLSkinColorAsset,964,964,0,0,964
/Game/BagMan/Characters/Cosmetics/Finishes/DA_AFL_Finish_Green_Jade.DA_AFL_Finish_Green_Jade,/Script/AFLCombat.AFLSkinColorAsset,974,974,0,0,974
/Game/BagMan/Characters/Cosmetics/Finishes/DA_AFL_Finish_Green_Makhiavelli.DA_AFL_Finish_Green_Makhiavelli,/Script/AFLCombat.AFLSkinColorAsset,1020,1020,0,0,1020
/Game/BagMan/Characters/Cosmetics/Finishes/DA_AFL_Finish_Jade_Zen.DA_AFL_Finish_Jade_Zen,/Script/AFLCombat.AFLSkinColorAsset,975,975,0,0,975
/Game/BagMan/Characters/Cosmetics/Finishes/DA_AFL_Finish_OnyxChrome.DA_AFL_Finish_OnyxChrome,/Script/AFLCombat.AFLSkinColorAsset,986,986,0,0,986
/Game/BagMan/Characters/Cosmetics/Finishes/DA_AFL_Finish_Orange_Ember.DA_AFL_Finish_Orange_Ember,/Script/AFLCombat.AFLSkinColorAsset,986,986,0,0,986
/Game/BagMan/Characters/Cosmetics/Finishes/DA_AFL_Finish_Orange_Solar.DA_AFL_Finish_Orange_Solar,/Script/AFLCombat.AFLSkinColorAsset,985,985,0,0,985
/Game/BagMan/Characters/Cosmetics/Finishes/DA_AFL_Finish_Pink.DA_AFL_Finish_Pink,/Script/AFLCombat.AFLSkinColorAsset,963,963,0,0,963
/Game/BagMan/Characters/Cosmetics/Finishes/DA_AFL_Finish_Pink_Aria.DA_AFL_Finish_Pink_Aria,/Script/AFLCombat.AFLSkinColorAsset,980,980,0,0,980
/Game/BagMan/Characters/Cosmetics/Finishes/DA_AFL_Finish_Purple.DA_AFL_Finish_Purple,/Script/AFLCombat.AFLSkinColorAsset,973,973,0,0,973
/Game/BagMan/Characters/Cosmetics/Finishes/DA_AFL_Finish_Purple_Scarlett.DA_AFL_Finish_Purple_Scarlett,/Script/AFLCombat.AFLSkinColorAsset,1010,1010,0,0,1010
/Game/BagMan/Characters/Cosmetics/Finishes/DA_AFL_Finish_Red.DA_AFL_Finish_Red,/Script/AFLCombat.AFLSkinColorAsset,954,954,0,0,954
/Game/BagMan/Characters/Cosmetics/Finishes/DA_AFL_Finish_Red_Talon.DA_AFL_Finish_Red_Talon,/Script/AFLCombat.AFLSkinColorAsset,979,979,0,0,979
/Game/BagMan/Characters/Cosmetics/Finishes/DA_AFL_Finish_Steel_Ronin.DA_AFL_Finish_Steel_Ronin,/Script/AFLCombat.AFLSkinColorAsset,985,985,0,0,985
/Game/BagMan/Characters/Cosmetics/Finishes/DA_AFL_Finish_Teal_Rift.DA_AFL_Finish_Teal_Rift,/Script/AFLCombat.AFLSkinColorAsset,975,975,0,0,975
/Game/BagMan/Characters/Cosmetics/Finishes/DA_AFL_Finish_Violet_Astra.DA_AFL_Finish_Violet_Astra,/Script/AFLCombat.AFLSkinColorAsset,989,989,0,0,989
/Game/BagMan/Characters/Cosmetics/Finishes/DA_AFL_Finish_Violet_Indigo.DA_AFL_Finish_Violet_Indigo,/Script/AFLCombat.AFLSkinColorAsset,997,997,0,0,997
/Game/BagMan/Characters/Cosmetics/Finishes/DA_AFL_Finish_Violet_Stealth.DA_AFL_Finish_Violet_Stealth,/Script/AFLCombat.AFLSkinColorAsset,995,995,0,0,995
/Game/BagMan/Characters/Cosmetics/Finishes/DA_AFL_Finish_White_Halo.DA_AFL_Finish_White_Halo,/Script/AFLCombat.AFLSkinColorAsset,978,978,0,0,978
/Game/BagMan/Characters/Cosmetics/Finishes/DA_AFL_Finish_White_Valkyr.DA_AFL_Finish_White_Valkyr,/Script/AFLCombat.AFLSkinColorAsset,986,986,0,0,986
/Game/BagMan/Characters/Cosmetics/Finishes/DA_AFL_Finish_Yellow.DA_AFL_Finish_Yellow,/Script/AFLCombat.AFLSkinColorAsset,973,973,0,0,973
/Game/BagMan/Characters/Cosmetics/Finishes/DA_AFL_Finish_Yellow_Volt.DA_AFL_Finish_Yellow_Volt,/Script/AFLCombat.AFLSkinColorAsset,991,991,0,0,991
/Game/BagMan/Characters/Cosmetics/SkinColors/DA_AFL_Edge_AKUMA.DA_AFL_Edge_AKUMA,/Script/AFLCombat.AFLSkinColorAsset,918,918,0,0,918
/Game/BagMan/Characters/Cosmetics/SkinColors/DA_AFL_Edge_ARIA.DA_AFL_Edge_ARIA,/Script/AFLCombat.AFLSkinColorAsset,918,918,0,0,918
/Game/BagMan/Characters/Cosmetics/SkinColors/DA_AFL_Edge_ASTRA.DA_AFL_Edge_ASTRA,/Script/AFLCombat.AFLSkinColorAsset,918,918,0,0,918
/Game/BagMan/Characters/Cosmetics/SkinColors/DA_AFL_Edge_AURELIA.DA_AFL_Edge_AURELIA,/Script/AFLCombat.AFLSkinColorAsset,926,926,0,0,926
/Game/BagMan/Characters/Cosmetics/SkinColors/DA_AFL_Edge_AZURA.DA_AFL_Edge_AZURA,/Script/AFLCombat.AFLSkinColorAsset,918,918,0,0,918
/Game/BagMan/Characters/Cosmetics/SkinColors/DA_AFL_Edge_BigSixx.DA_AFL_Edge_BigSixx,/Script/AFLCombat.AFLSkinColorAsset,926,926,0,0,926
/Game/BagMan/Characters/Cosmetics/SkinColors/DA_AFL_Edge_Black.DA_AFL_Edge_Black,/Script/AFLCombat.AFLSkinColorAsset,823,823,0,0,823
/Game/BagMan/Characters/Cosmetics/SkinColors/DA_AFL_Edge_CIELO.DA_AFL_Edge_CIELO,/Script/AFLCombat.AFLSkinColorAsset,918,918,0,0,918
/Game/BagMan/Characters/Cosmetics/SkinColors/DA_AFL_Edge_Crimson.DA_AFL_Edge_Crimson,/Script/AFLCombat.AFLSkinColorAsset,891,891,0,0,891
/Game/BagMan/Characters/Cosmetics/SkinColors/DA_AFL_Edge_DRACO.DA_AFL_Edge_DRACO,/Script/AFLCombat.AFLSkinColorAsset,918,918,0,0,918
/Game/BagMan/Characters/Cosmetics/SkinColors/DA_AFL_Edge_EMBER.DA_AFL_Edge_EMBER,/Script/AFLCombat.AFLSkinColorAsset,918,918,0,0,918
/Game/BagMan/Characters/Cosmetics/SkinColors/DA_AFL_Edge_FANATICS.DA_AFL_Edge_FANATICS,/Script/AFLCombat.AFLSkinColorAsset,934,934,0,0,934
/Game/BagMan/Characters/Cosmetics/SkinColors/DA_AFL_Edge_HALO.DA_AFL_Edge_HALO,/Script/AFLCombat.AFLSkinColorAsset,918,918,0,0,918
/Game/BagMan/Characters/Cosmetics/SkinColors/DA_AFL_Edge_Indigo.DA_AFL_Edge_Indigo,/Script/AFLCombat.AFLSkinColorAsset,883,883,0,0,883
/Game/BagMan/Characters/Cosmetics/SkinColors/DA_AFL_Edge_IRONICS.DA_AFL_Edge_IRONICS,/Script/AFLCombat.AFLSkinColorAsset,926,926,0,0,926
/Game/BagMan/Characters/Cosmetics/SkinColors/DA_AFL_Edge_KAGE.DA_AFL_Edge_KAGE,/Script/AFLCombat.AFLSkinColorAsset,918,918,0,0,918
/Game/BagMan/Characters/Cosmetics/SkinColors/DA_AFL_Edge_Lime.DA_AFL_Edge_Lime,/Script/AFLCombat.AFLSkinColorAsset,875,875,0,0,875
/Game/BagMan/Characters/Cosmetics/SkinColors/DA_AFL_Edge_Magenta.DA_AFL_Edge_Magenta,/Script/AFLCombat.AFLSkinColorAsset,891,891,0,0,891
/Game/BagMan/Characters/Cosmetics/SkinColors/DA_AFL_Edge_MAKHIAVELLI.DA_AFL_Edge_MAKHIAVELLI,/Script/AFLCombat.AFLSkinColorAsset,942,942,0,0,942
/Game/BagMan/Characters/Cosmetics/SkinColors/DA_AFL_Edge_NeonBlue.DA_AFL_Edge_NeonBlue,/Script/AFLCombat.AFLSkinColorAsset,891,891,0,0,891
/Game/BagMan/Characters/Cosmetics/SkinColors/DA_AFL_Edge_NeonGreen.DA_AFL_Edge_NeonGreen,/Script/AFLCombat.AFLSkinColorAsset,900,900,0,0,900
/Game/BagMan/Characters/Cosmetics/SkinColors/DA_AFL_Edge_NeonPink.DA_AFL_Edge_NeonPink,/Script/AFLCombat.AFLSkinColorAsset,891,891,0,0,891
/Game/BagMan/Characters/Cosmetics/SkinColors/DA_AFL_Edge_NeonPurple.DA_AFL_Edge_NeonPurple,/Script/AFLCombat.AFLSkinColorAsset,901,901,0,0,901
/Game/BagMan/Characters/Cosmetics/SkinColors/DA_AFL_Edge_NeonRed.DA_AFL_Edge_NeonRed,/Script/AFLCombat.AFLSkinColorAsset,890,890,0,0,890
/Game/BagMan/Characters/Cosmetics/SkinColors/DA_AFL_Edge_NeonYellow.DA_AFL_Edge_NeonYellow,/Script/AFLCombat.AFLSkinColorAsset,899,899,0,0,899
/Game/BagMan/Characters/Cosmetics/SkinColors/DA_AFL_Edge_NOVAKAI.DA_AFL_Edge_NOVAKAI,/Script/AFLCombat.AFLSkinColorAsset,926,926,0,0,926
/Game/BagMan/Characters/Cosmetics/SkinColors/DA_AFL_Edge_ONYXPRIME.DA_AFL_Edge_ONYXPRIME,/Script/AFLCombat.AFLSkinColorAsset,934,934,0,0,934
/Game/BagMan/Characters/Cosmetics/SkinColors/DA_AFL_Edge_ORION.DA_AFL_Edge_ORION,/Script/AFLCombat.AFLSkinColorAsset,918,918,0,0,918
/Game/BagMan/Characters/Cosmetics/SkinColors/DA_AFL_Edge_RIFTONE.DA_AFL_Edge_RIFTONE,/Script/AFLCombat.AFLSkinColorAsset,926,926,0,0,926
/Game/BagMan/Characters/Cosmetics/SkinColors/DA_AFL_Edge_RONIN.DA_AFL_Edge_RONIN,/Script/AFLCombat.AFLSkinColorAsset,918,918,0,0,918
/Game/BagMan/Characters/Cosmetics/SkinColors/DA_AFL_Edge_RYU.DA_AFL_Edge_RYU,/Script/AFLCombat.AFLSkinColorAsset,910,910,0,0,910
/Game/BagMan/Characters/Cosmetics/SkinColors/DA_AFL_Edge_SABLE.DA_AFL_Edge_SABLE,/Script/AFLCombat.AFLSkinColorAsset,918,918,0,0,918
/Game/BagMan/Characters/Cosmetics/SkinColors/DA_AFL_Edge_SCARLETT.DA_AFL_Edge_SCARLETT,/Script/AFLCombat.AFLSkinColorAsset,934,934,0,0,934
/Game/BagMan/Characters/Cosmetics/SkinColors/DA_AFL_Edge_Solar.DA_AFL_Edge_Solar,/Script/AFLCombat.AFLSkinColorAsset,883,883,0,0,883
/Game/BagMan/Characters/Cosmetics/SkinColors/DA_AFL_Edge_SOLARA.DA_AFL_Edge_SOLARA,/Script/AFLCombat.AFLSkinColorAsset,926,926,0,0,926
/Game/BagMan/Characters/Cosmetics/SkinColors/DA_AFL_Edge_TALON.DA_AFL_Edge_TALON,/Script/AFLCombat.AFLSkinColorAsset,918,918,0,0,918
/Game/BagMan/Characters/Cosmetics/SkinColors/DA_AFL_Edge_VALKYR.DA_AFL_Edge_VALKYR,/Script/AFLCombat.AFLSkinColorAsset,926,926,0,0,926
/Game/BagMan/Characters/Cosmetics/SkinColors/DA_AFL_Edge_VANTA.DA_AFL_Edge_VANTA,/Script/AFLCombat.AFLSkinColorAsset,918,918,0,0,918
/Game/BagMan/Characters/Cosmetics/SkinColors/DA_AFL_Edge_VOLT.DA_AFL_Edge_VOLT,/Script/AFLCombat.AFLSkinColorAsset,918,918,0,0,918
/Game/BagMan/Characters/Cosmetics/SkinColors/DA_AFL_Edge_ZEN.DA_AFL_Edge_ZEN,/Script/AFLCombat.AFLSkinColorAsset,910,910,0,0,910
/Game/BagMan/Characters/Cosmetics/SkinColors/DA_AFL_Emblem_AKUMA.DA_AFL_Emblem_AKUMA,/Script/AFLCombat.AFLSkinColorAsset,587,587,0,0,587
/Game/BagMan/Characters/Cosmetics/SkinColors/DA_AFL_Emblem_ARIA.DA_AFL_Emblem_ARIA,/Script/AFLCombat.AFLSkinColorAsset,586,586,0,0,586
/Game/BagMan/Characters/Cosmetics/SkinColors/DA_AFL_Emblem_ASTRA.DA_AFL_Emblem_ASTRA,/Script/AFLCombat.AFLSkinColorAsset,587,587,0,0,587
/Game/BagMan/Characters/Cosmetics/SkinColors/DA_AFL_Emblem_AURELIA.DA_AFL_Emblem_AURELIA,/Script/AFLCombat.AFLSkinColorAsset,597,597,0,0,597
/Game/BagMan/Characters/Cosmetics/SkinColors/DA_AFL_Emblem_AZURA.DA_AFL_Emblem_AZURA,/Script/AFLCombat.AFLSkinColorAsset,587,587,0,0,587
/Game/BagMan/Characters/Cosmetics/SkinColors/DA_AFL_Emblem_BigSixx.DA_AFL_Emblem_BigSixx,/Script/AFLCombat.AFLSkinColorAsset,597,597,0,0,597
/Game/BagMan/Characters/Cosmetics/SkinColors/DA_AFL_Emblem_CIELO.DA_AFL_Emblem_CIELO,/Script/AFLCombat.AFLSkinColorAsset,587,587,0,0,587
/Game/BagMan/Characters/Cosmetics/SkinColors/DA_AFL_Emblem_DRACO.DA_AFL_Emblem_DRACO,/Script/AFLCombat.AFLSkinColorAsset,587,587,0,0,587
/Game/BagMan/Characters/Cosmetics/SkinColors/DA_AFL_Emblem_EMBER.DA_AFL_Emblem_EMBER,/Script/AFLCombat.AFLSkinColorAsset,587,587,0,0,587
/Game/BagMan/Characters/Cosmetics/SkinColors/DA_AFL_Emblem_FANATICS.DA_AFL_Emblem_FANATICS,/Script/AFLCombat.AFLSkinColorAsset,606,606,0,0,606
/Game/BagMan/Characters/Cosmetics/SkinColors/DA_AFL_Emblem_HALO.DA_AFL_Emblem_HALO,/Script/AFLCombat.AFLSkinColorAsset,586,586,0,0,586
/Game/BagMan/Characters/Cosmetics/SkinColors/DA_AFL_Emblem_IRONICS.DA_AFL_Emblem_IRONICS,/Script/AFLCombat.AFLSkinColorAsset,597,597,0,0,597
/Game/BagMan/Characters/Cosmetics/SkinColors/DA_AFL_Emblem_KAGE.DA_AFL_Emblem_KAGE,/Script/AFLCombat.AFLSkinColorAsset,586,586,0,0,586
/Game/BagMan/Characters/Cosmetics/SkinColors/DA_AFL_Emblem_MAKHIAVELLI.DA_AFL_Emblem_MAKHIAVELLI,/Script/AFLCombat.AFLSkinColorAsset,617,617,0,0,617
/Game/BagMan/Characters/Cosmetics/SkinColors/DA_AFL_Emblem_NOVAKAI.DA_AFL_Emblem_NOVAKAI,/Script/AFLCombat.AFLSkinColorAsset,597,597,0,0,597
/Game/BagMan/Characters/Cosmetics/SkinColors/DA_AFL_Emblem_ONYXPRIME.DA_AFL_Emblem_ONYXPRIME,/Script/AFLCombat.AFLSkinColorAsset,607,607,0,0,607
/Game/BagMan/Characters/Cosmetics/SkinColors/DA_AFL_Emblem_ORION.DA_AFL_Emblem_ORION,/Script/AFLCombat.AFLSkinColorAsset,587,587,0,0,587
/Game/BagMan/Characters/Cosmetics/SkinColors/DA_AFL_Emblem_RIFTONE.DA_AFL_Emblem_RIFTONE,/Script/AFLCombat.AFLSkinColorAsset,597,597,0,0,597
/Game/BagMan/Characters/Cosmetics/SkinColors/DA_AFL_Emblem_RONIN.DA_AFL_Emblem_RONIN,/Script/AFLCombat.AFLSkinColorAsset,587,587,0,0,587
/Game/BagMan/Characters/Cosmetics/SkinColors/DA_AFL_Emblem_RYU.DA_AFL_Emblem_RYU,/Script/AFLCombat.AFLSkinColorAsset,577,577,0,0,577
/Game/BagMan/Characters/Cosmetics/SkinColors/DA_AFL_Emblem_SABLE.DA_AFL_Emblem_SABLE,/Script/AFLCombat.AFLSkinColorAsset,587,587,0,0,587
/Game/BagMan/Characters/Cosmetics/SkinColors/DA_AFL_Emblem_SCARLETT.DA_AFL_Emblem_SCARLETT,/Script/AFLCombat.AFLSkinColorAsset,606,606,0,0,606
/Game/BagMan/Characters/Cosmetics/SkinColors/DA_AFL_Emblem_SOLARA.DA_AFL_Emblem_SOLARA,/Script/AFLCombat.AFLSkinColorAsset,596,596,0,0,596
/Game/BagMan/Characters/Cosmetics/SkinColors/DA_AFL_Emblem_TALON.DA_AFL_Emblem_TALON,/Script/AFLCombat.AFLSkinColorAsset,587,587,0,0,587
/Game/BagMan/Characters/Cosmetics/SkinColors/DA_AFL_Emblem_VALKYR.DA_AFL_Emblem_VALKYR,/Script/AFLCombat.AFLSkinColorAsset,596,596,0,0,596
/Game/BagMan/Characters/Cosmetics/SkinColors/DA_AFL_Emblem_VANTA.DA_AFL_Emblem_VANTA,/Script/AFLCombat.AFLSkinColorAsset,587,587,0,0,587
/Game/BagMan/Characters/Cosmetics/SkinColors/DA_AFL_Emblem_VOLT.DA_AFL_Emblem_VOLT,/Script/AFLCombat.AFLSkinColorAsset,586,586,0,0,586
/Game/BagMan/Characters/Cosmetics/SkinColors/DA_AFL_Emblem_ZEN.DA_AFL_Emblem_ZEN,/Script/AFLCombat.AFLSkinColorAsset,577,577,0,0,577
/Game/BagMan/Characters/Cosmetics/SkinColors/DA_AFL_Facemask_AKUMA.DA_AFL_Facemask_AKUMA,/Script/AFLCombat.AFLSkinColorAsset,604,604,0,0,604
/Game/BagMan/Characters/Cosmetics/SkinColors/DA_AFL_Facemask_Anarchy.DA_AFL_Facemask_Anarchy,/Script/AFLCombat.AFLSkinColorAsset,533,533,0,0,533
/Game/BagMan/Characters/Cosmetics/SkinColors/DA_AFL_Facemask_ARIA.DA_AFL_Facemask_ARIA,/Script/AFLCombat.AFLSkinColorAsset,596,596,0,0,596
/Game/BagMan/Characters/Cosmetics/SkinColors/DA_AFL_Facemask_ASTRA.DA_AFL_Facemask_ASTRA,/Script/AFLCombat.AFLSkinColorAsset,604,604,0,0,604
/Game/BagMan/Characters/Cosmetics/SkinColors/DA_AFL_Facemask_AURELIA.DA_AFL_Facemask_AURELIA,/Script/AFLCombat.AFLSkinColorAsset,612,612,0,0,612
/Game/BagMan/Characters/Cosmetics/SkinColors/DA_AFL_Facemask_AZURA.DA_AFL_Facemask_AZURA,/Script/AFLCombat.AFLSkinColorAsset,604,604,0,0,604
/Game/BagMan/Characters/Cosmetics/SkinColors/DA_AFL_Facemask_BasicVisor.DA_AFL_Facemask_BasicVisor,/Script/AFLCombat.AFLSkinColorAsset,540,540,0,0,540
/Game/BagMan/Characters/Cosmetics/SkinColors/DA_AFL_Facemask_BigSixx.DA_AFL_Facemask_BigSixx,/Script/AFLCombat.AFLSkinColorAsset,612,612,0,0,612
/Game/BagMan/Characters/Cosmetics/SkinColors/DA_AFL_Facemask_BrazilVerde.DA_AFL_Facemask_BrazilVerde,/Script/AFLCombat.AFLSkinColorAsset,543,543,0,0,543
/Game/BagMan/Characters/Cosmetics/SkinColors/DA_AFL_Facemask_Brow.DA_AFL_Facemask_Brow,/Script/AFLCombat.AFLSkinColorAsset,523,523,0,0,523
/Game/BagMan/Characters/Cosmetics/SkinColors/DA_AFL_Facemask_CanadaMaple.DA_AFL_Facemask_CanadaMaple,/Script/AFLCombat.AFLSkinColorAsset,543,543,0,0,543
/Game/BagMan/Characters/Cosmetics/SkinColors/DA_AFL_Facemask_CIELO.DA_AFL_Facemask_CIELO,/Script/AFLCombat.AFLSkinColorAsset,604,604,0,0,604
/Game/BagMan/Characters/Cosmetics/SkinColors/DA_AFL_Facemask_Cross.DA_AFL_Facemask_Cross,/Script/AFLCombat.AFLSkinColorAsset,525,525,0,0,525
/Game/BagMan/Characters/Cosmetics/SkinColors/DA_AFL_Facemask_Dot.DA_AFL_Facemask_Dot,/Script/AFLCombat.AFLSkinColorAsset,521,521,0,0,521
/Game/BagMan/Characters/Cosmetics/SkinColors/DA_AFL_Facemask_DotMatrix.DA_AFL_Facemask_DotMatrix,/Script/AFLCombat.AFLSkinColorAsset,540,540,0,0,540
/Game/BagMan/Characters/Cosmetics/SkinColors/DA_AFL_Facemask_DRACO.DA_AFL_Facemask_DRACO,/Script/AFLCombat.AFLSkinColorAsset,604,604,0,0,604
/Game/BagMan/Characters/Cosmetics/SkinColors/DA_AFL_Facemask_DragonChina.DA_AFL_Facemask_DragonChina,/Script/AFLCombat.AFLSkinColorAsset,548,548,0,0,548
/Game/BagMan/Characters/Cosmetics/SkinColors/DA_AFL_Facemask_EMBER.DA_AFL_Facemask_EMBER,/Script/AFLCombat.AFLSkinColorAsset,604,604,0,0,604
/Game/BagMan/Characters/Cosmetics/SkinColors/DA_AFL_Facemask_FANATICS.DA_AFL_Facemask_FANATICS,/Script/AFLCombat.AFLSkinColorAsset,628,628,0,0,628
/Game/BagMan/Characters/Cosmetics/SkinColors/DA_AFL_Facemask_FrancePhantom.DA_AFL_Facemask_FrancePhantom,/Script/AFLCombat.AFLSkinColorAsset,547,547,0,0,547
/Game/BagMan/Characters/Cosmetics/SkinColors/DA_AFL_Facemask_FreedomFighter.DA_AFL_Facemask_FreedomFighter,/Script/AFLCombat.AFLSkinColorAsset,556,556,0,0,556
/Game/BagMan/Characters/Cosmetics/SkinColors/DA_AFL_Facemask_GermanyCircuit.DA_AFL_Facemask_GermanyCircuit,/Script/AFLCombat.AFLSkinColorAsset,551,551,0,0,551
/Game/BagMan/Characters/Cosmetics/SkinColors/DA_AFL_Facemask_Grille.DA_AFL_Facemask_Grille,/Script/AFLCombat.AFLSkinColorAsset,528,528,0,0,528
/Game/BagMan/Characters/Cosmetics/SkinColors/DA_AFL_Facemask_HALO.DA_AFL_Facemask_HALO,/Script/AFLCombat.AFLSkinColorAsset,596,596,0,0,596
/Game/BagMan/Characters/Cosmetics/SkinColors/DA_AFL_Facemask_IndiaChakra.DA_AFL_Facemask_IndiaChakra,/Script/AFLCombat.AFLSkinColorAsset,544,544,0,0,544
/Game/BagMan/Characters/Cosmetics/SkinColors/DA_AFL_Facemask_IndonesiaRed.DA_AFL_Facemask_IndonesiaRed,/Script/AFLCombat.AFLSkinColorAsset,545,545,0,0,545
/Game/BagMan/Characters/Cosmetics/SkinColors/DA_AFL_Facemask_IRONICS.DA_AFL_Facemask_IRONICS,/Script/AFLCombat.AFLSkinColorAsset,612,612,0,0,612
/Game/BagMan/Characters/Cosmetics/SkinColors/DA_AFL_Facemask_IroVisor.DA_AFL_Facemask_IroVisor,/Script/AFLCombat.AFLSkinColorAsset,540,540,0,0,540
/Game/BagMan/Characters/Cosmetics/SkinColors/DA_AFL_Facemask_JapanSolar.DA_AFL_Facemask_JapanSolar,/Script/AFLCombat.AFLSkinColorAsset,545,545,0,0,545
/Game/BagMan/Characters/Cosmetics/SkinColors/DA_AFL_Facemask_JollyRoger.DA_AFL_Facemask_JollyRoger,/Script/AFLCombat.AFLSkinColorAsset,540,540,0,0,540
/Game/BagMan/Characters/Cosmetics/SkinColors/DA_AFL_Facemask_KAGE.DA_AFL_Facemask_KAGE,/Script/AFLCombat.AFLSkinColorAsset,596,596,0,0,596
/Game/BagMan/Characters/Cosmetics/SkinColors/DA_AFL_Facemask_Kawaii.DA_AFL_Facemask_Kawaii,/Script/AFLCombat.AFLSkinColorAsset,531,531,0,0,531
/Game/BagMan/Characters/Cosmetics/SkinColors/DA_AFL_Facemask_Liberty1776.DA_AFL_Facemask_Liberty1776,/Script/AFLCombat.AFLSkinColorAsset,550,550,0,0,550
/Game/BagMan/Characters/Cosmetics/SkinColors/DA_AFL_Facemask_LotusVietnam.DA_AFL_Facemask_LotusVietnam,/Script/AFLCombat.AFLSkinColorAsset,549,549,0,0,549
/Game/BagMan/Characters/Cosmetics/SkinColors/DA_AFL_Facemask_MAKHIAVELLI.DA_AFL_Facemask_MAKHIAVELLI,/Script/AFLCombat.AFLSkinColorAsset,628,628,0,0,628
/Game/BagMan/Characters/Cosmetics/SkinColors/DA_AFL_Facemask_MexicoEagle.DA_AFL_Facemask_MexicoEagle,/Script/AFLCombat.AFLSkinColorAsset,544,544,0,0,544
/Game/BagMan/Characters/Cosmetics/SkinColors/DA_AFL_Facemask_NOVAKAI.DA_AFL_Facemask_NOVAKAI,/Script/AFLCombat.AFLSkinColorAsset,612,612,0,0,612
/Game/BagMan/Characters/Cosmetics/SkinColors/DA_AFL_Facemask_ONYXPRIME.DA_AFL_Facemask_ONYXPRIME,/Script/AFLCombat.AFLSkinColorAsset,620,620,0,0,620
/Game/BagMan/Characters/Cosmetics/SkinColors/DA_AFL_Facemask_Orchard.DA_AFL_Facemask_Orchard,/Script/AFLCombat.AFLSkinColorAsset,533,533,0,0,533
/Game/BagMan/Characters/Cosmetics/SkinColors/DA_AFL_Facemask_ORION.DA_AFL_Facemask_ORION,/Script/AFLCombat.AFLSkinColorAsset,604,604,0,0,604
/Game/BagMan/Characters/Cosmetics/SkinColors/DA_AFL_Facemask_PhilippinesSun.DA_AFL_Facemask_PhilippinesSun,/Script/AFLCombat.AFLSkinColorAsset,550,550,0,0,550
/Game/BagMan/Characters/Cosmetics/SkinColors/DA_AFL_Facemask_RIFTONE.DA_AFL_Facemask_RIFTONE,/Script/AFLCombat.AFLSkinColorAsset,612,612,0,0,612
/Game/BagMan/Characters/Cosmetics/SkinColors/DA_AFL_Facemask_RONIN.DA_AFL_Facemask_RONIN,/Script/AFLCombat.AFLSkinColorAsset,604,604,0,0,604
/Game/BagMan/Characters/Cosmetics/SkinColors/DA_AFL_Facemask_RYU.DA_AFL_Facemask_RYU,/Script/AFLCombat.AFLSkinColorAsset,596,596,0,0,596
/Game/BagMan/Characters/Cosmetics/SkinColors/DA_AFL_Facemask_SABLE.DA_AFL_Facemask_SABLE,/Script/AFLCombat.AFLSkinColorAsset,604,604,0,0,604
/Game/BagMan/Characters/Cosmetics/SkinColors/DA_AFL_Facemask_SCARLETT.DA_AFL_Facemask_SCARLETT,/Script/AFLCombat.AFLSkinColorAsset,612,612,0,0,612
/Game/BagMan/Characters/Cosmetics/SkinColors/DA_AFL_Facemask_Slit.DA_AFL_Facemask_Slit,/Script/AFLCombat.AFLSkinColorAsset,525,525,0,0,525
/Game/BagMan/Characters/Cosmetics/SkinColors/DA_AFL_Facemask_SOLARA.DA_AFL_Facemask_SOLARA,/Script/AFLCombat.AFLSkinColorAsset,604,604,0,0,604
/Game/BagMan/Characters/Cosmetics/SkinColors/DA_AFL_Facemask_Solid.DA_AFL_Facemask_Solid,/Script/AFLCombat.AFLSkinColorAsset,527,527,0,0,527
/Game/BagMan/Characters/Cosmetics/SkinColors/DA_AFL_Facemask_Stripe.DA_AFL_Facemask_Stripe,/Script/AFLCombat.AFLSkinColorAsset,528,528,0,0,528
/Game/BagMan/Characters/Cosmetics/SkinColors/DA_AFL_Facemask_TaegukKorea.DA_AFL_Facemask_TaegukKorea,/Script/AFLCombat.AFLSkinColorAsset,544,544,0,0,544
/Game/BagMan/Characters/Cosmetics/SkinColors/DA_AFL_Facemask_TALON.DA_AFL_Facemask_TALON,/Script/AFLCombat.AFLSkinColorAsset,604,604,0,0,604
/Game/BagMan/Characters/Cosmetics/SkinColors/DA_AFL_Facemask_TechCircuit.DA_AFL_Facemask_TechCircuit,/Script/AFLCombat.AFLSkinColorAsset,550,550,0,0,550
/Game/BagMan/Characters/Cosmetics/SkinColors/DA_AFL_Facemask_TraitorsHang.DA_AFL_Facemask_TraitorsHang,/Script/AFLCombat.AFLSkinColorAsset,547,547,0,0,547
/Game/BagMan/Characters/Cosmetics/SkinColors/DA_AFL_Facemask_Twin.DA_AFL_Facemask_Twin,/Script/AFLCombat.AFLSkinColorAsset,526,526,0,0,526
/Game/BagMan/Characters/Cosmetics/SkinColors/DA_AFL_Facemask_UKUnionJack.DA_AFL_Facemask_UKUnionJack,/Script/AFLCombat.AFLSkinColorAsset,548,548,0,0,548
/Game/BagMan/Characters/Cosmetics/SkinColors/DA_AFL_Facemask_VALKYR.DA_AFL_Facemask_VALKYR,/Script/AFLCombat.AFLSkinColorAsset,604,604,0,0,604
/Game/BagMan/Characters/Cosmetics/SkinColors/DA_AFL_Facemask_VANTA.DA_AFL_Facemask_VANTA,/Script/AFLCombat.AFLSkinColorAsset,604,604,0,0,604
/Game/BagMan/Characters/Cosmetics/SkinColors/DA_AFL_Facemask_VOLT.DA_AFL_Facemask_VOLT,/Script/AFLCombat.AFLSkinColorAsset,596,596,0,0,596
/Game/BagMan/Characters/Cosmetics/SkinColors/DA_AFL_Facemask_ZEN.DA_AFL_Facemask_ZEN,/Script/AFLCombat.AFLSkinColorAsset,596,596,0,0,596
/AFLBagMan/Cosmetics/DA_AFL_CosmeticCatalog.DA_AFL_CosmeticCatalog,/Script/AFLCosmeticCore.AFLCosmeticCatalog,39997,39997,0,0,204312
/AFLBagMan/Cosmetics/Weapons/DA_AFL_Weapon_Akuma.DA_AFL_Weapon_Akuma,/Script/AFLCombat.AFLWeaponCosmeticAsset,414,414,0,0,414
/AFLBagMan/Cosmetics/Weapons/DA_AFL_Weapon_Arclight.DA_AFL_Weapon_Arclight,/Script/AFLCombat.AFLWeaponCosmeticAsset,430,430,0,0,430
/AFLBagMan/Cosmetics/Weapons/DA_AFL_Weapon_Aria.DA_AFL_Weapon_Aria,/Script/AFLCombat.AFLWeaponCosmeticAsset,414,414,0,0,414
/AFLBagMan/Cosmetics/Weapons/DA_AFL_Weapon_Astra.DA_AFL_Weapon_Astra,/Script/AFLCombat.AFLWeaponCosmeticAsset,414,414,0,0,414
/AFLBagMan/Cosmetics/Weapons/DA_AFL_Weapon_Aurelia.DA_AFL_Weapon_Aurelia,/Script/AFLCombat.AFLWeaponCosmeticAsset,422,422,0,0,422
/AFLBagMan/Cosmetics/Weapons/DA_AFL_Weapon_Azura.DA_AFL_Weapon_Azura,/Script/AFLCombat.AFLWeaponCosmeticAsset,414,414,0,0,414
/AFLBagMan/Cosmetics/Weapons/DA_AFL_Weapon_BigSixx.DA_AFL_Weapon_BigSixx,/Script/AFLCombat.AFLWeaponCosmeticAsset,422,422,0,0,422
/AFLBagMan/Cosmetics/Weapons/DA_AFL_Weapon_Breachbolt.DA_AFL_Weapon_Breachbolt,/Script/AFLCombat.AFLWeaponCosmeticAsset,438,438,0,0,438
/AFLBagMan/Cosmetics/Weapons/DA_AFL_Weapon_Breacher.DA_AFL_Weapon_Breacher,/Script/AFLCombat.AFLWeaponCosmeticAsset,430,430,0,0,430
/AFLBagMan/Cosmetics/Weapons/DA_AFL_Weapon_Cielo.DA_AFL_Weapon_Cielo,/Script/AFLCombat.AFLWeaponCosmeticAsset,414,414,0,0,414
/AFLBagMan/Cosmetics/Weapons/DA_AFL_Weapon_Coralis.DA_AFL_Weapon_Coralis,/Script/AFLCombat.AFLWeaponCosmeticAsset,422,422,0,0,422
/AFLBagMan/Cosmetics/Weapons/DA_AFL_Weapon_DE42.DA_AFL_Weapon_DE42,/Script/AFLCombat.AFLWeaponCosmeticAsset,414,414,0,0,414
/AFLBagMan/Cosmetics/Weapons/DA_AFL_Weapon_Draco.DA_AFL_Weapon_Draco,/Script/AFLCombat.AFLWeaponCosmeticAsset,414,414,0,0,414
/AFLBagMan/Cosmetics/Weapons/DA_AFL_Weapon_Duskbeam.DA_AFL_Weapon_Duskbeam,/Script/AFLCombat.AFLWeaponCosmeticAsset,430,430,0,0,430
/AFLBagMan/Cosmetics/Weapons/DA_AFL_Weapon_Ember.DA_AFL_Weapon_Ember,/Script/AFLCombat.AFLWeaponCosmeticAsset,414,414,0,0,414
/AFLBagMan/Cosmetics/Weapons/DA_AFL_Weapon_Emberpulse.DA_AFL_Weapon_Emberpulse,/Script/AFLCombat.AFLWeaponCosmeticAsset,438,438,0,0,438
/AFLBagMan/Cosmetics/Weapons/DA_AFL_Weapon_FANATICS.DA_AFL_Weapon_FANATICS,/Script/AFLCombat.AFLWeaponCosmeticAsset,430,430,0,0,430
/AFLBagMan/Cosmetics/Weapons/DA_AFL_Weapon_GTM.DA_AFL_Weapon_GTM,/Script/AFLCombat.AFLWeaponCosmeticAsset,406,406,0,0,406
/AFLBagMan/Cosmetics/Weapons/DA_AFL_Weapon_HALO.DA_AFL_Weapon_HALO,/Script/AFLCombat.AFLWeaponCosmeticAsset,414,414,0,0,414
/AFLBagMan/Cosmetics/Weapons/DA_AFL_Weapon_HandCannon_DRAGON_SOUL_L.DA_AFL_Weapon_HandCannon_DRAGON_SOUL_L,/Script/AFLCombat.AFLWeaponCosmeticAsset,494,494,0,0,494
/AFLBagMan/Cosmetics/Weapons/DA_AFL_Weapon_HandCannon_DRAGON_SOUL_NeonBlue_L.DA_AFL_Weapon_HandCannon_DRAGON_SOUL_NeonBlue_L,/Script/AFLCombat.AFLWeaponCosmeticAsset,526,526,0,0,526
/AFLBagMan/Cosmetics/Weapons/DA_AFL_Weapon_HandCannon_DRAGON_SOUL_NeonBlue_R.DA_AFL_Weapon_HandCannon_DRAGON_SOUL_NeonBlue_R,/Script/AFLCombat.AFLWeaponCosmeticAsset,526,526,0,0,526
/AFLBagMan/Cosmetics/Weapons/DA_AFL_Weapon_HandCannon_DRAGON_SOUL_NeonBlue_XT.DA_AFL_Weapon_HandCannon_DRAGON_SOUL_NeonBlue_XT,/Script/AFLCombat.AFLWeaponCosmeticAsset,534,534,0,0,534
/AFLBagMan/Cosmetics/Weapons/DA_AFL_Weapon_HandCannon_DRAGON_SOUL_NeonGreen_L.DA_AFL_Weapon_HandCannon_DRAGON_SOUL_NeonGreen_L,/Script/AFLCombat.AFLWeaponCosmeticAsset,534,534,0,0,534
/AFLBagMan/Cosmetics/Weapons/DA_AFL_Weapon_HandCannon_DRAGON_SOUL_NeonGreen_R.DA_AFL_Weapon_HandCannon_DRAGON_SOUL_NeonGreen_R,/Script/AFLCombat.AFLWeaponCosmeticAsset,534,534,0,0,534
/AFLBagMan/Cosmetics/Weapons/DA_AFL_Weapon_HandCannon_DRAGON_SOUL_NeonGreen_XT.DA_AFL_Weapon_HandCannon_DRAGON_SOUL_NeonGreen_XT,/Script/AFLCombat.AFLWeaponCosmeticAsset,534,534,0,0,534
/AFLBagMan/Cosmetics/Weapons/DA_AFL_Weapon_HandCannon_DRAGON_SOUL_NeonPink_L.DA_AFL_Weapon_HandCannon_DRAGON_SOUL_NeonPink_L,/Script/AFLCombat.AFLWeaponCosmeticAsset,526,526,0,0,526
/AFLBagMan/Cosmetics/Weapons/DA_AFL_Weapon_HandCannon_DRAGON_SOUL_NeonPink_R.DA_AFL_Weapon_HandCannon_DRAGON_SOUL_NeonPink_R,/Script/AFLCombat.AFLWeaponCosmeticAsset,526,526,0,0,526
/AFLBagMan/Cosmetics/Weapons/DA_AFL_Weapon_HandCannon_DRAGON_SOUL_NeonPink_XT.DA_AFL_Weapon_HandCannon_DRAGON_SOUL_NeonPink_XT,/Script/AFLCombat.AFLWeaponCosmeticAsset,534,534,0,0,534
/AFLBagMan/Cosmetics/Weapons/DA_AFL_Weapon_HandCannon_DRAGON_SOUL_NeonPurple_L.DA_AFL_Weapon_HandCannon_DRAGON_SOUL_NeonPurple_L,/Script/AFLCombat.AFLWeaponCosmeticAsset,534,534,0,0,534
/AFLBagMan/Cosmetics/Weapons/DA_AFL_Weapon_HandCannon_DRAGON_SOUL_NeonPurple_R.DA_AFL_Weapon_HandCannon_DRAGON_SOUL_NeonPurple_R,/Script/AFLCombat.AFLWeaponCosmeticAsset,534,534,0,0,534
/AFLBagMan/Cosmetics/Weapons/DA_AFL_Weapon_HandCannon_DRAGON_SOUL_NeonPurple_XT.DA_AFL_Weapon_HandCannon_DRAGON_SOUL_NeonPurple_XT,/Script/AFLCombat.AFLWeaponCosmeticAsset,542,542,0,0,542
/AFLBagMan/Cosmetics/Weapons/DA_AFL_Weapon_HandCannon_DRAGON_SOUL_NeonRed_L.DA_AFL_Weapon_HandCannon_DRAGON_SOUL_NeonRed_L,/Script/AFLCombat.AFLWeaponCosmeticAsset,526,526,0,0,526
/AFLBagMan/Cosmetics/Weapons/DA_AFL_Weapon_HandCannon_DRAGON_SOUL_NeonRed_R.DA_AFL_Weapon_HandCannon_DRAGON_SOUL_NeonRed_R,/Script/AFLCombat.AFLWeaponCosmeticAsset,526,526,0,0,526
/AFLBagMan/Cosmetics/Weapons/DA_AFL_Weapon_HandCannon_DRAGON_SOUL_NeonRed_XT.DA_AFL_Weapon_HandCannon_DRAGON_SOUL_NeonRed_XT,/Script/AFLCombat.AFLWeaponCosmeticAsset,526,526,0,0,526
/AFLBagMan/Cosmetics/Weapons/DA_AFL_Weapon_HandCannon_DRAGON_SOUL_NeonYellow_L.DA_AFL_Weapon_HandCannon_DRAGON_SOUL_NeonYellow_L,/Script/AFLCombat.AFLWeaponCosmeticAsset,534,534,0,0,534
/AFLBagMan/Cosmetics/Weapons/DA_AFL_Weapon_HandCannon_DRAGON_SOUL_NeonYellow_R.DA_AFL_Weapon_HandCannon_DRAGON_SOUL_NeonYellow_R,/Script/AFLCombat.AFLWeaponCosmeticAsset,534,534,0,0,534
/AFLBagMan/Cosmetics/Weapons/DA_AFL_Weapon_HandCannon_DRAGON_SOUL_NeonYellow_XT.DA_AFL_Weapon_HandCannon_DRAGON_SOUL_NeonYellow_XT,/Script/AFLCombat.AFLWeaponCosmeticAsset,542,542,0,0,542
/AFLBagMan/Cosmetics/Weapons/DA_AFL_Weapon_HandCannon_DRAGON_SOUL_R.DA_AFL_Weapon_HandCannon_DRAGON_SOUL_R,/Script/AFLCombat.AFLWeaponCosmeticAsset,494,494,0,0,494
/AFLBagMan/Cosmetics/Weapons/DA_AFL_Weapon_HandCannon_DRAGON_SOUL_XT.DA_AFL_Weapon_HandCannon_DRAGON_SOUL_XT,/Script/AFLCombat.AFLWeaponCosmeticAsset,494,494,0,0,494
/AFLBagMan/Cosmetics/Weapons/DA_AFL_Weapon_HandCannon_FANATICS2_NeonBlue_L.DA_AFL_Weapon_HandCannon_FANATICS2_NeonBlue_L,/Script/AFLCombat.AFLWeaponCosmeticAsset,518,518,0,0,518
/AFLBagMan/Cosmetics/Weapons/DA_AFL_Weapon_HandCannon_FANATICS2_NeonBlue_R.DA_AFL_Weapon_HandCannon_FANATICS2_NeonBlue_R,/Script/AFLCombat.AFLWeaponCosmeticAsset,518,518,0,0,518
/AFLBagMan/Cosmetics/Weapons/DA_AFL_Weapon_HandCannon_FANATICS2_NeonBlue_XT.DA_AFL_Weapon_HandCannon_FANATICS2_NeonBlue_XT,/Script/AFLCombat.AFLWeaponCosmeticAsset,526,526,0,0,526
/AFLBagMan/Cosmetics/Weapons/DA_AFL_Weapon_HandCannon_FANATICS2_NeonGreen_L.DA_AFL_Weapon_HandCannon_FANATICS2_NeonGreen_L,/Script/AFLCombat.AFLWeaponCosmeticAsset,526,526,0,0,526
/AFLBagMan/Cosmetics/Weapons/DA_AFL_Weapon_HandCannon_FANATICS2_NeonGreen_R.DA_AFL_Weapon_HandCannon_FANATICS2_NeonGreen_R,/Script/AFLCombat.AFLWeaponCosmeticAsset,526,526,0,0,526
/AFLBagMan/Cosmetics/Weapons/DA_AFL_Weapon_HandCannon_FANATICS2_NeonGreen_XT.DA_AFL_Weapon_HandCannon_FANATICS2_NeonGreen_XT,/Script/AFLCombat.AFLWeaponCosmeticAsset,526,526,0,0,526
/AFLBagMan/Cosmetics/Weapons/DA_AFL_Weapon_HandCannon_FANATICS2_NeonPink_L.DA_AFL_Weapon_HandCannon_FANATICS2_NeonPink_L,/Script/AFLCombat.AFLWeaponCosmeticAsset,518,518,0,0,518
/AFLBagMan/Cosmetics/Weapons/DA_AFL_Weapon_HandCannon_FANATICS2_NeonPink_R.DA_AFL_Weapon_HandCannon_FANATICS2_NeonPink_R,/Script/AFLCombat.AFLWeaponCosmeticAsset,518,518,0,0,518
/AFLBagMan/Cosmetics/Weapons/DA_AFL_Weapon_HandCannon_FANATICS2_NeonPink_XT.DA_AFL_Weapon_HandCannon_FANATICS2_NeonPink_XT,/Script/AFLCombat.AFLWeaponCosmeticAsset,526,526,0,0,526
/AFLBagMan/Cosmetics/Weapons/DA_AFL_Weapon_HandCannon_FANATICS2_NeonPurple_L.DA_AFL_Weapon_HandCannon_FANATICS2_NeonPurple_L,/Script/AFLCombat.AFLWeaponCosmeticAsset,526,526,0,0,526
/AFLBagMan/Cosmetics/Weapons/DA_AFL_Weapon_HandCannon_FANATICS2_NeonPurple_R.DA_AFL_Weapon_HandCannon_FANATICS2_NeonPurple_R,/Script/AFLCombat.AFLWeaponCosmeticAsset,526,526,0,0,526
/AFLBagMan/Cosmetics/Weapons/DA_AFL_Weapon_HandCannon_FANATICS2_NeonPurple_XT.DA_AFL_Weapon_HandCannon_FANATICS2_NeonPurple_XT,/Script/AFLCombat.AFLWeaponCosmeticAsset,534,534,0,0,534
/AFLBagMan/Cosmetics/Weapons/DA_AFL_Weapon_HandCannon_FANATICS2_NeonRed_L.DA_AFL_Weapon_HandCannon_FANATICS2_NeonRed_L,/Script/AFLCombat.AFLWeaponCosmeticAsset,518,518,0,0,518
/AFLBagMan/Cosmetics/Weapons/DA_AFL_Weapon_HandCannon_FANATICS2_NeonRed_R.DA_AFL_Weapon_HandCannon_FANATICS2_NeonRed_R,/Script/AFLCombat.AFLWeaponCosmeticAsset,518,518,0,0,518
/AFLBagMan/Cosmetics/Weapons/DA_AFL_Weapon_HandCannon_FANATICS2_NeonRed_XT.DA_AFL_Weapon_HandCannon_FANATICS2_NeonRed_XT,/Script/AFLCombat.AFLWeaponCosmeticAsset,518,518,0,0,518
/AFLBagMan/Cosmetics/Weapons/DA_AFL_Weapon_HandCannon_FANATICS2_NeonYellow_L.DA_AFL_Weapon_HandCannon_FANATICS2_NeonYellow_L,/Script/AFLCombat.AFLWeaponCosmeticAsset,526,526,0,0,526
/AFLBagMan/Cosmetics/Weapons/DA_AFL_Weapon_HandCannon_FANATICS2_NeonYellow_R.DA_AFL_Weapon_HandCannon_FANATICS2_NeonYellow_R,/Script/AFLCombat.AFLWeaponCosmeticAsset,526,526,0,0,526
/AFLBagMan/Cosmetics/Weapons/DA_AFL_Weapon_HandCannon_FANATICS2_NeonYellow_XT.DA_AFL_Weapon_HandCannon_FANATICS2_NeonYellow_XT,/Script/AFLCombat.AFLWeaponCosmeticAsset,534,534,0,0,534
/AFLBagMan/Cosmetics/Weapons/DA_AFL_Weapon_HandCannon_FANATICS_L.DA_AFL_Weapon_HandCannon_FANATICS_L,/Script/AFLCombat.AFLWeaponCosmeticAsset,478,478,0,0,478
/AFLBagMan/Cosmetics/Weapons/DA_AFL_Weapon_HandCannon_FANATICS_R.DA_AFL_Weapon_HandCannon_FANATICS_R,/Script/AFLCombat.AFLWeaponCosmeticAsset,478,478,0,0,478
/AFLBagMan/Cosmetics/Weapons/DA_AFL_Weapon_HandCannon_FANATICS_XT.DA_AFL_Weapon_HandCannon_FANATICS_XT,/Script/AFLCombat.AFLWeaponCosmeticAsset,486,486,0,0,486
/AFLBagMan/Cosmetics/Weapons/DA_AFL_Weapon_HandCannon_FUTURE_WARRIOR_L.DA_AFL_Weapon_HandCannon_FUTURE_WARRIOR_L,/Script/AFLCombat.AFLWeaponCosmeticAsset,502,502,0,0,502
/AFLBagMan/Cosmetics/Weapons/DA_AFL_Weapon_HandCannon_FUTURE_WARRIOR_NeonBlue_L.DA_AFL_Weapon_HandCannon_FUTURE_WARRIOR_NeonBlue_L,/Script/AFLCombat.AFLWeaponCosmeticAsset,542,542,0,0,542
/AFLBagMan/Cosmetics/Weapons/DA_AFL_Weapon_HandCannon_FUTURE_WARRIOR_NeonBlue_R.DA_AFL_Weapon_HandCannon_FUTURE_WARRIOR_NeonBlue_R,/Script/AFLCombat.AFLWeaponCosmeticAsset,542,542,0,0,542
/AFLBagMan/Cosmetics/Weapons/DA_AFL_Weapon_HandCannon_FUTURE_WARRIOR_NeonBlue_XT.DA_AFL_Weapon_HandCannon_FUTURE_WARRIOR_NeonBlue_XT,/Script/AFLCombat.AFLWeaponCosmeticAsset,542,542,0,0,542
/AFLBagMan/Cosmetics/Weapons/DA_AFL_Weapon_HandCannon_FUTURE_WARRIOR_NeonGreen_L.DA_AFL_Weapon_HandCannon_FUTURE_WARRIOR_NeonGreen_L,/Script/AFLCombat.AFLWeaponCosmeticAsset,542,542,0,0,542
/AFLBagMan/Cosmetics/Weapons/DA_AFL_Weapon_HandCannon_FUTURE_WARRIOR_NeonGreen_R.DA_AFL_Weapon_HandCannon_FUTURE_WARRIOR_NeonGreen_R,/Script/AFLCombat.AFLWeaponCosmeticAsset,542,542,0,0,542
/AFLBagMan/Cosmetics/Weapons/DA_AFL_Weapon_HandCannon_FUTURE_WARRIOR_NeonGreen_XT.DA_AFL_Weapon_HandCannon_FUTURE_WARRIOR_NeonGreen_XT,/Script/AFLCombat.AFLWeaponCosmeticAsset,550,550,0,0,550
/AFLBagMan/Cosmetics/Weapons/DA_AFL_Weapon_HandCannon_FUTURE_WARRIOR_NeonPink_L.DA_AFL_Weapon_HandCannon_FUTURE_WARRIOR_NeonPink_L,/Script/AFLCombat.AFLWeaponCosmeticAsset,542,542,0,0,542
/AFLBagMan/Cosmetics/Weapons/DA_AFL_Weapon_HandCannon_FUTURE_WARRIOR_NeonPink_R.DA_AFL_Weapon_HandCannon_FUTURE_WARRIOR_NeonPink_R,/Script/AFLCombat.AFLWeaponCosmeticAsset,542,542,0,0,542
/AFLBagMan/Cosmetics/Weapons/DA_AFL_Weapon_HandCannon_FUTURE_WARRIOR_NeonPink_XT.DA_AFL_Weapon_HandCannon_FUTURE_WARRIOR_NeonPink_XT,/Script/AFLCombat.AFLWeaponCosmeticAsset,542,542,0,0,542
/AFLBagMan/Cosmetics/Weapons/DA_AFL_Weapon_HandCannon_FUTURE_WARRIOR_NeonPurple_L.DA_AFL_Weapon_HandCannon_FUTURE_WARRIOR_NeonPurple_L,/Script/AFLCombat.AFLWeaponCosmeticAsset,550,550,0,0,550
/AFLBagMan/Cosmetics/Weapons/DA_AFL_Weapon_HandCannon_FUTURE_WARRIOR_NeonPurple_R.DA_AFL_Weapon_HandCannon_FUTURE_WARRIOR_NeonPurple_R,/Script/AFLCombat.AFLWeaponCosmeticAsset,550,550,0,0,550
/AFLBagMan/Cosmetics/Weapons/DA_AFL_Weapon_HandCannon_FUTURE_WARRIOR_NeonPurple_XT.DA_AFL_Weapon_HandCannon_FUTURE_WARRIOR_NeonPurple_XT,/Script/AFLCombat.AFLWeaponCosmeticAsset,550,550,0,0,550
/AFLBagMan/Cosmetics/Weapons/DA_AFL_Weapon_HandCannon_FUTURE_WARRIOR_NeonRed_L.DA_AFL_Weapon_HandCannon_FUTURE_WARRIOR_NeonRed_L,/Script/AFLCombat.AFLWeaponCosmeticAsset,534,534,0,0,534
/AFLBagMan/Cosmetics/Weapons/DA_AFL_Weapon_HandCannon_FUTURE_WARRIOR_NeonRed_R.DA_AFL_Weapon_HandCannon_FUTURE_WARRIOR_NeonRed_R,/Script/AFLCombat.AFLWeaponCosmeticAsset,534,534,0,0,534
/AFLBagMan/Cosmetics/Weapons/DA_AFL_Weapon_HandCannon_FUTURE_WARRIOR_NeonRed_XT.DA_AFL_Weapon_HandCannon_FUTURE_WARRIOR_NeonRed_XT,/Script/AFLCombat.AFLWeaponCosmeticAsset,542,542,0,0,542
/AFLBagMan/Cosmetics/Weapons/DA_AFL_Weapon_HandCannon_FUTURE_WARRIOR_NeonYellow_L.DA_AFL_Weapon_HandCannon_FUTURE_WARRIOR_NeonYellow_L,/Script/AFLCombat.AFLWeaponCosmeticAsset,550,550,0,0,550
/AFLBagMan/Cosmetics/Weapons/DA_AFL_Weapon_HandCannon_FUTURE_WARRIOR_NeonYellow_R.DA_AFL_Weapon_HandCannon_FUTURE_WARRIOR_NeonYellow_R,/Script/AFLCombat.AFLWeaponCosmeticAsset,550,550,0,0,550
/AFLBagMan/Cosmetics/Weapons/DA_AFL_Weapon_HandCannon_FUTURE_WARRIOR_NeonYellow_XT.DA_AFL_Weapon_HandCannon_FUTURE_WARRIOR_NeonYellow_XT,/Script/AFLCombat.AFLWeaponCosmeticAsset,550,550,0,0,550
/AFLBagMan/Cosmetics/Weapons/DA_AFL_Weapon_HandCannon_FUTURE_WARRIOR_R.DA_AFL_Weapon_HandCannon_FUTURE_WARRIOR_R,/Script/AFLCombat.AFLWeaponCosmeticAsset,502,502,0,0,502
/AFLBagMan/Cosmetics/Weapons/DA_AFL_Weapon_HandCannon_FUTURE_WARRIOR_XT.DA_AFL_Weapon_HandCannon_FUTURE_WARRIOR_XT,/Script/AFLCombat.AFLWeaponCosmeticAsset,510,510,0,0,510
/AFLBagMan/Cosmetics/Weapons/DA_AFL_Weapon_HandCannon_IRONICS_L.DA_AFL_Weapon_HandCannon_IRONICS_L,/Script/AFLCombat.AFLWeaponCosmeticAsset,478,478,0,0,478
/AFLBagMan/Cosmetics/Weapons/DA_AFL_Weapon_HandCannon_IRONICS_NeonBlue_L.DA_AFL_Weapon_HandCannon_IRONICS_NeonBlue_L,/Script/AFLCombat.AFLWeaponCosmeticAsset,510,510,0,0,510
/AFLBagMan/Cosmetics/Weapons/DA_AFL_Weapon_HandCannon_IRONICS_NeonBlue_R.DA_AFL_Weapon_HandCannon_IRONICS_NeonBlue_R,/Script/AFLCombat.AFLWeaponCosmeticAsset,510,510,0,0,510
/AFLBagMan/Cosmetics/Weapons/DA_AFL_Weapon_HandCannon_IRONICS_NeonBlue_XT.DA_AFL_Weapon_HandCannon_IRONICS_NeonBlue_XT,/Script/AFLCombat.AFLWeaponCosmeticAsset,518,518,0,0,518
/AFLBagMan/Cosmetics/Weapons/DA_AFL_Weapon_HandCannon_IRONICS_NeonGreen_L.DA_AFL_Weapon_HandCannon_IRONICS_NeonGreen_L,/Script/AFLCombat.AFLWeaponCosmeticAsset,518,518,0,0,518
/AFLBagMan/Cosmetics/Weapons/DA_AFL_Weapon_HandCannon_IRONICS_NeonGreen_R.DA_AFL_Weapon_HandCannon_IRONICS_NeonGreen_R,/Script/AFLCombat.AFLWeaponCosmeticAsset,518,518,0,0,518
/AFLBagMan/Cosmetics/Weapons/DA_AFL_Weapon_HandCannon_IRONICS_NeonGreen_XT.DA_AFL_Weapon_HandCannon_IRONICS_NeonGreen_XT,/Script/AFLCombat.AFLWeaponCosmeticAsset,518,518,0,0,518
/AFLBagMan/Cosmetics/Weapons/DA_AFL_Weapon_HandCannon_IRONICS_NeonPink_L.DA_AFL_Weapon_HandCannon_IRONICS_NeonPink_L,/Script/AFLCombat.AFLWeaponCosmeticAsset,510,510,0,0,510
/AFLBagMan/Cosmetics/Weapons/DA_AFL_Weapon_HandCannon_IRONICS_NeonPink_R.DA_AFL_Weapon_HandCannon_IRONICS_NeonPink_R,/Script/AFLCombat.AFLWeaponCosmeticAsset,510,510,0,0,510
/AFLBagMan/Cosmetics/Weapons/DA_AFL_Weapon_HandCannon_IRONICS_NeonPink_XT.DA_AFL_Weapon_HandCannon_IRONICS_NeonPink_XT,/Script/AFLCombat.AFLWeaponCosmeticAsset,518,518,0,0,518
/AFLBagMan/Cosmetics/Weapons/DA_AFL_Weapon_HandCannon_IRONICS_NeonPurple_L.DA_AFL_Weapon_HandCannon_IRONICS_NeonPurple_L,/Script/AFLCombat.AFLWeaponCosmeticAsset,518,518,0,0,518
/AFLBagMan/Cosmetics/Weapons/DA_AFL_Weapon_HandCannon_IRONICS_NeonPurple_R.DA_AFL_Weapon_HandCannon_IRONICS_NeonPurple_R,/Script/AFLCombat.AFLWeaponCosmeticAsset,518,518,0,0,518
/AFLBagMan/Cosmetics/Weapons/DA_AFL_Weapon_HandCannon_IRONICS_NeonPurple_XT.DA_AFL_Weapon_HandCannon_IRONICS_NeonPurple_XT,/Script/AFLCombat.AFLWeaponCosmeticAsset,526,526,0,0,526
/AFLBagMan/Cosmetics/Weapons/DA_AFL_Weapon_HandCannon_IRONICS_NeonRed_L.DA_AFL_Weapon_HandCannon_IRONICS_NeonRed_L,/Script/AFLCombat.AFLWeaponCosmeticAsset,510,510,0,0,510
/AFLBagMan/Cosmetics/Weapons/DA_AFL_Weapon_HandCannon_IRONICS_NeonRed_R.DA_AFL_Weapon_HandCannon_IRONICS_NeonRed_R,/Script/AFLCombat.AFLWeaponCosmeticAsset,510,510,0,0,510
/AFLBagMan/Cosmetics/Weapons/DA_AFL_Weapon_HandCannon_IRONICS_NeonRed_XT.DA_AFL_Weapon_HandCannon_IRONICS_NeonRed_XT,/Script/AFLCombat.AFLWeaponCosmeticAsset,510,510,0,0,510
/AFLBagMan/Cosmetics/Weapons/DA_AFL_Weapon_HandCannon_IRONICS_NeonYellow_L.DA_AFL_Weapon_HandCannon_IRONICS_NeonYellow_L,/Script/AFLCombat.AFLWeaponCosmeticAsset,518,518,0,0,518
/AFLBagMan/Cosmetics/Weapons/DA_AFL_Weapon_HandCannon_IRONICS_NeonYellow_R.DA_AFL_Weapon_HandCannon_IRONICS_NeonYellow_R,/Script/AFLCombat.AFLWeaponCosmeticAsset,518,518,0,0,518
/AFLBagMan/Cosmetics/Weapons/DA_AFL_Weapon_HandCannon_IRONICS_NeonYellow_XT.DA_AFL_Weapon_HandCannon_IRONICS_NeonYellow_XT,/Script/AFLCombat.AFLWeaponCosmeticAsset,526,526,0,0,526
/AFLBagMan/Cosmetics/Weapons/DA_AFL_Weapon_HandCannon_IRONICS_R.DA_AFL_Weapon_HandCannon_IRONICS_R,/Script/AFLCombat.AFLWeaponCosmeticAsset,478,478,0,0,478
/AFLBagMan/Cosmetics/Weapons/DA_AFL_Weapon_HandCannon_IRONICS_XT.DA_AFL_Weapon_HandCannon_IRONICS_XT,/Script/AFLCombat.AFLWeaponCosmeticAsset,478,478,0,0,478
/AFLBagMan/Cosmetics/Weapons/DA_AFL_Weapon_HandCannon_JAGUAR_NEON_L.DA_AFL_Weapon_HandCannon_JAGUAR_NEON_L,/Script/AFLCombat.AFLWeaponCosmeticAsset,494,494,0,0,494
/AFLBagMan/Cosmetics/Weapons/DA_AFL_Weapon_HandCannon_JAGUAR_NEON_NeonBlue_L.DA_AFL_Weapon_HandCannon_JAGUAR_NEON_NeonBlue_L,/Script/AFLCombat.AFLWeaponCosmeticAsset,526,526,0,0,526
/AFLBagMan/Cosmetics/Weapons/DA_AFL_Weapon_HandCannon_JAGUAR_NEON_NeonBlue_R.DA_AFL_Weapon_HandCannon_JAGUAR_NEON_NeonBlue_R,/Script/AFLCombat.AFLWeaponCosmeticAsset,526,526,0,0,526
/AFLBagMan/Cosmetics/Weapons/DA_AFL_Weapon_HandCannon_JAGUAR_NEON_NeonBlue_XT.DA_AFL_Weapon_HandCannon_JAGUAR_NEON_NeonBlue_XT,/Script/AFLCombat.AFLWeaponCosmeticAsset,534,534,0,0,534
/AFLBagMan/Cosmetics/Weapons/DA_AFL_Weapon_HandCannon_JAGUAR_NEON_NeonGreen_L.DA_AFL_Weapon_HandCannon_JAGUAR_NEON_NeonGreen_L,/Script/AFLCombat.AFLWeaponCosmeticAsset,534,534,0,0,534
/AFLBagMan/Cosmetics/Weapons/DA_AFL_Weapon_HandCannon_JAGUAR_NEON_NeonGreen_R.DA_AFL_Weapon_HandCannon_JAGUAR_NEON_NeonGreen_R,/Script/AFLCombat.AFLWeaponCosmeticAsset,534,534,0,0,534
/AFLBagMan/Cosmetics/Weapons/DA_AFL_Weapon_HandCannon_JAGUAR_NEON_NeonGreen_XT.DA_AFL_Weapon_HandCannon_JAGUAR_NEON_NeonGreen_XT,/Script/AFLCombat.AFLWeaponCosmeticAsset,534,534,0,0,534
/AFLBagMan/Cosmetics/Weapons/DA_AFL_Weapon_HandCannon_JAGUAR_NEON_NeonPink_L.DA_AFL_Weapon_HandCannon_JAGUAR_NEON_NeonPink_L,/Script/AFLCombat.AFLWeaponCosmeticAsset,526,526,0,0,526
/AFLBagMan/Cosmetics/Weapons/DA_AFL_Weapon_HandCannon_JAGUAR_NEON_NeonPink_R.DA_AFL_Weapon_HandCannon_JAGUAR_NEON_NeonPink_R,/Script/AFLCombat.AFLWeaponCosmeticAsset,526,526,0,0,526
/AFLBagMan/Cosmetics/Weapons/DA_AFL_Weapon_HandCannon_JAGUAR_NEON_NeonPink_XT.DA_AFL_Weapon_HandCannon_JAGUAR_NEON_NeonPink_XT,/Script/AFLCombat.AFLWeaponCosmeticAsset,534,534,0,0,534
/AFLBagMan/Cosmetics/Weapons/DA_AFL_Weapon_HandCannon_JAGUAR_NEON_NeonPurple_L.DA_AFL_Weapon_HandCannon_JAGUAR_NEON_NeonPurple_L,/Script/AFLCombat.AFLWeaponCosmeticAsset,534,534,0,0,534
/AFLBagMan/Cosmetics/Weapons/DA_AFL_Weapon_HandCannon_JAGUAR_NEON_NeonPurple_R.DA_AFL_Weapon_HandCannon_JAGUAR_NEON_NeonPurple_R,/Script/AFLCombat.AFLWeaponCosmeticAsset,534,534,0,0,534
/AFLBagMan/Cosmetics/Weapons/DA_AFL_Weapon_HandCannon_JAGUAR_NEON_NeonPurple_XT.DA_AFL_Weapon_HandCannon_JAGUAR_NEON_NeonPurple_XT,/Script/AFLCombat.AFLWeaponCosmeticAsset,542,542,0,0,542
/AFLBagMan/Cosmetics/Weapons/DA_AFL_Weapon_HandCannon_JAGUAR_NEON_NeonRed_L.DA_AFL_Weapon_HandCannon_JAGUAR_NEON_NeonRed_L,/Script/AFLCombat.AFLWeaponCosmeticAsset,526,526,0,0,526
/AFLBagMan/Cosmetics/Weapons/DA_AFL_Weapon_HandCannon_JAGUAR_NEON_NeonRed_R.DA_AFL_Weapon_HandCannon_JAGUAR_NEON_NeonRed_R,/Script/AFLCombat.AFLWeaponCosmeticAsset,526,526,0,0,526
/AFLBagMan/Cosmetics/Weapons/DA_AFL_Weapon_HandCannon_JAGUAR_NEON_NeonRed_XT.DA_AFL_Weapon_HandCannon_JAGUAR_NEON_NeonRed_XT,/Script/AFLCombat.AFLWeaponCosmeticAsset,526,526,0,0,526
/AFLBagMan/Cosmetics/Weapons/DA_AFL_Weapon_HandCannon_JAGUAR_NEON_NeonYellow_L.DA_AFL_Weapon_HandCannon_JAGUAR_NEON_NeonYellow_L,/Script/AFLCombat.AFLWeaponCosmeticAsset,534,534,0,0,534
/AFLBagMan/Cosmetics/Weapons/DA_AFL_Weapon_HandCannon_JAGUAR_NEON_NeonYellow_R.DA_AFL_Weapon_HandCannon_JAGUAR_NEON_NeonYellow_R,/Script/AFLCombat.AFLWeaponCosmeticAsset,534,534,0,0,534
/AFLBagMan/Cosmetics/Weapons/DA_AFL_Weapon_HandCannon_JAGUAR_NEON_NeonYellow_XT.DA_AFL_Weapon_HandCannon_JAGUAR_NEON_NeonYellow_XT,/Script/AFLCombat.AFLWeaponCosmeticAsset,542,542,0,0,542
/AFLBagMan/Cosmetics/Weapons/DA_AFL_Weapon_HandCannon_JAGUAR_NEON_R.DA_AFL_Weapon_HandCannon_JAGUAR_NEON_R,/Script/AFLCombat.AFLWeaponCosmeticAsset,494,494,0,0,494
/AFLBagMan/Cosmetics/Weapons/DA_AFL_Weapon_HandCannon_JAGUAR_NEON_XT.DA_AFL_Weapon_HandCannon_JAGUAR_NEON_XT,/Script/AFLCombat.AFLWeaponCosmeticAsset,494,494,0,0,494
/AFLBagMan/Cosmetics/Weapons/DA_AFL_Weapon_HandCannon_RUN_IT_BACK_L.DA_AFL_Weapon_HandCannon_RUN_IT_BACK_L,/Script/AFLCombat.AFLWeaponCosmeticAsset,494,494,0,0,494
/AFLBagMan/Cosmetics/Weapons/DA_AFL_Weapon_HandCannon_RUN_IT_BACK_NeonBlue_L.DA_AFL_Weapon_HandCannon_RUN_IT_BACK_NeonBlue_L,/Script/AFLCombat.AFLWeaponCosmeticAsset,526,526,0,0,526
/AFLBagMan/Cosmetics/Weapons/DA_AFL_Weapon_HandCannon_RUN_IT_BACK_NeonBlue_R.DA_AFL_Weapon_HandCannon_RUN_IT_BACK_NeonBlue_R,/Script/AFLCombat.AFLWeaponCosmeticAsset,526,526,0,0,526
/AFLBagMan/Cosmetics/Weapons/DA_AFL_Weapon_HandCannon_RUN_IT_BACK_NeonBlue_XT.DA_AFL_Weapon_HandCannon_RUN_IT_BACK_NeonBlue_XT,/Script/AFLCombat.AFLWeaponCosmeticAsset,534,534,0,0,534
/AFLBagMan/Cosmetics/Weapons/DA_AFL_Weapon_HandCannon_RUN_IT_BACK_NeonGreen_L.DA_AFL_Weapon_HandCannon_RUN_IT_BACK_NeonGreen_L,/Script/AFLCombat.AFLWeaponCosmeticAsset,534,534,0,0,534
/AFLBagMan/Cosmetics/Weapons/DA_AFL_Weapon_HandCannon_RUN_IT_BACK_NeonGreen_R.DA_AFL_Weapon_HandCannon_RUN_IT_BACK_NeonGreen_R,/Script/AFLCombat.AFLWeaponCosmeticAsset,534,534,0,0,534
/AFLBagMan/Cosmetics/Weapons/DA_AFL_Weapon_HandCannon_RUN_IT_BACK_NeonGreen_XT.DA_AFL_Weapon_HandCannon_RUN_IT_BACK_NeonGreen_XT,/Script/AFLCombat.AFLWeaponCosmeticAsset,534,534,0,0,534
/AFLBagMan/Cosmetics/Weapons/DA_AFL_Weapon_HandCannon_RUN_IT_BACK_NeonPink_L.DA_AFL_Weapon_HandCannon_RUN_IT_BACK_NeonPink_L,/Script/AFLCombat.AFLWeaponCosmeticAsset,526,526,0,0,526
/AFLBagMan/Cosmetics/Weapons/DA_AFL_Weapon_HandCannon_RUN_IT_BACK_NeonPink_R.DA_AFL_Weapon_HandCannon_RUN_IT_BACK_NeonPink_R,/Script/AFLCombat.AFLWeaponCosmeticAsset,526,526,0,0,526
/AFLBagMan/Cosmetics/Weapons/DA_AFL_Weapon_HandCannon_RUN_IT_BACK_NeonPink_XT.DA_AFL_Weapon_HandCannon_RUN_IT_BACK_NeonPink_XT,/Script/AFLCombat.AFLWeaponCosmeticAsset,534,534,0,0,534
/AFLBagMan/Cosmetics/Weapons/DA_AFL_Weapon_HandCannon_RUN_IT_BACK_NeonPurple_L.DA_AFL_Weapon_HandCannon_RUN_IT_BACK_NeonPurple_L,/Script/AFLCombat.AFLWeaponCosmeticAsset,534,534,0,0,534
/AFLBagMan/Cosmetics/Weapons/DA_AFL_Weapon_HandCannon_RUN_IT_BACK_NeonPurple_R.DA_AFL_Weapon_HandCannon_RUN_IT_BACK_NeonPurple_R,/Script/AFLCombat.AFLWeaponCosmeticAsset,534,534,0,0,534
/AFLBagMan/Cosmetics/Weapons/DA_AFL_Weapon_HandCannon_RUN_IT_BACK_NeonPurple_XT.DA_AFL_Weapon_HandCannon_RUN_IT_BACK_NeonPurple_XT,/Script/AFLCombat.AFLWeaponCosmeticAsset,542,542,0,0,542
/AFLBagMan/Cosmetics/Weapons/DA_AFL_Weapon_HandCannon_RUN_IT_BACK_NeonRed_L.DA_AFL_Weapon_HandCannon_RUN_IT_BACK_NeonRed_L,/Script/AFLCombat.AFLWeaponCosmeticAsset,526,526,0,0,526
/AFLBagMan/Cosmetics/Weapons/DA_AFL_Weapon_HandCannon_RUN_IT_BACK_NeonRed_R.DA_AFL_Weapon_HandCannon_RUN_IT_BACK_NeonRed_R,/Script/AFLCombat.AFLWeaponCosmeticAsset,526,526,0,0,526
/AFLBagMan/Cosmetics/Weapons/DA_AFL_Weapon_HandCannon_RUN_IT_BACK_NeonRed_XT.DA_AFL_Weapon_HandCannon_RUN_IT_BACK_NeonRed_XT,/Script/AFLCombat.AFLWeaponCosmeticAsset,526,526,0,0,526
/AFLBagMan/Cosmetics/Weapons/DA_AFL_Weapon_HandCannon_RUN_IT_BACK_NeonYellow_L.DA_AFL_Weapon_HandCannon_RUN_IT_BACK_NeonYellow_L,/Script/AFLCombat.AFLWeaponCosmeticAsset,534,534,0,0,534
/AFLBagMan/Cosmetics/Weapons/DA_AFL_Weapon_HandCannon_RUN_IT_BACK_NeonYellow_R.DA_AFL_Weapon_HandCannon_RUN_IT_BACK_NeonYellow_R,/Script/AFLCombat.AFLWeaponCosmeticAsset,534,534,0,0,534
/AFLBagMan/Cosmetics/Weapons/DA_AFL_Weapon_HandCannon_RUN_IT_BACK_NeonYellow_XT.DA_AFL_Weapon_HandCannon_RUN_IT_BACK_NeonYellow_XT,/Script/AFLCombat.AFLWeaponCosmeticAsset,542,542,0,0,542
/AFLBagMan/Cosmetics/Weapons/DA_AFL_Weapon_HandCannon_RUN_IT_BACK_R.DA_AFL_Weapon_HandCannon_RUN_IT_BACK_R,/Script/AFLCombat.AFLWeaponCosmeticAsset,494,494,0,0,494
/AFLBagMan/Cosmetics/Weapons/DA_AFL_Weapon_HandCannon_RUN_IT_BACK_XT.DA_AFL_Weapon_HandCannon_RUN_IT_BACK_XT,/Script/AFLCombat.AFLWeaponCosmeticAsset,494,494,0,0,494
/AFLBagMan/Cosmetics/Weapons/DA_AFL_Weapon_HandCannon_SIMULARENT_L.DA_AFL_Weapon_HandCannon_SIMULARENT_L,/Script/AFLCombat.AFLWeaponCosmeticAsset,486,486,0,0,486
/AFLBagMan/Cosmetics/Weapons/DA_AFL_Weapon_HandCannon_SIMULARENT_NeonBlue_L.DA_AFL_Weapon_HandCannon_SIMULARENT_NeonBlue_L,/Script/AFLCombat.AFLWeaponCosmeticAsset,526,526,0,0,526
/AFLBagMan/Cosmetics/Weapons/DA_AFL_Weapon_HandCannon_SIMULARENT_NeonBlue_R.DA_AFL_Weapon_HandCannon_SIMULARENT_NeonBlue_R,/Script/AFLCombat.AFLWeaponCosmeticAsset,526,526,0,0,526
/AFLBagMan/Cosmetics/Weapons/DA_AFL_Weapon_HandCannon_SIMULARENT_NeonBlue_XT.DA_AFL_Weapon_HandCannon_SIMULARENT_NeonBlue_XT,/Script/AFLCombat.AFLWeaponCosmeticAsset,526,526,0,0,526
/AFLBagMan/Cosmetics/Weapons/DA_AFL_Weapon_HandCannon_SIMULARENT_NeonGreen_L.DA_AFL_Weapon_HandCannon_SIMULARENT_NeonGreen_L,/Script/AFLCombat.AFLWeaponCosmeticAsset,526,526,0,0,526
/AFLBagMan/Cosmetics/Weapons/DA_AFL_Weapon_HandCannon_SIMULARENT_NeonGreen_R.DA_AFL_Weapon_HandCannon_SIMULARENT_NeonGreen_R,/Script/AFLCombat.AFLWeaponCosmeticAsset,526,526,0,0,526
/AFLBagMan/Cosmetics/Weapons/DA_AFL_Weapon_HandCannon_SIMULARENT_NeonGreen_XT.DA_AFL_Weapon_HandCannon_SIMULARENT_NeonGreen_XT,/Script/AFLCombat.AFLWeaponCosmeticAsset,534,534,0,0,534
/AFLBagMan/Cosmetics/Weapons/DA_AFL_Weapon_HandCannon_SIMULARENT_NeonPink_L.DA_AFL_Weapon_HandCannon_SIMULARENT_NeonPink_L,/Script/AFLCombat.AFLWeaponCosmeticAsset,526,526,0,0,526
/AFLBagMan/Cosmetics/Weapons/DA_AFL_Weapon_HandCannon_SIMULARENT_NeonPink_R.DA_AFL_Weapon_HandCannon_SIMULARENT_NeonPink_R,/Script/AFLCombat.AFLWeaponCosmeticAsset,526,526,0,0,526
/AFLBagMan/Cosmetics/Weapons/DA_AFL_Weapon_HandCannon_SIMULARENT_NeonPink_XT.DA_AFL_Weapon_HandCannon_SIMULARENT_NeonPink_XT,/Script/AFLCombat.AFLWeaponCosmeticAsset,526,526,0,0,526
/AFLBagMan/Cosmetics/Weapons/DA_AFL_Weapon_HandCannon_SIMULARENT_NeonPurple_L.DA_AFL_Weapon_HandCannon_SIMULARENT_NeonPurple_L,/Script/AFLCombat.AFLWeaponCosmeticAsset,534,534,0,0,534
/AFLBagMan/Cosmetics/Weapons/DA_AFL_Weapon_HandCannon_SIMULARENT_NeonPurple_R.DA_AFL_Weapon_HandCannon_SIMULARENT_NeonPurple_R,/Script/AFLCombat.AFLWeaponCosmeticAsset,534,534,0,0,534
/AFLBagMan/Cosmetics/Weapons/DA_AFL_Weapon_HandCannon_SIMULARENT_NeonPurple_XT.DA_AFL_Weapon_HandCannon_SIMULARENT_NeonPurple_XT,/Script/AFLCombat.AFLWeaponCosmeticAsset,534,534,0,0,534
/AFLBagMan/Cosmetics/Weapons/DA_AFL_Weapon_HandCannon_SIMULARENT_NeonRed_L.DA_AFL_Weapon_HandCannon_SIMULARENT_NeonRed_L,/Script/AFLCombat.AFLWeaponCosmeticAsset,518,518,0,0,518
/AFLBagMan/Cosmetics/Weapons/DA_AFL_Weapon_HandCannon_SIMULARENT_NeonRed_R.DA_AFL_Weapon_HandCannon_SIMULARENT_NeonRed_R,/Script/AFLCombat.AFLWeaponCosmeticAsset,518,518,0,0,518
/AFLBagMan/Cosmetics/Weapons/DA_AFL_Weapon_HandCannon_SIMULARENT_NeonRed_XT.DA_AFL_Weapon_HandCannon_SIMULARENT_NeonRed_XT,/Script/AFLCombat.AFLWeaponCosmeticAsset,526,526,0,0,526
/AFLBagMan/Cosmetics/Weapons/DA_AFL_Weapon_HandCannon_SIMULARENT_NeonYellow_L.DA_AFL_Weapon_HandCannon_SIMULARENT_NeonYellow_L,/Script/AFLCombat.AFLWeaponCosmeticAsset,534,534,0,0,534
/AFLBagMan/Cosmetics/Weapons/DA_AFL_Weapon_HandCannon_SIMULARENT_NeonYellow_R.DA_AFL_Weapon_HandCannon_SIMULARENT_NeonYellow_R,/Script/AFLCombat.AFLWeaponCosmeticAsset,534,534,0,0,534
/AFLBagMan/Cosmetics/Weapons/DA_AFL_Weapon_HandCannon_SIMULARENT_NeonYellow_XT.DA_AFL_Weapon_HandCannon_SIMULARENT_NeonYellow_XT,/Script/AFLCombat.AFLWeaponCosmeticAsset,534,534,0,0,534
/AFLBagMan/Cosmetics/Weapons/DA_AFL_Weapon_HandCannon_SIMULARENT_R.DA_AFL_Weapon_HandCannon_SIMULARENT_R,/Script/AFLCombat.AFLWeaponCosmeticAsset,486,486,0,0,486
/AFLBagMan/Cosmetics/Weapons/DA_AFL_Weapon_HandCannon_SIMULARENT_XT.DA_AFL_Weapon_HandCannon_SIMULARENT_XT,/Script/AFLCombat.AFLWeaponCosmeticAsset,494,494,0,0,494
/AFLBagMan/Cosmetics/Weapons/DA_AFL_Weapon_Homer.DA_AFL_Weapon_Homer,/Script/AFLCombat.AFLWeaponCosmeticAsset,414,414,0,0,414
/AFLBagMan/Cosmetics/Weapons/DA_AFL_Weapon_Ioncaster.DA_AFL_Weapon_Ioncaster,/Script/AFLCombat.AFLWeaponCosmeticAsset,430,430,0,0,430
/AFLBagMan/Cosmetics/Weapons/DA_AFL_Weapon_Judge45.DA_AFL_Weapon_Judge45,/Script/AFLCombat.AFLWeaponCosmeticAsset,422,422,0,0,422
/AFLBagMan/Cosmetics/Weapons/DA_AFL_Weapon_KAGE.DA_AFL_Weapon_KAGE,/Script/AFLCombat.AFLWeaponCosmeticAsset,414,414,0,0,414
/AFLBagMan/Cosmetics/Weapons/DA_AFL_Weapon_Lobber.DA_AFL_Weapon_Lobber,/Script/AFLCombat.AFLWeaponCosmeticAsset,422,422,0,0,422
/AFLBagMan/Cosmetics/Weapons/DA_AFL_Weapon_Makhiavelli.DA_AFL_Weapon_Makhiavelli,/Script/AFLCombat.AFLWeaponCosmeticAsset,438,438,0,0,438
/AFLBagMan/Cosmetics/Weapons/DA_AFL_Weapon_N90.DA_AFL_Weapon_N90,/Script/AFLCombat.AFLWeaponCosmeticAsset,406,406,0,0,406
/AFLBagMan/Cosmetics/Weapons/DA_AFL_Weapon_NFP16.DA_AFL_Weapon_NFP16,/Script/AFLCombat.AFLWeaponCosmeticAsset,414,414,0,0,414
/AFLBagMan/Cosmetics/Weapons/DA_AFL_Weapon_NovaKai.DA_AFL_Weapon_NovaKai,/Script/AFLCombat.AFLWeaponCosmeticAsset,422,422,0,0,422
/AFLBagMan/Cosmetics/Weapons/DA_AFL_Weapon_OnyxPrime.DA_AFL_Weapon_OnyxPrime,/Script/AFLCombat.AFLWeaponCosmeticAsset,430,430,0,0,430
/AFLBagMan/Cosmetics/Weapons/DA_AFL_Weapon_ORION.DA_AFL_Weapon_ORION,/Script/AFLCombat.AFLWeaponCosmeticAsset,414,414,0,0,414
/AFLBagMan/Cosmetics/Weapons/DA_AFL_Weapon_PP9.DA_AFL_Weapon_PP9,/Script/AFLCombat.AFLWeaponCosmeticAsset,406,406,0,0,406
/AFLBagMan/Cosmetics/Weapons/DA_AFL_Weapon_Remore.DA_AFL_Weapon_Remore,/Script/AFLCombat.AFLWeaponCosmeticAsset,422,422,0,0,422
/AFLBagMan/Cosmetics/Weapons/DA_AFL_Weapon_RiftOne.DA_AFL_Weapon_RiftOne,/Script/AFLCombat.AFLWeaponCosmeticAsset,422,422,0,0,422
/AFLBagMan/Cosmetics/Weapons/DA_AFL_Weapon_Ripsaw.DA_AFL_Weapon_Ripsaw,/Script/AFLCombat.AFLWeaponCosmeticAsset,422,422,0,0,422
/AFLBagMan/Cosmetics/Weapons/DA_AFL_Weapon_Ronin.DA_AFL_Weapon_Ronin,/Script/AFLCombat.AFLWeaponCosmeticAsset,414,414,0,0,414
/AFLBagMan/Cosmetics/Weapons/DA_AFL_Weapon_Ryu.DA_AFL_Weapon_Ryu,/Script/AFLCombat.AFLWeaponCosmeticAsset,406,406,0,0,406
/AFLBagMan/Cosmetics/Weapons/DA_AFL_Weapon_Sable.DA_AFL_Weapon_Sable,/Script/AFLCombat.AFLWeaponCosmeticAsset,414,414,0,0,414
/AFLBagMan/Cosmetics/Weapons/DA_AFL_Weapon_Scarlett.DA_AFL_Weapon_Scarlett,/Script/AFLCombat.AFLWeaponCosmeticAsset,430,430,0,0,430
/AFLBagMan/Cosmetics/Weapons/DA_AFL_Weapon_Scatterhawk.DA_AFL_Weapon_Scatterhawk,/Script/AFLCombat.AFLWeaponCosmeticAsset,438,438,0,0,438
/AFLBagMan/Cosmetics/Weapons/DA_AFL_Weapon_SOLARA.DA_AFL_Weapon_SOLARA,/Script/AFLCombat.AFLWeaponCosmeticAsset,422,422,0,0,422
/AFLBagMan/Cosmetics/Weapons/DA_AFL_Weapon_Talon.DA_AFL_Weapon_Talon,/Script/AFLCombat.AFLWeaponCosmeticAsset,414,414,0,0,414
/AFLBagMan/Cosmetics/Weapons/DA_AFL_Weapon_Tempest.DA_AFL_Weapon_Tempest,/Script/AFLCombat.AFLWeaponCosmeticAsset,422,422,0,0,422
/AFLBagMan/Cosmetics/Weapons/DA_AFL_Weapon_Valkyr.DA_AFL_Weapon_Valkyr,/Script/AFLCombat.AFLWeaponCosmeticAsset,422,422,0,0,422
/AFLBagMan/Cosmetics/Weapons/DA_AFL_Weapon_Vanguard.DA_AFL_Weapon_Vanguard,/Script/AFLCombat.AFLWeaponCosmeticAsset,430,430,0,0,430
/AFLBagMan/Cosmetics/Weapons/DA_AFL_Weapon_Vanta.DA_AFL_Weapon_Vanta,/Script/AFLCombat.AFLWeaponCosmeticAsset,414,414,0,0,414
/AFLBagMan/Cosmetics/Weapons/DA_AFL_Weapon_Verdant.DA_AFL_Weapon_Verdant,/Script/AFLCombat.AFLWeaponCosmeticAsset,422,422,0,0,422
/AFLBagMan/Cosmetics/Weapons/DA_AFL_Weapon_Volt.DA_AFL_Weapon_Volt,/Script/AFLCombat.AFLWeaponCosmeticAsset,414,414,0,0,414
/AFLBagMan/Cosmetics/Weapons/DA_AFL_Weapon_Voltaic.DA_AFL_Weapon_Voltaic,/Script/AFLCombat.AFLWeaponCosmeticAsset,422,422,0,0,422
/AFLBagMan/Cosmetics/Weapons/DA_AFL_Weapon_Warhead.DA_AFL_Weapon_Warhead,/Script/AFLCombat.AFLWeaponCosmeticAsset,422,422,0,0,422
/AFLBagMan/Cosmetics/Weapons/DA_AFL_Weapon_ZenKoan.DA_AFL_Weapon_ZenKoan,/Script/AFLCombat.AFLWeaponCosmeticAsset,422,422,0,0,422
/AFLBagMan/Equipment/DA_AFL_WeaponSpawnTable.DA_AFL_WeaponSpawnTable,/Script/AFLCombat.AFLWeaponSpawnTable,772,772,0,0,1626
/AFLBagMan/Equipment/WeaponPickupData_AFL_BeamCutter.WeaponPickupData_AFL_BeamCutter,/Script/LyraGame.LyraWeaponPickupDefinition,899,899,0,0,899
/AFLBagMan/Equipment/WeaponPickupData_AFL_EMP.WeaponPickupData_AFL_EMP,/Script/LyraGame.LyraWeaponPickupDefinition,868,868,0,0,868
/AFLBagMan/Equipment/WeaponPickupData_AFL_Flak.WeaponPickupData_AFL_Flak,/Script/LyraGame.LyraWeaponPickupDefinition,865,865,0,0,865
/AFLBagMan/Equipment/WeaponPickupData_AFL_Railgun.WeaponPickupData_AFL_Railgun,/Script/LyraGame.LyraWeaponPickupDefinition,882,882,0,0,882
/AFLBagMan/Equipment/WeaponPickupData_AFL_Rocket.WeaponPickupData_AFL_Rocket,/Script/LyraGame.LyraWeaponPickupDefinition,879,879,0,0,879
/AFLBagMan/Equipment/WeaponPickupData_AFL_Seeker.WeaponPickupData_AFL_Seeker,/Script/LyraGame.LyraWeaponPickupDefinition,879,879,0,0,879
/AFLBagMan/Equipment/WeaponPickupData_AFL_Shield.WeaponPickupData_AFL_Shield,/Script/LyraGame.LyraWeaponPickupDefinition,879,879,0,0,879
/AFLBagMan/Equipment/WeaponPickupData_AFL_SMG.WeaponPickupData_AFL_SMG,/Script/LyraGame.LyraWeaponPickupDefinition,862,862,0,0,862
/AFLBagMan/Equipment/WeaponPickupData_AFL_Tempest.WeaponPickupData_AFL_Tempest,/Script/LyraGame.LyraWeaponPickupDefinition,870,870,0,0,870
/ShooterCore/Items/HealthPickup/WeaponPickupData_Heal_Big.WeaponPickupData_Heal_Big,/Script/LyraGame.LyraWeaponPickupDefinition,918,918,0,0,918
/ShooterCore/Items/HealthPickup/WeaponPickupData_Heal_Small.WeaponPickupData_Heal_Small,/Script/LyraGame.LyraWeaponPickupDefinition,918,918,0,0,918
/ShooterCore/Weapons/Pistol/WeaponPickupData_Pistol.WeaponPickupData_Pistol,/Script/LyraGame.LyraWeaponPickupDefinition,874,874,0,0,874
/ShooterCore/Weapons/Rifle/WeaponPickupData_Rifle.WeaponPickupData_Rifle,/Script/LyraGame.LyraWeaponPickupDefinition,862,862,0,0,862
/ShooterCore/Weapons/Shotgun/WeaponPickupData_Shotgun.WeaponPickupData_Shotgun,/Script/LyraGame.LyraWeaponPickupDefinition,878,878,0,0,878
/AFLBagMan/Experiences/LAS_AFL_BR_S1.LAS_AFL_BR_S1,/Script/LyraGame.LyraExperienceActionSet,2349,2349,0,0,5282
/AFLBagMan/Experiences/LAS_AFL_BR_Zone_BR20.LAS_AFL_BR_Zone_BR20,/Script/LyraGame.LyraExperienceActionSet,709,709,0,0,709
/AFLBagMan/Experiences/LAS_AFL_BR_Zone_BR36.LAS_AFL_BR_Zone_BR36,/Script/LyraGame.LyraExperienceActionSet,709,709,0,0,709
/AFLBagMan/Experiences/LAS_AFL_BR_Zone_BR9.LAS_AFL_BR_Zone_BR9,/Script/LyraGame.LyraExperienceActionSet,701,701,0,0,701
/AFLBagMan/Experiences/LAS_AFL_Duel01_Core.LAS_AFL_Duel01_Core,/Script/LyraGame.LyraExperienceActionSet,2351,2351,0,0,5290
/AFLBagMan/Experiences/LAS_AFL_ExtractionMatch.LAS_AFL_ExtractionMatch,/Script/LyraGame.LyraExperienceActionSet,2376,2376,0,0,5407
/AFLBagMan/Experiences/LAS_AFL_StandardHUD.LAS_AFL_StandardHUD,/Script/LyraGame.LyraExperienceActionSet,1205,1205,0,0,2360
/AFLBagMan/Experiences/LAS_AFL_Teams_2v2.LAS_AFL_Teams_2v2,/Script/LyraGame.LyraExperienceActionSet,693,693,0,0,693
/AFLBagMan/Experiences/LAS_AFL_Teams_3v3.LAS_AFL_Teams_3v3,/Script/LyraGame.LyraExperienceActionSet,693,693,0,0,693
/AFLBagMan/Experiences/LAS_AFL_Teams_4v4.LAS_AFL_Teams_4v4,/Script/LyraGame.LyraExperienceActionSet,693,693,0,0,693
/AFLBagMan/Experiences/LAS_AFL_Teams_5v5.LAS_AFL_Teams_5v5,/Script/LyraGame.LyraExperienceActionSet,693,693,0,0,693
/AFLBagMan/Experiences/LAS_AFL_Teams_8v8.LAS_AFL_Teams_8v8,/Script/LyraGame.LyraExperienceActionSet,693,693,0,0,693
/AFLBagMan/Experiences/LAS_AFL_Teams_BR_S1.LAS_AFL_Teams_BR_S1,/Script/LyraGame.LyraExperienceActionSet,693,693,0,0,693
/AFLBagMan/Experiences/LAS_AFL_Teams_Duel01.LAS_AFL_Teams_Duel01,/Script/LyraGame.LyraExperienceActionSet,693,693,0,0,693
/AFLMovement/Experiences/LAS_AFL_HeroComponents.LAS_AFL_HeroComponents,/Script/LyraGame.LyraExperienceActionSet,691,691,0,0,1328
/ShooterCore/Accolades/EAS_BasicShooterAcolades.EAS_BasicShooterAcolades,/Script/LyraGame.LyraExperienceActionSet,577,577,0,0,1068
/ShooterCore/Experiences/LAS_ShooterGame_SharedInput.LAS_ShooterGame_SharedInput,/Script/LyraGame.LyraExperienceActionSet,978,978,0,0,978
/ShooterCore/Experiences/LAS_ShooterGame_StandardComponents.LAS_ShooterGame_StandardComponents,/Script/LyraGame.LyraExperienceActionSet,711,711,0,0,1280
/ShooterCore/Experiences/LAS_ShooterGame_StandardHUD.LAS_ShooterGame_StandardHUD,/Script/LyraGame.LyraExperienceActionSet,1189,1189,0,0,2376
/ShooterExplorer/System/Experiences/LAS_InventoryTest.LAS_InventoryTest,/Script/LyraGame.LyraExperienceActionSet,697,697,0,0,1365
/AFLBagMan/Game/BB_AFL_Bot.BB_AFL_Bot,/Script/AIModule.BlackboardData,795,795,0,0,1814
/ShooterCore/Bot/BT/BB_Lyra_Shooter_Bot.BB_Lyra_Shooter_Bot,/Script/AIModule.BlackboardData,571,571,0,0,1138
/AFLBagMan/Game/BT_AFL_Bot.BT_AFL_Bot,/Script/AIModule.BehaviorTree,2525,2525,0,0,7568
/ShooterCore/Bot/BT/BT_Lyra_Shooter_Bot.BT_Lyra_Shooter_Bot,/Script/AIModule.BehaviorTree,2217,2217,0,0,7154
/ShooterCore/ControlPoint/AI/BT_Lyra_Shooter_ControlPoint_Bot.BT_Lyra_Shooter_ControlPoint_Bot,/Script/AIModule.BehaviorTree,2309,2309,0,0,7811
/AFLBagMan/Game/DA_AFL_BotAimTiers.DA_AFL_BotAimTiers,/Script/AFLGameCore.AFLBotAimTiers,314,314,0,0,314
/AFLBagMan/Game/EQS_AFL_CombatReposition.EQS_AFL_CombatReposition,/Script/AIModule.EnvQuery,1094,1094,0,0,2257
/ShooterCore/Bot/EQS/EQS_AIPerceptionEnemy.EQS_AIPerceptionEnemy,/Script/AIModule.EnvQuery,923,923,0,0,923
/ShooterCore/Bot/EQS/EQS_FindControlPoint.EQS_FindControlPoint,/Script/AIModule.EnvQuery,552,552,0,0,1030
/ShooterCore/Bot/EQS/EQS_FindTarget.EQS_FindTarget,/Script/AIModule.EnvQuery,959,959,0,0,959
/ShooterCore/Bot/EQS/EQS_FindWeapon.EQS_FindWeapon,/Script/AIModule.EnvQuery,611,611,0,0,1193
/ShooterCore/Bot/EQS/EQS_MoveAgainstEnnemy.EQS_MoveAgainstEnnemy,/Script/AIModule.EnvQuery,735,735,0,0,1441
/AFLBagMan/Loot/DA_AFL_LootConfig.DA_AFL_LootConfig,/Script/AFLCombat.AFLLootConfig,609,609,0,0,609
/AFLBagMan/UI/HUD/W_AFL_CarriedValue.W_AFL_CarriedValue,/Script/UMGEditor.WidgetBlueprint,1261,1261,0,0,2884
/AFLBagMan/UI/WBP_AFL_EnergyMeter.WBP_AFL_EnergyMeter,/Script/UMGEditor.WidgetBlueprint,1004,1004,0,0,2087
/AFLBagMan/UI/WBP_AFL_ExtractChannelBar.WBP_AFL_ExtractChannelBar,/Script/UMGEditor.WidgetBlueprint,1003,1003,0,0,2105
/AFLBagMan/UI/WBP_AFL_ExtractionAnnounce.WBP_AFL_ExtractionAnnounce,/Script/UMGEditor.WidgetBlueprint,640,640,0,0,1124
/AFLBagMan/UI/WBP_AFL_MatchScoreboard.WBP_AFL_MatchScoreboard,/Script/UMGEditor.WidgetBlueprint,2406,2406,0,0,6531
/AFLBagMan/UI/WBP_AFL_RoundHeader.WBP_AFL_RoundHeader,/Script/UMGEditor.WidgetBlueprint,1462,1462,0,0,3408
/AFLBagMan/UI/WBP_AFL_RoundResultToast.WBP_AFL_RoundResultToast,/Script/UMGEditor.WidgetBlueprint,1119,1119,0,0,2315
/AFLBagMan/UI/WBP_AFL_ScoreboardRow.WBP_AFL_ScoreboardRow,/Script/UMGEditor.WidgetBlueprint,1328,1328,0,0,3316
/AFLBagMan/UI/WBP_AFL_SpectateOverlay.WBP_AFL_SpectateOverlay,/Script/UMGEditor.WidgetBlueprint,1122,1122,0,0,2280
/Game/BagMan/UI/Loadout/WBP_AFL_Loadout.WBP_AFL_Loadout,/Script/UMGEditor.WidgetBlueprint,2904,2904,0,0,11622
/Game/BagMan/UI/Loadout/WBP_AFL_LoadoutSectionHeader.WBP_AFL_LoadoutSectionHeader,/Script/UMGEditor.WidgetBlueprint,819,819,0,0,1524
/Game/BagMan/UI/Loadout/WBP_AFL_LoadoutTile.WBP_AFL_LoadoutTile,/Script/UMGEditor.WidgetBlueprint,2293,2293,0,0,6642
/Game/BagMan/UI/Store/AFLW_Menu_CosmeticShop.AFLW_Menu_CosmeticShop,/Script/UMGEditor.WidgetBlueprint,13299,13299,0,0,68973
/Game/BagMan/UI/Store/AFLW_Menu_StoreTile.AFLW_Menu_StoreTile,/Script/UMGEditor.WidgetBlueprint,4362,4362,0,0,12503
/Game/BagMan/UI/WBP_AFL_WeaponWheel.WBP_AFL_WeaponWheel,/Script/UMGEditor.WidgetBlueprint,3868,3868,0,0,11260
/Game/BagMan/UI/WBP_AFL_WheelSegment.WBP_AFL_WheelSegment,/Script/UMGEditor.WidgetBlueprint,966,966,0,0,1722
/Game/Characters/Heroes/Abilities/W_CrouchTouchButton.W_CrouchTouchButton,/Script/UMGEditor.WidgetBlueprint,1028,1028,0,0,1826
/Game/Characters/Heroes/Abilities/W_JumpTouchButton.W_JumpTouchButton,/Script/UMGEditor.WidgetBlueprint,1020,1020,0,0,1812
/Game/UI/Foundation/Buttons/W_LyraButton.W_LyraButton,/Script/UMGEditor.WidgetBlueprint,4068,4068,0,0,10847
/Game/UI/Foundation/Buttons/W_LyraButtonTab.W_LyraButtonTab,/Script/UMGEditor.WidgetBlueprint,4746,4746,0,0,13999
/Game/UI/Foundation/Dialogs/W_ConfirmationDefault.W_ConfirmationDefault,/Script/UMGEditor.WidgetBlueprint,1013,1013,0,0,1013
/Game/UI/Foundation/Dialogs/W_ConfirmationDialog.W_ConfirmationDialog,/Script/UMGEditor.WidgetBlueprint,5448,5448,0,0,18102
/Game/UI/Foundation/Dialogs/W_ConfirmationError.W_ConfirmationError,/Script/UMGEditor.WidgetBlueprint,1005,1005,0,0,1005
/Game/UI/Foundation/Dialogs/W_ControllerDisconnected.W_ControllerDisconnected,/Script/UMGEditor.WidgetBlueprint,2974,2974,0,0,7045
/Game/UI/Foundation/LoadingScreen/W_LoadingScreen_DefaultContent.W_LoadingScreen_DefaultContent,/Script/UMGEditor.WidgetBlueprint,781,781,0,0,1584
/Game/UI/Foundation/LoadingScreen/W_LoadingScreen_Host.W_LoadingScreen_Host,/Script/UMGEditor.WidgetBlueprint,2323,2323,0,0,5631
/Game/UI/Foundation/LoadingScreen/W_LoadingScreenReasonDebugText.W_LoadingScreenReasonDebugText,/Script/UMGEditor.WidgetBlueprint,2699,2699,0,0,6146
/Game/UI/Foundation/LoadingScreen/W_LyraLogo_LoadingScreen.W_LyraLogo_LoadingScreen,/Script/UMGEditor.WidgetBlueprint,1468,1468,0,0,3564
/Game/UI/Foundation/SoftwareCursors/W_ArrowCursor.W_ArrowCursor,/Script/UMGEditor.WidgetBlueprint,1187,1187,0,0,2262
/Game/UI/Foundation/Subtitles/W_SubtitleDisplayHost.W_SubtitleDisplayHost,/Script/UMGEditor.WidgetBlueprint,740,740,0,0,1290
/Game/UI/Foundation/TabbedView/W_HorizontalTabList.W_HorizontalTabList,/Script/UMGEditor.WidgetBlueprint,4234,4234,0,0,13186
/Game/UI/Foundation/Widgets/BottomBar/W_BottomActionBar.W_BottomActionBar,/Script/UMGEditor.WidgetBlueprint,829,829,0,0,1628
/Game/UI/Foundation/Widgets/BottomBar/W_BoundActionButton.W_BoundActionButton,/Script/UMGEditor.WidgetBlueprint,6046,6046,0,0,20024
/Game/UI/Foundation/Widgets/W_AspectImageWithBlur.W_AspectImageWithBlur,/Script/UMGEditor.WidgetBlueprint,1843,1843,0,0,4788
/Game/UI/Foundation/Widgets/W_ProgressSpinner.W_ProgressSpinner,/Script/UMGEditor.WidgetBlueprint,1199,1199,0,0,2272
/Game/UI/Hud/W_ActionTouchButton.W_ActionTouchButton,/Script/UMGEditor.WidgetBlueprint,9101,9101,0,0,35206
/Game/UI/Hud/W_ActionTouchButton_MobileOnly.W_ActionTouchButton_MobileOnly,/Script/UMGEditor.WidgetBlueprint,681,681,0,0,1272
/Game/UI/Hud/W_DefaultHUDLayout.W_DefaultHUDLayout,/Script/UMGEditor.WidgetBlueprint,1181,1181,0,0,2422
/Game/UI/Hud/W_Healthbar.W_Healthbar,/Script/UMGEditor.WidgetBlueprint,10388,10388,0,0,46799
/Game/UI/Hud/W_LyraGameMenu.W_LyraGameMenu,/Script/UMGEditor.WidgetBlueprint,7591,7591,0,0,25661
/Game/UI/Hud/W_OnScreenJoystick_Left.W_OnScreenJoystick_Left,/Script/UMGEditor.WidgetBlueprint,617,617,0,0,1096
/Game/UI/Hud/W_OnScreenJoystick_Right.W_OnScreenJoystick_Right,/Script/UMGEditor.WidgetBlueprint,1194,1194,0,0,2427
/Game/UI/Hud/W_OpenMenuTouchButton.W_OpenMenuTouchButton,/Script/UMGEditor.WidgetBlueprint,2800,2800,0,0,6044
/Game/UI/Hud/W_TouchRegion_Base.W_TouchRegion_Base,/Script/UMGEditor.WidgetBlueprint,951,951,0,0,1693
/Game/UI/Hud/W_TouchRegion_Right.W_TouchRegion_Right,/Script/UMGEditor.WidgetBlueprint,957,957,0,0,957
/Game/UI/Indicators/W_Nameplate.W_Nameplate,/Script/UMGEditor.WidgetBlueprint,6808,6808,0,0,23576
/Game/UI/IRONICS/WBP_IRONICS_CareerHub.WBP_IRONICS_CareerHub,/Script/UMGEditor.WidgetBlueprint,1930,1930,0,0,4754
/Game/UI/IRONICS/WBP_IRONICS_CareerRank.WBP_IRONICS_CareerRank,/Script/UMGEditor.WidgetBlueprint,1838,1838,0,0,5649
/Game/UI/IRONICS/WBP_IRONICS_DoorButton.WBP_IRONICS_DoorButton,/Script/UMGEditor.WidgetBlueprint,618,618,0,0,1122
/Game/UI/IRONICS/WBP_IRONICS_Lobby_DetailPanel.WBP_IRONICS_Lobby_DetailPanel,/Script/UMGEditor.WidgetBlueprint,3267,3267,0,0,13818
/Game/UI/IRONICS/WBP_IRONICS_Lobby_League.WBP_IRONICS_Lobby_League,/Script/UMGEditor.WidgetBlueprint,4270,4270,0,0,17410
/Game/UI/IRONICS/WBP_IRONICS_Lobby_PayoutRow.WBP_IRONICS_Lobby_PayoutRow,/Script/UMGEditor.WidgetBlueprint,1226,1226,0,0,3085
/Game/UI/IRONICS/WBP_IRONICS_Lobby_QueueRow.WBP_IRONICS_Lobby_QueueRow,/Script/UMGEditor.WidgetBlueprint,1286,1286,0,0,3164
/Game/UI/IRONICS/WBP_IRONICS_Lobby_SizeTile.WBP_IRONICS_Lobby_SizeTile,/Script/UMGEditor.WidgetBlueprint,1159,1159,0,0,2671
/Game/UI/IRONICS/WBP_IRONICS_Lobby_Staked.WBP_IRONICS_Lobby_Staked,/Script/UMGEditor.WidgetBlueprint,4527,4527,0,0,19389
/Game/UI/IRONICS/WBP_IRONICS_Lobby_StakePreset.WBP_IRONICS_Lobby_StakePreset,/Script/UMGEditor.WidgetBlueprint,752,752,0,0,1372
/Game/UI/IRONICS/WBP_IRONICS_TicketReview.WBP_IRONICS_TicketReview,/Script/UMGEditor.WidgetBlueprint,2438,2438,0,0,7103
/Game/UI/IRONICS/WBP_IRONICS_VenueShowcase.WBP_IRONICS_VenueShowcase,/Script/UMGEditor.WidgetBlueprint,2973,2973,0,0,7591
/Game/UI/IRONICS/WBP_IRONICS_VenueTile.WBP_IRONICS_VenueTile,/Script/UMGEditor.WidgetBlueprint,1403,1403,0,0,3032
/Game/UI/Menu/Experiences/W_ExperienceTile.W_ExperienceTile,/Script/UMGEditor.WidgetBlueprint,2728,2728,0,0,6535
/Game/UI/Menu/Experiences/W_NonInteractiveSpinner.W_NonInteractiveSpinner,/Script/UMGEditor.WidgetBlueprint,1238,1238,0,0,2330
/Game/UI/Menu/Replays/W_ReplayBrowserScreen.W_ReplayBrowserScreen,/Script/UMGEditor.WidgetBlueprint,3524,3524,0,0,9070
/Game/UI/Menu/Replays/W_ReplayListEntry.W_ReplayListEntry,/Script/UMGEditor.WidgetBlueprint,3557,3557,0,0,9294
/Game/UI/Menu/W_IRONICS_Home.W_IRONICS_Home,/Script/UMGEditor.WidgetBlueprint,4091,4091,0,0,14444
/Game/UI/Menu/W_IRONICS_Startup.W_IRONICS_Startup,/Script/UMGEditor.WidgetBlueprint,4330,4330,0,0,12198
/Game/UI/Menu/W_LyraArrowButton.W_LyraArrowButton,/Script/UMGEditor.WidgetBlueprint,735,735,0,0,1325
/Game/UI/Menu/W_LyraExperienceTileButton.W_LyraExperienceTileButton,/Script/UMGEditor.WidgetBlueprint,8455,8455,0,0,30907
/Game/UI/Menu/W_LyraMenuButton.W_LyraMenuButton,/Script/UMGEditor.WidgetBlueprint,10301,10301,0,0,39126
/Game/UI/Menu/W_LyraMenuButton_Modal.W_LyraMenuButton_Modal,/Script/UMGEditor.WidgetBlueprint,825,825,0,0,1464
/Game/UI/Menu/W_TouchCloseButton.W_TouchCloseButton,/Script/UMGEditor.WidgetBlueprint,1913,1913,0,0,3769
/Game/UI/PerfStats/W_PerfStatContainer_FrontEnd.W_PerfStatContainer_FrontEnd,/Script/UMGEditor.WidgetBlueprint,1592,1592,0,0,4341
/Game/UI/PerfStats/W_PerfStatContainer_GraphOnly.W_PerfStatContainer_GraphOnly,/Script/UMGEditor.WidgetBlueprint,2922,2922,0,0,10084
/Game/UI/PerfStats/W_PerfStatContainer_TextOnly.W_PerfStatContainer_TextOnly,/Script/UMGEditor.WidgetBlueprint,2958,2958,0,0,10169
/Game/UI/PerfStats/W_SingleGraphStat.W_SingleGraphStat,/Script/UMGEditor.WidgetBlueprint,3271,3271,0,0,9021
/Game/UI/PerfStats/W_SingleTextStat.W_SingleTextStat,/Script/UMGEditor.WidgetBlueprint,3170,3170,0,0,8282
/Game/UI/Settings/Editors/W_SettingEntryBackground.W_SettingEntryBackground,/Script/UMGEditor.WidgetBlueprint,3171,3171,0,0,7159
/Game/UI/Settings/Editors/W_SettingsListEntry_Action.W_SettingsListEntry_Action,/Script/UMGEditor.WidgetBlueprint,4371,4371,0,0,11427
/Game/UI/Settings/Editors/W_SettingsListEntry_Discrete.W_SettingsListEntry_Discrete,/Script/UMGEditor.WidgetBlueprint,5409,5409,0,0,16630
/Game/UI/Settings/Editors/W_SettingsListEntry_Header.W_SettingsListEntry_Header,/Script/UMGEditor.WidgetBlueprint,951,951,0,0,1696
/Game/UI/Settings/Editors/W_SettingsListEntry_KBMBinding.W_SettingsListEntry_KBMBinding,/Script/UMGEditor.WidgetBlueprint,4901,4901,0,0,13697
/Game/UI/Settings/Editors/W_SettingsListEntry_Missing.W_SettingsListEntry_Missing,/Script/UMGEditor.WidgetBlueprint,3764,3764,0,0,9378
/Game/UI/Settings/Editors/W_SettingsListEntry_Scalar.W_SettingsListEntry_Scalar,/Script/UMGEditor.WidgetBlueprint,4920,4920,0,0,13015
/Game/UI/Settings/Editors/W_SettingsListEntry_SubCollection.W_SettingsListEntry_SubCollection,/Script/UMGEditor.WidgetBlueprint,4219,4219,0,0,10906
/Game/UI/Settings/Editors/W_SettingsRotator.W_SettingsRotator,/Script/UMGEditor.WidgetBlueprint,3632,3632,0,0,10966
/Game/UI/Settings/Extensions/ColorBlind/W_ColorBlindExtension.W_ColorBlindExtension,/Script/UMGEditor.WidgetBlueprint,2002,2002,0,0,5645
/Game/UI/Settings/Extensions/Enum/W_EnumOptionDetailsEntry.W_EnumOptionDetailsEntry,/Script/UMGEditor.WidgetBlueprint,2588,2588,0,0,5995
/Game/UI/Settings/Extensions/Enum/W_EnumOptionExtension.W_EnumOptionExtension,/Script/UMGEditor.WidgetBlueprint,2143,2143,0,0,5313
/Game/UI/Settings/Extensions/Subtitle/W_Settings_SubtitlePreview.W_Settings_SubtitlePreview,/Script/UMGEditor.WidgetBlueprint,990,990,0,0,1744
/Game/UI/Settings/Screens/Gamma/W_GammaEditor.W_GammaEditor,/Script/UMGEditor.WidgetBlueprint,1862,1862,0,0,4612
/Game/UI/Settings/Screens/SafeZone/W_SafeZoneEditor.W_SafeZoneEditor,/Script/UMGEditor.WidgetBlueprint,3622,3622,0,0,10967
/Game/UI/Settings/Screens/W_KeyAlreadyBoundWarning.W_KeyAlreadyBoundWarning,/Script/UMGEditor.WidgetBlueprint,1347,1347,0,0,2534
/Game/UI/Settings/Screens/W_PressAnyKey.W_PressAnyKey,/Script/UMGEditor.WidgetBlueprint,1321,1321,0,0,2474
/Game/UI/Settings/W_GameSettingsDetailView.W_GameSettingsDetailView,/Script/UMGEditor.WidgetBlueprint,1690,1690,0,0,4013
/Game/UI/Settings/W_LyraSettingScreen.W_LyraSettingScreen,/Script/UMGEditor.WidgetBlueprint,7518,7518,0,0,23604
/Game/UI/Settings/W_SettingsPanel.W_SettingsPanel,/Script/UMGEditor.WidgetBlueprint,4011,4011,0,0,11390
/Game/UI/W_OverallUILayout.W_OverallUILayout,/Script/UMGEditor.WidgetBlueprint,1394,1394,0,0,3419
/MovieRenderPipeline/Blueprints/Graph/UI_MovieGraphImagePreview.UI_MovieGraphImagePreview,/Script/UMGEditor.WidgetBlueprint,3629,3629,0,0,10121
/MovieRenderPipeline/Blueprints/UI_MovieRenderPipelineInfoTableRow.UI_MovieRenderPipelineInfoTableRow,/Script/UMGEditor.WidgetBlueprint,1983,1983,0,0,4887
/ShooterCore/ControlPoint/UI/W_ControlPointMarker.W_ControlPointMarker,/Script/UMGEditor.WidgetBlueprint,6674,6674,0,0,24896
/ShooterCore/ControlPoint/UI/W_ControlPointStatusWidget.W_ControlPointStatusWidget,/Script/UMGEditor.WidgetBlueprint,3848,3848,0,0,10831
/ShooterCore/ControlPoint/UI/W_CPScoreWidget.W_CPScoreWidget,/Script/UMGEditor.WidgetBlueprint,6742,6742,0,0,28371
/ShooterCore/ControlPoint/UI/W_MatchScoreBoard_CP.W_MatchScoreBoard_CP,/Script/UMGEditor.WidgetBlueprint,4851,4851,0,0,16256
/ShooterCore/ControlPoint/UI/W_SB_PlayerRow_CP.W_SB_PlayerRow_CP,/Script/UMGEditor.WidgetBlueprint,3728,3728,0,0,10974
/ShooterCore/ControlPoint/UI/W_ScoreBoard_HeaderRow_CP.W_ScoreBoard_HeaderRow_CP,/Script/UMGEditor.WidgetBlueprint,3346,3346,0,0,10933
/ShooterCore/Elimination/UI/W_MatchScoreBoard_Elimination.W_MatchScoreBoard_Elimination,/Script/UMGEditor.WidgetBlueprint,4859,4859,0,0,16298
/ShooterCore/Elimination/UI/W_SB_PlayerRow_TDM.W_SB_PlayerRow_TDM,/Script/UMGEditor.WidgetBlueprint,3663,3663,0,0,10574
/ShooterCore/Elimination/UI/W_ScoreBoard_HeaderRow_EliminationMode.W_ScoreBoard_HeaderRow_EliminationMode,/Script/UMGEditor.WidgetBlueprint,3316,3316,0,0,10240
/ShooterCore/Elimination/UI/W_ScoreWidget_Elimination.W_ScoreWidget_Elimination,/Script/UMGEditor.WidgetBlueprint,9202,9202,0,0,47315
/ShooterCore/Game/Dash/W_DashCooldown.W_DashCooldown,/Script/UMGEditor.WidgetBlueprint,6990,6990,0,0,23632
/ShooterCore/Game/Dash/W_DashTouchButton.W_DashTouchButton,/Script/UMGEditor.WidgetBlueprint,1608,1608,0,0,3184
/ShooterCore/Game/Emote/W_EmoteTouchButton.W_EmoteTouchButton,/Script/UMGEditor.WidgetBlueprint,1013,1013,0,0,1813
/ShooterCore/Game/Melee/W_MeleeTouchButton.W_MeleeTouchButton,/Script/UMGEditor.WidgetBlueprint,1013,1013,0,0,1813
/ShooterCore/Game/Respawn/W_RespawnTimer.W_RespawnTimer,/Script/UMGEditor.WidgetBlueprint,8347,8347,0,0,31834
/ShooterCore/GameplayCues/W_MatchDecided_Message.W_MatchDecided_Message,/Script/UMGEditor.WidgetBlueprint,14844,14844,0,0,77211
/ShooterCore/GameplayCues/W_WaitingForPlayers_Message.W_WaitingForPlayers_Message,/Script/UMGEditor.WidgetBlueprint,8917,8917,0,0,38047
/ShooterCore/Input/W_TouchRegion_Left.W_TouchRegion_Left,/Script/UMGEditor.WidgetBlueprint,623,623,0,0,1080
/ShooterCore/UserInterface/HUD/W_AbilityFailureFeedback.W_AbilityFailureFeedback,/Script/UMGEditor.WidgetBlueprint,4803,4803,0,0,14737
/ShooterCore/UserInterface/HUD/W_AbilityProgress.W_AbilityProgress,/Script/UMGEditor.WidgetBlueprint,3621,3621,0,0,9601
/ShooterCore/UserInterface/HUD/W_QuickBar.W_QuickBar,/Script/UMGEditor.WidgetBlueprint,2626,2626,0,0,8850
/ShooterCore/UserInterface/HUD/W_QuickBarSlot.W_QuickBarSlot,/Script/UMGEditor.WidgetBlueprint,9305,9305,0,0,33583
/ShooterCore/UserInterface/HUD/W_Reticle_AmmoBar.W_Reticle_AmmoBar,/Script/UMGEditor.WidgetBlueprint,2255,2255,0,0,5440
/ShooterCore/UserInterface/HUD/W_Temp_ReticleDot.W_Temp_ReticleDot,/Script/UMGEditor.WidgetBlueprint,869,869,0,0,1611
/ShooterCore/UserInterface/HUD/W_WeaponAmmoAndName.W_WeaponAmmoAndName,/Script/UMGEditor.WidgetBlueprint,3696,3696,0,0,9983
/ShooterCore/UserInterface/HUD/W_WeaponReticleHost.W_WeaponReticleHost,/Script/UMGEditor.WidgetBlueprint,3572,3572,0,0,10590
/ShooterCore/UserInterface/Notifications/Accolades/W_AccoladeHostWidget.W_AccoladeHostWidget,/Script/UMGEditor.WidgetBlueprint,1798,1798,0,0,3688
/ShooterCore/UserInterface/Notifications/Accolades/W_AccoladeToast.W_AccoladeToast,/Script/UMGEditor.WidgetBlueprint,5115,5115,0,0,18201
/ShooterCore/UserInterface/Notifications/EliminationFeed/W_EliminationFeed.W_EliminationFeed,/Script/UMGEditor.WidgetBlueprint,3224,3224,0,0,8378
/ShooterCore/UserInterface/Notifications/EliminationFeed/W_EliminationFeedEntryWidget.W_EliminationFeedEntryWidget,/Script/UMGEditor.WidgetBlueprint,7034,7034,0,0,26283
/ShooterCore/UserInterface/Replays/W_Replay_PlayerSelector.W_Replay_PlayerSelector,/Script/UMGEditor.WidgetBlueprint,1032,1032,0,0,2411
/ShooterCore/UserInterface/Replays/W_Replay_ScrubBar.W_Replay_ScrubBar,/Script/UMGEditor.WidgetBlueprint,2521,2521,0,0,6504
/ShooterCore/UserInterface/Replays/W_ShooterReplayHUD.W_ShooterReplayHUD,/Script/UMGEditor.WidgetBlueprint,1441,1441,0,0,2969
/ShooterCore/UserInterface/ScoreBoard/PlayerRow/W_BasePlayerRow.W_BasePlayerRow,/Script/UMGEditor.WidgetBlueprint,1968,1968,0,0,4581
/ShooterCore/UserInterface/ScoreBoard/PlayerRow/W_SB_PlayerIcon.W_SB_PlayerIcon,/Script/UMGEditor.WidgetBlueprint,1353,1353,0,0,2759
/ShooterCore/UserInterface/ScoreBoard/PlayerRow/W_SB_PlayerName.W_SB_PlayerName,/Script/UMGEditor.WidgetBlueprint,2192,2192,0,0,4881
/ShooterCore/UserInterface/ScoreBoard/PlayerRow/W_SB_PlayerStat.W_SB_PlayerStat,/Script/UMGEditor.WidgetBlueprint,3043,3043,0,0,7309
/ShooterCore/UserInterface/ScoreBoard/W_SB_PlayerList.W_SB_PlayerList,/Script/UMGEditor.WidgetBlueprint,4477,4477,0,0,15957
/ShooterCore/UserInterface/ScoreBoard/W_SB_TeamStat.W_SB_TeamStat,/Script/UMGEditor.WidgetBlueprint,5418,5418,0,0,22098
/ShooterCore/UserInterface/ScoreBoard/W_UserConnectionStatus.W_UserConnectionStatus,/Script/UMGEditor.WidgetBlueprint,3105,3105,0,0,7382
/ShooterCore/UserInterface/W_FireButton.W_FireButton,/Script/UMGEditor.WidgetBlueprint,2090,2090,0,0,4459
/ShooterCore/UserInterface/W_ShooterHUDLayout.W_ShooterHUDLayout,/Script/UMGEditor.WidgetBlueprint,3413,3413,0,0,13533
/ShooterCore/UserInterface/W_ToggleADSTouchButton.W_ToggleADSTouchButton,/Script/UMGEditor.WidgetBlueprint,1038,1038,0,0,1835
/ShooterCore/Weapons/Grenade/W_GrenadeCooldown.W_GrenadeCooldown,/Script/UMGEditor.WidgetBlueprint,1372,1372,0,0,2730
/ShooterCore/Weapons/Pistol/W_AmmoCounter_Pistol.W_AmmoCounter_Pistol,/Script/UMGEditor.WidgetBlueprint,2973,2973,0,0,9000
/ShooterCore/Weapons/Pistol/W_Reticle_Pistol.W_Reticle_Pistol,/Script/UMGEditor.WidgetBlueprint,6601,6601,0,0,21191
/ShooterCore/Weapons/Rifle/W_AmmoCounter_Rifle.W_AmmoCounter_Rifle,/Script/UMGEditor.WidgetBlueprint,2985,2985,0,0,8989
/ShooterCore/Weapons/Rifle/W_Reticle_Rifle.W_Reticle_Rifle,/Script/UMGEditor.WidgetBlueprint,6541,6541,0,0,21082
/ShooterCore/Weapons/Shotgun/W_AmmoCounter_Shotgun.W_AmmoCounter_Shotgun,/Script/UMGEditor.WidgetBlueprint,2989,2989,0,0,9015
/ShooterCore/Weapons/Shotgun/W_Reticle_Shotgun.W_Reticle_Shotgun,/Script/UMGEditor.WidgetBlueprint,6830,6830,0,0,22923
/ShooterExplorer/UserInterface/W_InteractionPrompt.W_InteractionPrompt,/Script/UMGEditor.WidgetBlueprint,1869,1869,0,0,3882
/ShooterExplorer/UserInterface/W_InventoryGrid.W_InventoryGrid,/Script/UMGEditor.WidgetBlueprint,2622,2622,0,0,6550
/ShooterExplorer/UserInterface/W_InventoryScreen.W_InventoryScreen,/Script/UMGEditor.WidgetBlueprint,1957,1957,0,0,4339
/ShooterExplorer/UserInterface/W_InventoryTile.W_InventoryTile,/Script/UMGEditor.WidgetBlueprint,1711,1711,0,0,3880
/ShooterExplorer/UserInterface/W_ItemAcquiredList.W_ItemAcquiredList,/Script/UMGEditor.WidgetBlueprint,4052,4052,0,0,11296
/ShooterExplorer/UserInterface/W_ItemAcquiredToastRow.W_ItemAcquiredToastRow,/Script/UMGEditor.WidgetBlueprint,3099,3099,0,0,8182
/ShooterExplorer/UserInterface/W_MapScreen.W_MapScreen,/Script/UMGEditor.WidgetBlueprint,1646,1646,0,0,3319
/ShooterMaps/System/Playlists/W_LoadingScreen_ControlPoint.W_LoadingScreen_ControlPoint,/Script/UMGEditor.WidgetBlueprint,884,884,0,0,1679
/ShooterMaps/System/Playlists/W_LoadingScreen_TDM.W_LoadingScreen_TDM,/Script/UMGEditor.WidgetBlueprint,884,884,0,0,1655
/TopDownArena/GameplayCues/W_GetReady.W_GetReady,/Script/UMGEditor.WidgetBlueprint,2360,2360,0,0,5249
/TopDownArena/UserInterface/Player/W_PlayerTile.W_PlayerTile,/Script/UMGEditor.WidgetBlueprint,3925,3925,0,0,11330
/TopDownArena/UserInterface/Player/W_Powerup_Stat.W_Powerup_Stat,/Script/UMGEditor.WidgetBlueprint,3869,3869,0,0,10371
/TopDownArena/UserInterface/W_RoundTimer.W_RoundTimer,/Script/UMGEditor.WidgetBlueprint,2973,2973,0,0,7456
/TopDownArena/UserInterface/W_TopDownArenaHUDLayout.W_TopDownArenaHUDLayout,/Script/UMGEditor.WidgetBlueprint,1714,1714,0,0,4266
/TopDownArena/UserInterface/W_TopDownPlayers.W_TopDownPlayers,/Script/UMGEditor.WidgetBlueprint,1504,1504,0,0,3306
/AFLCombat/Tuning/DA_AFLPulseTuning.DA_AFLPulseTuning,/Script/AFLCombat.AFLPulseTuningData,314,314,0,0,314
/AFLCombat/Zone/DA_AFL_ZoneConfig_ShantyTown_BR20.DA_AFL_ZoneConfig_ShantyTown_BR20,/Script/AFLCombat.AFLZoneConfig,490,490,0,0,490
/AFLCombat/Zone/DA_AFL_ZoneConfig_ShantyTown_BR36.DA_AFL_ZoneConfig_ShantyTown_BR36,/Script/AFLCombat.AFLZoneConfig,504,504,0,0,504
/AFLCombat/Zone/DA_AFL_ZoneConfig_ShantyTown_BR9.DA_AFL_ZoneConfig_ShantyTown_BR9,/Script/AFLCombat.AFLZoneConfig,498,498,0,0,498
/AFLDismember/Data/DA_AFL_DismemberZones.DA_AFL_DismemberZones,/Script/AFLDismember.AFLDismemberZoneSet,907,907,0,0,2007
/AFLMovement/Data/OCAS_Head.OCAS_Head,/Script/AFLMovement.AFLObjectClassAnimSet,588,588,0,0,588
/AFLMovement/Input/IMC_AFL_Movement.IMC_AFL_Movement,/Script/EnhancedInput.InputMappingContext,314,314,0,0,314
/Game/Input/Mappings/IMC_Default.IMC_Default,/Script/EnhancedInput.InputMappingContext,2643,2643,0,0,6249
/ShooterCore/Input/Mappings/IMC_ADS_Speed.IMC_ADS_Speed,/Script/EnhancedInput.InputMappingContext,1121,1121,0,0,1852
/ShooterCore/Input/Mappings/IMC_ShooterGame.IMC_ShooterGame,/Script/EnhancedInput.InputMappingContext,1449,1449,0,0,3311
/ShooterExplorer/Input/Mappings/IMC_InventoryTest.IMC_InventoryTest,/Script/EnhancedInput.InputMappingContext,747,747,0,0,1371
/AFLMovement/Input/InputData_AFL_Hero.InputData_AFL_Hero,/Script/LyraGame.LyraInputConfig,674,674,0,0,1162
/Game/Input/InputData_Hero.InputData_Hero,/Script/LyraGame.LyraInputConfig,1265,1265,0,0,2621
/Game/Input/InputData_SimplePawn.InputData_SimplePawn,/Script/LyraGame.LyraInputConfig,598,598,0,0,1029
/ShooterCore/Input/Actions/InputData_ShooterGame_AddOns.InputData_ShooterGame_AddOns,/Script/LyraGame.LyraInputConfig,647,647,0,0,1158
/ShooterExplorer/Input/Actions/InputData_InventoryTest.InputData_InventoryTest,/Script/LyraGame.LyraInputConfig,1167,1167,0,0,2386
/TopDownArena/Game/InputData_Arena.InputData_Arena,/Script/LyraGame.LyraInputConfig,575,575,0,0,575
/AppleARKit/M_OcclusionOverlay.M_OcclusionOverlay,/Script/Engine.Material,4425,4425,0,0,28459
/AppleARKit/M_SceneDepthOcclusion.M_SceneDepthOcclusion,/Script/Engine.Material,4520,4520,0,0,28688
/ARUtilities/Materials/M_DepthColoration.M_DepthColoration,/Script/Engine.Material,4463,4463,0,0,27569
/ARUtilities/Materials/M_PassthroughCamera.M_PassthroughCamera,/Script/Engine.Material,4110,4110,0,0,25049
/ARUtilities/Materials/M_ScreenSpacePassthroughCamera.M_ScreenSpacePassthroughCamera,/Script/Engine.Material,4579,4579,0,0,25480
/CameraCalibrationCore/Materials/M_DefaultEvenSquare.M_DefaultEvenSquare,/Script/Engine.Material,3867,3867,0,0,24117
/CameraCalibrationCore/Materials/M_DefaultOddSquare.M_DefaultOddSquare,/Script/Engine.Material,3885,3885,0,0,24114
/CloudsLighting/Billboards/Mat_VolumetricLightSourceBillboard.Mat_VolumetricLightSourceBillboard,/Script/Engine.Material,5875,5875,0,0,37788
/ColorCorrectRegions/Materials/M_ColorCorrectRegionTransparentPreview.M_ColorCorrectRegionTransparentPreview,/Script/Engine.Material,3921,3921,0,0,23208
/CommonUI/VideoPlayerMaterial.VideoPlayerMaterial,/Script/Engine.Material,4306,4306,0,0,28842
/Composure/Materials/ChromaKeying/M_SinglePassChromaKeyer.M_SinglePassChromaKeyer,/Script/Engine.Material,5300,5300,0,0,29933
/Composure/Materials/ChromaKeying/M_SinglePassDespill.M_SinglePassDespill,/Script/Engine.Material,4480,4480,0,0,26387
/Composure/Materials/Compositing/M_AlphaScale.M_AlphaScale,/Script/Engine.Material,3947,3947,0,0,24711
/Composure/Materials/Media/M_StaticVideoPlateDebug.M_StaticVideoPlateDebug,/Script/Engine.Material,3910,3910,0,0,24524
/Composure/Materials/Media/M_VideoPlateDefault.M_VideoPlateDefault,/Script/Engine.Material,3905,3905,0,0,24499
/Composure/Materials/PassSetup/ComposureBeforeTranslucencySetBlack.ComposureBeforeTranslucencySetBlack,/Script/Engine.Material,3560,3560,0,0,23538
/Composure/Materials/PassSetup/ComposureSimpleSetupMaterial.ComposureSimpleSetupMaterial,/Script/Engine.Material,3809,3809,0,0,24502
/Composure/Materials/ReplaceTonemapper/ComposureReplaceTonemapperByTexture.ComposureReplaceTonemapperByTexture,/Script/Engine.Material,3838,3838,0,0,24502
/Composure/Materials/ReplaceTonemapper/ComposureReplaceTonemapperComposeBloom.ComposureReplaceTonemapperComposeBloom,/Script/Engine.Material,4068,4068,0,0,25066
/ControlRig/Controls/ControlRigGizmoMaterial.ControlRigGizmoMaterial,/Script/Engine.Material,3566,3566,0,0,19990
/ControlRig/Controls/ControlRigXRayMaterial.ControlRigXRayMaterial,/Script/Engine.Material,4604,4604,0,0,28419
/ControlRig/M_Manip.M_Manip,/Script/Engine.Material,4651,4651,0,0,28188
/Engine/BasicShapes/BasicShapeMaterial.BasicShapeMaterial,/Script/Engine.Material,5736,5736,0,0,37659
/Engine/EditorLandscapeResources/ColorMaskBrushMaterial.ColorMaskBrushMaterial,/Script/Engine.Material,4299,4299,0,0,24571
/Engine/EditorLandscapeResources/LandscapeDirtyMaterial.LandscapeDirtyMaterial,/Script/Engine.Material,4438,4438,0,0,25447
/Engine/EditorLandscapeResources/LandscapeLayerUsageMaterial.LandscapeLayerUsageMaterial,/Script/Engine.Material,5057,5057,0,0,30027
/Engine/EditorLandscapeResources/LayerVisMaterial.LayerVisMaterial,/Script/Engine.Material,4041,4041,0,0,22029
/Engine/EditorLandscapeResources/MaskBrushMaterial.MaskBrushMaterial,/Script/Engine.Material,4493,4493,0,0,24659
/Engine/EditorLandscapeResources/SelectBrushMaterial.SelectBrushMaterial,/Script/Engine.Material,4511,4511,0,0,24872
/Engine/EditorLandscapeResources/SplineEditorMeshMat.SplineEditorMeshMat,/Script/Engine.Material,5578,5578,0,0,36041
/Engine/EditorMaterials/Camera/CineMat.CineMat,/Script/Engine.Material,4417,4417,0,0,27092
/Engine/EditorMaterials/Dataflow/DataflowTwoSidedVertexMaterial.DataflowTwoSidedVertexMaterial,/Script/Engine.Material,5390,5390,0,0,51978
/Engine/EditorMaterials/Dataflow/DataflowVertexMaterial.DataflowVertexMaterial,/Script/Engine.Material,4140,4140,0,0,27053
/Engine/EditorMaterials/PhAT_NoCollisionMaterial.PhAT_NoCollisionMaterial,/Script/Engine.Material,3987,3987,0,0,23459
/Engine/EditorMaterials/PhAT_UnselectedMaterial.PhAT_UnselectedMaterial,/Script/Engine.Material,3980,3980,0,0,23451
/Engine/EditorMaterials/PreviewShadowIndicatorMaterial.PreviewShadowIndicatorMaterial,/Script/Engine.Material,12927,12927,0,0,74258
/Engine/EngineDebugMaterials/BlackUnlitMaterial.BlackUnlitMaterial,/Script/Engine.Material,3876,3876,0,0,24114
/Engine/EngineDebugMaterials/DebugEditorMaterial.DebugEditorMaterial,/Script/Engine.Material,4282,4282,0,0,24942
/Engine/EngineDebugMaterials/DebugMeshMaterial.DebugMeshMaterial,/Script/Engine.Material,4184,4184,0,0,25792
/Engine/EngineDebugMaterials/M_SimpleUnlitTranslucent.M_SimpleUnlitTranslucent,/Script/Engine.Material,3971,3971,0,0,23632
/Engine/EngineDebugMaterials/M_VolumeRenderSphereTracePP.M_VolumeRenderSphereTracePP,/Script/Engine.Material,4804,4804,0,0,28467
/Engine/EngineDebugMaterials/VertexColorMaterial.VertexColorMaterial,/Script/Engine.Material,8822,8822,0,0,67104
/Engine/EngineDebugMaterials/VertexColorViewMode_BlueOnly.VertexColorViewMode_BlueOnly,/Script/Engine.Material,5411,5411,0,0,38643
/Engine/EngineDebugMaterials/VertexColorViewMode_GreenOnly.VertexColorViewMode_GreenOnly,/Script/Engine.Material,5413,5413,0,0,38643
/Engine/EngineDebugMaterials/VertexColorViewMode_RedOnly.VertexColorViewMode_RedOnly,/Script/Engine.Material,5407,5407,0,0,38643
/Engine/EngineMaterials/DefaultDeferredDecalMaterial.DefaultDeferredDecalMaterial,/Script/Engine.Material,13121,13121,0,0,111414
/Engine/EngineMaterials/DefaultLightFunctionMaterial.DefaultLightFunctionMaterial,/Script/Engine.Material,14138,14138,0,0,84469
/Engine/EngineMaterials/DefaultMaterial.DefaultMaterial,/Script/Engine.Material,7595,7595,0,0,58280
/Engine/EngineMaterials/DefaultPostProcessMaterial.DefaultPostProcessMaterial,/Script/Engine.Material,6452,6452,0,0,62546
/Engine/EngineMaterials/DefaultTextMaterialOpaque.DefaultTextMaterialOpaque,/Script/Engine.Material,5806,5806,0,0,38383
/Engine/EngineMaterials/EmissiveMeshMaterial.EmissiveMeshMaterial,/Script/Engine.Material,5348,5348,0,0,34926
/Engine/EngineMaterials/FlattenMaterial.FlattenMaterial,/Script/Engine.Material,6708,6708,0,0,41525
/Engine/EngineMaterials/FlattenMaterial_VT.FlattenMaterial_VT,/Script/Engine.Material,6357,6357,0,0,36467
/Engine/EngineMaterials/FlattenMaterial_WS_Normal_VT.FlattenMaterial_WS_Normal_VT,/Script/Engine.Material,6357,6357,0,0,36494
/Engine/EngineMaterials/GizmoMaterial.GizmoMaterial,/Script/Engine.Material,4188,4188,0,0,24611
/Engine/EngineMaterials/M_InvalidLightmapSettings.M_InvalidLightmapSettings,/Script/Engine.Material,4552,4552,0,0,27925
/Engine/EngineMaterials/NaniteHiddenSectionMaterial.NaniteHiddenSectionMaterial,/Script/Engine.Material,5341,5341,0,0,34728
/Engine/EngineMaterials/PhAT_JointLimitMaterial.PhAT_JointLimitMaterial,/Script/Engine.Material,4593,4593,0,0,28263
/Engine/EngineMaterials/PPM_DefaultCalibrationColor.PPM_DefaultCalibrationColor,/Script/Engine.Material,3737,3737,0,0,24261
/Engine/EngineMaterials/PPM_DefaultCalibrationGrayscale.PPM_DefaultCalibrationGrayscale,/Script/Engine.Material,3799,3799,0,0,24270
/Engine/EngineMaterials/RemoveSurfaceMaterial.RemoveSurfaceMaterial,/Script/Engine.Material,3473,3473,0,0,19617
/Engine/EngineMaterials/Widget3DPassThrough.Widget3DPassThrough,/Script/Engine.Material,4418,4418,0,0,24979
/Engine/EngineMaterials/WorldGridMaterial.WorldGridMaterial,/Script/Engine.Material,117902,117902,0,0,1268534
/Engine/EngineSky/M_AdvancedSkyDome.M_AdvancedSkyDome,/Script/Engine.Material,5772,5772,0,0,35682
/Engine/EngineSky/M_SimpleSkyDome.M_SimpleSkyDome,/Script/Engine.Material,3478,3478,0,0,19603
/Engine/EngineSky/M_Sky_Panning_Clouds2.M_Sky_Panning_Clouds2,/Script/Engine.Material,4702,4702,0,0,25517
/Engine/EngineSky/VolumetricClouds/m_SimpleVolumetricCloud.m_SimpleVolumetricCloud,/Script/Engine.Material,17812,17812,0,0,121301
/Engine/OpenWorldTemplate/LandscapeMaterial/M_ProcGrid.M_ProcGrid,/Script/Engine.Material,5758,5758,0,0,30636
/Engine/VREditor/BasicMeshes/M_Floor_01.M_Floor_01,/Script/Engine.Material,4208,4208,0,0,23304
/Engine/VREditor/Devices/Vive/M_ViveControllerTrim.M_ViveControllerTrim,/Script/Engine.Material,5898,5898,0,0,38706
/Engine/VREditor/SnapGrid/SnapGridMaterial.SnapGridMaterial,/Script/Engine.Material,5846,5846,0,0,38476
/Engine/VREditor/TransformGizmo/Main.Main,/Script/Engine.Material,4051,4051,0,0,23716
/Engine/VREditor/TransformGizmo/TransformGizmoMaterial.TransformGizmoMaterial,/Script/Engine.Material,3809,3809,0,0,20512
/Engine/VREditor/TransformGizmo/TranslucentTransformGizmoMaterial.TranslucentTransformGizmoMaterial,/Script/Engine.Material,4056,4056,0,0,23855
/Engine/VREditor/TransformGizmo/Xray.Xray,/Script/Engine.Material,3698,3698,0,0,21060
/Game/AFL/Casino/Materials/M_AFL_ButtonMaster.M_AFL_ButtonMaster,/Script/Engine.Material,4580,4580,0,0,30627
/Game/AFL/Casino/Materials/M_AFL_NeonBackdrop.M_AFL_NeonBackdrop,/Script/Engine.Material,4421,4421,0,0,25400
/Game/AFL/Casino/Materials/M_AFL_NeonEmissive.M_AFL_NeonEmissive,/Script/Engine.Material,4266,4266,0,0,24832
/Game/AFL/Casino/Materials/M_AFL_NeonGlass.M_AFL_NeonGlass,/Script/Engine.Material,4720,4720,0,0,30071
/Game/BagMan/Equipment/HandCannon/DRAGON_SOUL/L/model.model,/Script/Engine.Material,4296,4296,0,0,27467
/Game/BagMan/Equipment/HandCannon/DRAGON_SOUL/R/model.model,/Script/Engine.Material,4299,4299,0,0,27467
/Game/BagMan/Equipment/HandCannon/FUTURE_WARRIOR/L/model.model,/Script/Engine.Material,4302,4302,0,0,27475
/Game/BagMan/Equipment/HandCannon/FUTURE_WARRIOR/R/model.model,/Script/Engine.Material,4303,4303,0,0,27475
/Game/BagMan/Equipment/HandCannon/IRONICS/L/model.model,/Script/Engine.Material,4298,4298,0,0,27467
/Game/BagMan/Equipment/HandCannon/IRONICS/R/model.model,/Script/Engine.Material,4296,4296,0,0,27467
/Game/BagMan/Equipment/HandCannon/JAGUAR_NEON/L/model.model,/Script/Engine.Material,4292,4292,0,0,27467
/Game/BagMan/Equipment/HandCannon/JAGUAR_NEON/R/model.model,/Script/Engine.Material,4310,4310,0,0,27467
/Game/BagMan/Equipment/HandCannon/RUN_IT_BACK/L/model.model,/Script/Engine.Material,4296,4296,0,0,27467
/Game/BagMan/Equipment/HandCannon/RUN_IT_BACK/R/model.model,/Script/Engine.Material,4294,4294,0,0,27467
/Game/BagMan/Equipment/HandCannon/SIMULARENT/L/model.model,/Script/Engine.Material,4296,4296,0,0,27467
/Game/BagMan/Equipment/HandCannon/SIMULARENT/R/model.model,/Script/Engine.Material,4300,4300,0,0,27467
/Game/BagMan/Extraction/Meshes/model.model,/Script/Engine.Material,4394,4394,0,0,23639
/Game/BagMan/Materials/FX/M_AFL_LiquidNeon.M_AFL_LiquidNeon,/Script/Engine.Material,33325,33325,0,0,241604
/Game/BagMan/Materials/M_AFL_Branding_Decal.M_AFL_Branding_Decal,/Script/Engine.Material,5135,5135,0,0,32006
/Game/BagMan/Materials/M_AFL_Character.M_AFL_Character,/Script/Engine.Material,5975,5975,0,0,35495
/Game/BagMan/Materials/M_AFL_EMP_Reactor.M_AFL_EMP_Reactor,/Script/Engine.Material,5696,5696,0,0,33909
/Game/BagMan/Materials/M_AFL_IRONICS_LogoFlat.M_AFL_IRONICS_LogoFlat,/Script/Engine.Material,5133,5133,0,0,39172
/Game/BagMan/Materials/M_AFL_ShieldBarrier_Logo.M_AFL_ShieldBarrier_Logo,/Script/Engine.Material,4687,4687,0,0,24613
/Game/BagMan/Materials/M_AFL_Visor_Clean.M_AFL_Visor_Clean,/Script/Engine.Material,4717,4717,0,0,29338
/Game/BagMan/Materials/M_AFL_Weapon_Master.M_AFL_Weapon_Master,/Script/Engine.Material,5275,5275,0,0,32247
/Game/BagMan/Materials/M_AFL_Weapon_PBR.M_AFL_Weapon_PBR,/Script/Engine.Material,4728,4728,0,0,29171
/Game/Characters/Heroes/M_SimpleHeroPawn.M_SimpleHeroPawn,/Script/Engine.Material,6554,6554,0,0,34545
/Game/Characters/Heroes/Mannequin/Materials/M_Mannequin.M_Mannequin,/Script/Engine.Material,32885,32885,0,0,240129
/Game/CyberPunkAssets/Materials01/M_Barrel03A.M_Barrel03A,/Script/Engine.Material,4835,4835,0,0,28976
/Game/CyberPunkAssets/Materials01/M_CardBoardMat01.M_CardBoardMat01,/Script/Engine.Material,4695,4695,0,0,28486
/Game/CyberPunkAssets/Materials01/M_Column02.M_Column02,/Script/Engine.Material,4675,4675,0,0,28458
/Game/CyberPunkAssets/Materials01/M_CyberPunkCarMat01.M_CyberPunkCarMat01,/Script/Engine.Material,4033,4033,0,0,22184
/Game/CyberPunkAssets/Materials01/M_HelicopterMat01.M_HelicopterMat01,/Script/Engine.Material,4017,4017,0,0,22071
/Game/DeepWaterStation/Materials/M_Base_VT_01.M_Base_VT_01,/Script/Engine.Material,6036,6036,0,0,39490
/Game/DeepWaterStation/Materials/M_BaseEmissive.M_BaseEmissive,/Script/Engine.Material,5835,5835,0,0,34399
/Game/DeepWaterStation/Materials/M_Glass.M_Glass,/Script/Engine.Material,7017,7017,0,0,47254
/Game/Effects/Camera/Damage/Materials/M_DamageDirection.M_DamageDirection,/Script/Engine.Material,5782,5782,0,0,36605
/Game/Effects/Camera/Damage/Materials/M_ScreenDamageParticles.M_ScreenDamageParticles,/Script/Engine.Material,5930,5930,0,0,34886
/Game/Effects/Camera/Damage/Materials/M_ScreenDamageParticlesBlurry.M_ScreenDamageParticlesBlurry,/Script/Engine.Material,5649,5649,0,0,33315
/Game/Effects/Materials/BlastGraphics/M_Grenade_Blast.M_Grenade_Blast,/Script/Engine.Material,5666,5666,0,0,35790
/Game/Effects/Materials/BlastGraphics/M_Grenade_EX_Flare.M_Grenade_EX_Flare,/Script/Engine.Material,5027,5027,0,0,31200
/Game/Effects/Materials/BlastGraphics/M_Grenade_GraphicsTrail_1.M_Grenade_GraphicsTrail_1,/Script/Engine.Material,5011,5011,0,0,31194
/Game/Effects/Materials/BlastGraphics/M_Grenade_GraphicsTrail_2.M_Grenade_GraphicsTrail_2,/Script/Engine.Material,5682,5682,0,0,37979
/Game/Effects/Materials/BlastGraphics/M_Grenade_GraphicsTrail_3.M_Grenade_GraphicsTrail_3,/Script/Engine.Material,5761,5761,0,0,38111
/Game/Effects/Materials/BlastGraphics/M_ParticleBlast.M_ParticleBlast,/Script/Engine.Material,5746,5746,0,0,36649
/Game/Effects/Materials/BlastGraphics/M_ParticleBlastDisc.M_ParticleBlastDisc,/Script/Engine.Material,5408,5408,0,0,32632
/Game/Effects/Materials/Cubes/M_Character_Cubes.M_Character_Cubes,/Script/Engine.Material,4264,4264,0,0,24150
/Game/Effects/Materials/Cubes/M_Portal_Cubes.M_Portal_Cubes,/Script/Engine.Material,5151,5151,0,0,30860
/Game/Effects/Materials/Cubes/M_SpriteCubes.M_SpriteCubes,/Script/Engine.Material,13130,13130,0,0,75786
/Game/Effects/Materials/DamageNumbers/M_numba.M_numba,/Script/Engine.Material,7972,7972,0,0,58213
/Game/Effects/Materials/Dash/M_DuplicateRibbon.M_DuplicateRibbon,/Script/Engine.Material,5597,5597,0,0,33581
/Game/Effects/Materials/Dash/M_launchpadRibbon.M_launchpadRibbon,/Script/Engine.Material,6827,6827,0,0,45389
/Game/Effects/Materials/Dash/M_RefractiveSprite.M_RefractiveSprite,/Script/Engine.Material,6133,6133,0,0,40786
/Game/Effects/Materials/Decals/M_Decal_Base.M_Decal_Base,/Script/Engine.Material,8461,8461,0,0,47598
/Game/Effects/Materials/Decals/M_Decal_Transparent_Base.M_Decal_Transparent_Base,/Script/Engine.Material,7656,7656,0,0,51802
/Game/Effects/Materials/Decals/M_ExplosionDecal.M_ExplosionDecal,/Script/Engine.Material,5389,5389,0,0,34815
/Game/Effects/Materials/Decals/M_GlassBulletHoles_Decal.M_GlassBulletHoles_Decal,/Script/Engine.Material,6646,6646,0,0,46440
/Game/Effects/Materials/Decals/M_Honetcomb_BulletHit_Decal.M_Honetcomb_BulletHit_Decal,/Script/Engine.Material,5557,5557,0,0,31852
/Game/Effects/Materials/FootSteps/M_Flipbook_Pyro_Lit.M_Flipbook_Pyro_Lit,/Script/Engine.Material,9153,9153,0,0,65600
/Game/Effects/Materials/FootSteps/M_FootStepDecal_Base.M_FootStepDecal_Base,/Script/Engine.Material,9156,9156,0,0,51844
/Game/Effects/Materials/General/M_PartileColor.M_PartileColor,/Script/Engine.Material,5384,5384,0,0,37099
/Game/Effects/Materials/Meshes/M_BasicBulletCasing.M_BasicBulletCasing,/Script/Engine.Material,4435,4435,0,0,26422
/Game/Effects/Materials/Meshes/M_BasicShotgunBulletCasing.M_BasicShotgunBulletCasing,/Script/Engine.Material,4884,4884,0,0,28110
/Game/Effects/Materials/Meshes/M_CF_boxes.M_CF_boxes,/Script/Engine.Material,6377,6377,0,0,42792
/Game/Effects/Materials/Meshes/M_CF_rings.M_CF_rings,/Script/Engine.Material,5821,5821,0,0,35591
/Game/Effects/Materials/Meshes/M_DebrisChunks_1.M_DebrisChunks_1,/Script/Engine.Material,4437,4437,0,0,26045
/Game/Effects/Materials/Meshes/M_DebrisChunks_2.M_DebrisChunks_2,/Script/Engine.Material,4437,4437,0,0,26045
/Game/Effects/Materials/Meshes/M_DebrisChunks_3.M_DebrisChunks_3,/Script/Engine.Material,4435,4435,0,0,26045
/Game/Effects/Materials/Meshes/M_FX_Hardsurface_Masked.M_FX_Hardsurface_Masked,/Script/Engine.Material,8150,8150,0,0,58972
/Game/Effects/Materials/Meshes/M_FX_Hardsurface_Transparent.M_FX_Hardsurface_Transparent,/Script/Engine.Material,6764,6764,0,0,47519
/Game/Effects/Materials/MuzzleFlash/M_Flipbook_MuzzleFlash_Base.M_Flipbook_MuzzleFlash_Base,/Script/Engine.Material,9605,9605,0,0,60415
/Game/Effects/Materials/PickUp/M_GunPad_Pixels.M_GunPad_Pixels,/Script/Engine.Material,5512,5512,0,0,33074
/Game/Effects/Materials/PickUp/M_GunPad_Trails.M_GunPad_Trails,/Script/Engine.Material,5422,5422,0,0,37451
/Game/Effects/Materials/PickUp/M_GunPickup_RingMesh.M_GunPickup_RingMesh,/Script/Engine.Material,7937,7937,0,0,60624
/Game/Effects/Materials/PickUp/M_GunPickup_Rings.M_GunPickup_Rings,/Script/Engine.Material,5529,5529,0,0,35552
/Game/Effects/Materials/PickUp/M_Pad_Beam.M_Pad_Beam,/Script/Engine.Material,5133,5133,0,0,31633
/Game/Effects/Materials/PickUp/M_Pad_Graphics_Diffus_Core.M_Pad_Graphics_Diffus_Core,/Script/Engine.Material,5507,5507,0,0,32983
/Game/Effects/Materials/PickUp/M_Pads_CubeTrails.M_Pads_CubeTrails,/Script/Engine.Material,4659,4659,0,0,29734
/Game/Effects/Materials/PostProcess/MPP_Outline.MPP_Outline,/Script/Engine.Material,6620,6620,0,0,44009
/Game/Effects/Materials/Pyro/M_Flipbook_Pyro_Base.M_Flipbook_Pyro_Base,/Script/Engine.Material,8085,8085,0,0,44186
/Game/Effects/Materials/Sparks/M_Sparks_Base.M_Sparks_Base,/Script/Engine.Material,7611,7611,0,0,43653
/Game/Effects/Materials/Teleporter/M_portalBGParticle.M_portalBGParticle,/Script/Engine.Material,7266,7266,0,0,46390
/Game/Effects/Materials/Teleporter/M_portalBGParticleOpaque.M_portalBGParticleOpaque,/Script/Engine.Material,5427,5427,0,0,28699
/Game/Effects/Materials/Teleporter/M_portalInteriorShape.M_portalInteriorShape,/Script/Engine.Material,5824,5824,0,0,33503
/Game/Effects/Materials/Teleporter/M_portalSprite.M_portalSprite,/Script/Engine.Material,5711,5711,0,0,32900
/Game/Effects/Materials/Tracers/M_TracerCore_Base.M_TracerCore_Base,/Script/Engine.Material,7465,7465,0,0,43446
/Game/Effects/Materials/Tracers/M_TracerSmoke_Base.M_TracerSmoke_Base,/Script/Engine.Material,6901,6901,0,0,36075
/Game/Environments/Gameplay/M_AdjustablePadColor.M_AdjustablePadColor,/Script/Engine.Material,3699,3699,0,0,21095
/Game/LaserFX_BP/Material/M_AFL_Electric_Master.M_AFL_Electric_Master,/Script/Engine.Material,7840,7840,0,0,58130
/Game/LaserFX_BP/Material/M_AFL_Laser_Basic_Master.M_AFL_Laser_Basic_Master,/Script/Engine.Material,8089,8089,0,0,57984
/Game/LaserFX_BP/Material/M_AFL_lighting_Master.M_AFL_lighting_Master,/Script/Engine.Material,8989,8989,0,0,66658
/Game/LaserFX_BP/Material/M_AFL_Orb_Master.M_AFL_Orb_Master,/Script/Engine.Material,8133,8133,0,0,56274
/Game/LaserFX_BP/Material/M_AFL_Spark_Master.M_AFL_Spark_Master,/Script/Engine.Material,5013,5013,0,0,31188
/Game/Sci_FI_Valley_Village/Landscape/M_Landscape_master_U3.M_Landscape_master_U3,/Script/Engine.Material,6226,6226,0,0,49003
/Game/Sci_FI_Valley_Village/Materials/Master/M_fire.M_fire,/Script/Engine.Material,5420,5420,0,0,32349
/Game/Sci_FI_Valley_Village/Materials/Master/M_glass.M_glass,/Script/Engine.Material,5237,5237,0,0,32781
/Game/Sci_FI_Valley_Village/Materials/Master/M_Master_kit_detail.M_Master_kit_detail,/Script/Engine.Material,8714,8714,0,0,62505
/Game/Sci_FI_Valley_Village/Materials/Master/M_Master_kit_detail_OP.M_Master_kit_detail_OP,/Script/Engine.Material,25764,25764,0,0,205333
/Game/Sci_FI_Valley_Village/Materials/Master/M_master_vegetation.M_master_vegetation,/Script/Engine.Material,12735,12735,0,0,82817
/Game/Sci_FI_Valley_Village/Materials/Master/M_petals.M_petals,/Script/Engine.Material,8179,8179,0,0,59894
/Game/Sci_FI_Valley_Village/Materials/Master/M_rock_master.M_rock_master,/Script/Engine.Material,23850,23850,0,0,177063
/Game/Sci_FI_Valley_Village/Materials/Master/M_sky_sphere.M_sky_sphere,/Script/Engine.Material,6774,6774,0,0,39936
/Game/Sci_FI_Valley_Village/Materials/Master/M_water.M_water,/Script/Engine.Material,5459,5459,0,0,33679
/Game/Sci_FI_Valley_Village/Materials/Master_Decal/M_decal.M_decal,/Script/Engine.Material,4851,4851,0,0,29724
/Game/Sci_FI_Valley_Village/Materials/Master_Decal/M_decal_color.M_decal_color,/Script/Engine.Material,5215,5215,0,0,32574
/Game/ShantyTown/DKO_Widget/Materials/Masters/M_Standard.M_Standard,/Script/Engine.Material,4208,4208,0,0,22632
/Game/ShantyTown/Materials/Master/M_Foilage_00.M_Foilage_00,/Script/Engine.Material,21997,21997,0,0,152803
/Game/ShantyTown/Materials/Master/M_Foliage_01.M_Foliage_01,/Script/Engine.Material,25822,25822,0,0,213529
/Game/ShantyTown/Materials/Master/M_Landscape_01.M_Landscape_01,/Script/Engine.Material,6805,6805,0,0,33344
/Game/ShantyTown/Materials/Master/M_Leaf_01.M_Leaf_01,/Script/Engine.Material,10989,10989,0,0,73280
/Game/ShantyTown/Materials/Master/M_Leaf_02.M_Leaf_02,/Script/Engine.Material,11030,11030,0,0,73358
/Game/ShantyTown/Materials/Master/M_Master_Projection_01.M_Master_Projection_01,/Script/Engine.Material,6182,6182,0,0,37942
/Game/ShantyTown/Materials/Master/M_Material_Mask_01.M_Material_Mask_01,/Script/Engine.Material,21146,21146,0,0,145504
/Game/ShantyTown/Materials/Master/M_Mountain_01.M_Mountain_01,/Script/Engine.Material,4974,4974,0,0,26966
/Game/ShantyTown/Materials/Master/M_Ocean_01.M_Ocean_01,/Script/Engine.Material,5361,5361,0,0,33447
/Game/ShantyTown/Materials/Master/M_River_01.M_River_01,/Script/Engine.Material,6617,6617,0,0,43781
/Game/ShantyTown/Materials/Master/M_Shore_Waves_01.M_Shore_Waves_01,/Script/Engine.Material,6174,6174,0,0,41242
/Game/ShantyTown/Materials/Master/M_Standard_01.M_Standard_01,/Script/Engine.Material,20810,20810,0,0,144738
/Game/SpaceshipInterior/Materials/M_Scifi_Door_01.M_Scifi_Door_01,/Script/Engine.Material,5088,5088,0,0,29892
/Game/SpaceshipInterior/Materials/M_Scifi_Floor_03.M_Scifi_Floor_03,/Script/Engine.Material,8327,8327,0,0,61413
/Game/SpaceshipInterior/Materials/M_Scifi_Glass.M_Scifi_Glass,/Script/Engine.Material,5178,5178,0,0,32060
/Game/SpaceshipInterior/Materials/M_Scifi_Glow.M_Scifi_Glow,/Script/Engine.Material,3594,3594,0,0,20728
/Game/SpaceshipInterior/Materials/M_Scifi_Pillar_01_Color.M_Scifi_Pillar_01_Color,/Script/Engine.Material,3790,3790,0,0,21264
/Game/SpaceshipInterior/Materials/M_Scifi_Signs_Decal_01.M_Scifi_Signs_Decal_01,/Script/Engine.Material,4749,4749,0,0,29083
/Game/SpaceshipInterior/Materials/M_Scifi_Signs_Decal_02.M_Scifi_Signs_Decal_02,/Script/Engine.Material,4735,4735,0,0,29083
/Game/SpaceshipInterior/Materials/M_Scifi_Signs_Decal_03.M_Scifi_Signs_Decal_03,/Script/Engine.Material,4733,4733,0,0,29083
/Game/SpaceshipInterior/Materials/M_Scifi_Signs_Decal_04.M_Scifi_Signs_Decal_04,/Script/Engine.Material,4728,4728,0,0,29083
/Game/SpaceshipInterior/Materials/M_Scifi_Stripe_Decal_01.M_Scifi_Stripe_Decal_01,/Script/Engine.Material,4732,4732,0,0,29080
/Game/SpaceshipInterior/Materials/M_Scifi_Stripe_Decal_02.M_Scifi_Stripe_Decal_02,/Script/Engine.Material,4735,4735,0,0,29080
/Game/SpaceshipInterior/Materials/M_Scifi_Wall_04.M_Scifi_Wall_04,/Script/Engine.Material,3956,3956,0,0,22064
/Game/System/FrontEnd/T_UI_BackdropPlaceholder_Mat.T_UI_BackdropPlaceholder_Mat,/Script/Engine.Material,3711,3711,0,0,20077
/Game/Tools/Materials/MT_DebugTool.MT_DebugTool,/Script/Engine.Material,4070,4070,0,0,23132
/Game/UI/Foundation/Materials/M_UI_AngledBox_Base.M_UI_AngledBox_Base,/Script/Engine.Material,5450,5450,0,0,36084
/Game/UI/Foundation/Materials/M_UI_HollowCircularProgressBar_Base.M_UI_HollowCircularProgressBar_Base,/Script/Engine.Material,5546,5546,0,0,35723
/Game/UI/Foundation/Materials/M_UI_RadialProgress.M_UI_RadialProgress,/Script/Engine.Material,6149,6149,0,0,38432
/Game/UI/Foundation/Materials/M_UI_Throbber_Base.M_UI_Throbber_Base,/Script/Engine.Material,5735,5735,0,0,36662
/Game/UI/Hud/Art/M_UI_Base_AmmoCounter.M_UI_Base_AmmoCounter,/Script/Engine.Material,6372,6372,0,0,40971
/Game/UI/Hud/Art/M_UI_Base_Control.M_UI_Base_Control,/Script/Engine.Material,6680,6680,0,0,43707
/Game/UI/Hud/Art/M_UI_Base_HealthBar.M_UI_Base_HealthBar,/Script/Engine.Material,7476,7476,0,0,45088
/Game/UI/Hud/Art/M_UI_Base_ReticleBuilder.M_UI_Base_ReticleBuilder,/Script/Engine.Material,6415,6415,0,0,38596
/Game/UI/Hud/Art/M_UI_Base_SimpleIcon.M_UI_Base_SimpleIcon,/Script/Engine.Material,5453,5453,0,0,35053
/Game/UI/Hud/Art/M_UI_Base_WeaponCard.M_UI_Base_WeaponCard,/Script/Engine.Material,7779,7779,0,0,48343
/Game/UI/Menu/Art/Emblem3D/M_IRONICS_Emblem_Core.M_IRONICS_Emblem_Core,/Script/Engine.Material,3901,3901,0,0,21634
/Game/UI/Menu/Art/Emblem3D/M_IRONICS_Emblem_Metal.M_IRONICS_Emblem_Metal,/Script/Engine.Material,474,474,0,0,1054
/Game/UI/Menu/Art/M_UI_Base_BordersAndButtons.M_UI_Base_BordersAndButtons,/Script/Engine.Material,7312,7312,0,0,44098
/Game/UI/Menu/Art/M_UI_Base_LoadingSymbol.M_UI_Base_LoadingSymbol,/Script/Engine.Material,5547,5547,0,0,35672
/Game/UI/Menu/Art/M_UI_Base_Logo.M_UI_Base_Logo,/Script/Engine.Material,6233,6233,0,0,38214
/Game/UI/Menu/Art/M_UI_Base_SettingsRotator.M_UI_Base_SettingsRotator,/Script/Engine.Material,5603,5603,0,0,36814
/Game/UI/Menu/Art/M_UI_Base_SimpleFontColor.M_UI_Base_SimpleFontColor,/Script/Engine.Material,5076,5076,0,0,34988
/Game/UI/Menu/Art/M_UI_Base_TeamLogo.M_UI_Base_TeamLogo,/Script/Engine.Material,6678,6678,0,0,38401
/Game/UI/Menu/Art/M_UI_Base_TileArt.M_UI_Base_TileArt,/Script/Engine.Material,5592,5592,0,0,35717
/Game/Weapons/AFL/Skins/M_AFL_WeaponSkin_NeonCamo.M_AFL_WeaponSkin_NeonCamo,/Script/Engine.Material,4958,4958,0,0,29604
/Game/Weapons/Generic/Materials/M_Glass.M_Glass,/Script/Engine.Material,4887,4887,0,0,28834
/Game/Weapons/Generic/Materials/M_InternalShapeGlow.M_InternalShapeGlow,/Script/Engine.Material,4987,4987,0,0,27510
/Game/Weapons/Generic/Materials/M_Item.M_Item,/Script/Engine.Material,5624,5624,0,0,30854
/Game/Weapons/Generic/Materials/M_Weapon.M_Weapon,/Script/Engine.Material,5945,5945,0,0,36421
/Game/Weapons/Material/M_HOLO_Mat.M_HOLO_Mat,/Script/Engine.Material,3891,3891,0,0,21619
/Game/Weapons/Material/M_Sight_Holograpgic.M_Sight_Holograpgic,/Script/Engine.Material,4985,4985,0,0,31002
/Game/Weapons/Material/M_SquareSuppressor.M_SquareSuppressor,/Script/Engine.Material,3904,3904,0,0,21667
/Game/Weapons/Material/MasterMaterial/M_WeaponMaster_Mat.M_WeaponMaster_Mat,/Script/Engine.Material,1936,1936,0,0,4669
/Game/Weapons/Spawnpad/Material/M_MetalChroma_LaunchPad.M_MetalChroma_LaunchPad,/Script/Engine.Material,6498,6498,0,0,34198
/HairStrands/Materials/HairCardsDefaultMaterial.HairCardsDefaultMaterial,/Script/Engine.Material,13969,13969,0,0,91421
/HairStrands/Materials/HairDebugMaterial.HairDebugMaterial,/Script/Engine.Material,14651,14651,0,0,93543
/HairStrands/Materials/HairDefaultMaterial.HairDefaultMaterial,/Script/Engine.Material,7907,7907,0,0,59812
/HairStrands/Materials/HairMeshesDefaultMaterial.HairMeshesDefaultMaterial,/Script/Engine.Material,7913,7913,0,0,59831
/InterchangeAssets/gltf/M_ClearCoat.M_ClearCoat,/Script/Engine.Material,9628,9628,0,0,64868
/InterchangeAssets/gltf/M_Default.M_Default,/Script/Engine.Material,8805,8805,0,0,57979
/InterchangeAssets/gltf/M_Sheen.M_Sheen,/Script/Engine.Material,8743,8743,0,0,54945
/InterchangeAssets/gltf/M_SpecularGlossiness.M_SpecularGlossiness,/Script/Engine.Material,7102,7102,0,0,41668
/InterchangeAssets/gltf/M_Transmission.M_Transmission,/Script/Engine.Material,11547,11547,0,0,69606
/InterchangeAssets/gltf/M_Unlit.M_Unlit,/Script/Engine.Material,5379,5379,0,0,30560
/Landmass/Landscape/BlueprintBrushes/Materials/Internal/BrushBounds.BrushBounds,/Script/Engine.Material,6754,6754,0,0,35018
/Landmass/Landscape/BlueprintBrushes/Materials/Sprite/M_BrushSprite_01.M_BrushSprite_01,/Script/Engine.Material,6108,6108,0,0,38055
/LyraExampleContent/Materials/M_Glass_Panels_NM.M_Glass_Panels_NM,/Script/Engine.Material,6212,6212,0,0,36370
/LyraExampleContent/Materials/M_Glass_Tile.M_Glass_Tile,/Script/Engine.Material,6454,6454,0,0,35220
/LyraExampleContent/Materials/M_GlassA.M_GlassA,/Script/Engine.Material,6228,6228,0,0,36267
/LyraExampleContent/Materials/M_GlassB.M_GlassB,/Script/Engine.Material,5113,5113,0,0,32104
/LyraExampleContent/Materials/M_GlassEdge.M_GlassEdge,/Script/Engine.Material,5127,5127,0,0,30386
/LyraExampleContent/Materials/M_GlassTinted.M_GlassTinted,/Script/Engine.Material,5209,5209,0,0,30777
/LyraExampleContent/Materials/M_Metal.M_Metal,/Script/Engine.Material,5184,5184,0,0,32347
/LyraExampleContent/Materials/M_MetalChroma.M_MetalChroma,/Script/Engine.Material,6417,6417,0,0,33303
/LyraExampleContent/Materials/M_Tile.M_Tile,/Script/Engine.Material,6218,6218,0,0,35642
/LyraExampleContent/MSPresets/M_MS_Surface_Material/M_MS_Surface_Material_TriPlanar.M_MS_Surface_Material_TriPlanar,/Script/Engine.Material,8057,8057,0,0,46752
/MetaHumanCharacter/Controls/M_RigControlActor_Black.M_RigControlActor_Black,/Script/Engine.Material,4244,4244,0,0,26442
/MetaHumanCharacter/Materials/M_GrayTexture_Body.M_GrayTexture_Body,/Script/Engine.Material,10904,10904,0,0,74565
/MovieRenderPipeline/Blueprints/M_MoviePipelineRenderPreview.M_MoviePipelineRenderPreview,/Script/Engine.Material,4734,4734,0,0,32581
/MovieRenderPipeline/Materials/MoviePipeline_StencilCutout.MoviePipeline_StencilCutout,/Script/Engine.Material,5648,5648,0,0,40770
/MovieRenderPipeline/Materials/MovieRenderQueue_MotionVectors.MovieRenderQueue_MotionVectors,/Script/Engine.Material,3887,3887,0,0,24412
/MovieRenderPipeline/Materials/MovieRenderQueue_WorldDepth.MovieRenderQueue_WorldDepth,/Script/Engine.Material,3968,3968,0,0,24557
/nDisplay/LightCard/M_LightCard.M_LightCard,/Script/Engine.Material,4969,4969,0,0,28467
/nDisplay/LightCard/M_UVIndicator.M_UVIndicator,/Script/Engine.Material,4340,4340,0,0,24090
/nDisplay/Materials/Editor/M_NormalMapMesh.M_NormalMapMesh,/Script/Engine.Material,3481,3481,0,0,19628
/nDisplay/Materials/Preview/M_DisplayDeviceMesh.M_DisplayDeviceMesh,/Script/Engine.Material,4236,4236,0,0,24134
/nDisplay/Materials/Preview/M_DisplayDevicePreview.M_DisplayDevicePreview,/Script/Engine.Material,3897,3897,0,0,20931
/nDisplay/Materials/Preview/M_DisplayDevicePreviewTechvis.M_DisplayDevicePreviewTechvis,/Script/Engine.Material,4015,4015,0,0,22048
/nDisplay/TestPatterns/Animated/M_TPAChevron.M_TPAChevron,/Script/Engine.Material,3928,3928,0,0,25187
/nDisplay/TestPatterns/Animated/M_TPAGrid.M_TPAGrid,/Script/Engine.Material,3931,3931,0,0,25179
/nDisplay/TestPatterns/Animated/M_TPAMirroredChevron.M_TPAMirroredChevron,/Script/Engine.Material,3935,3935,0,0,25255
/nDisplay/TestPatterns/Animated/M_TPARadar.M_TPARadar,/Script/Engine.Material,3803,3803,0,0,24523
/nDisplay/TestPatterns/Animated/M_TPAStrips.M_TPAStrips,/Script/Engine.Material,3990,3990,0,0,25484
/nDisplay/TestPatterns/Statics/M_TPSCircles.M_TPSCircles,/Script/Engine.Material,3842,3842,0,0,24884
/nDisplay/TestPatterns/Statics/M_TPSColoredBars.M_TPSColoredBars,/Script/Engine.Material,3746,3746,0,0,24492
/nDisplay/TestPatterns/Statics/M_TPSGrayBars.M_TPSGrayBars,/Script/Engine.Material,3750,3750,0,0,24484
/nDisplay/TestPatterns/Statics/M_TPSGridCircles.M_TPSGridCircles,/Script/Engine.Material,3828,3828,0,0,24892
/Niagara/DefaultAssets/DefaultSpriteMaterial.DefaultSpriteMaterial,/Script/Engine.Material,9778,9778,0,0,68869
/Niagara/DefaultAssets/M_Gnomon.M_Gnomon,/Script/Engine.Material,4398,4398,0,0,26242
/Paper2D/DefaultSpriteMaterial.DefaultSpriteMaterial,/Script/Engine.Material,7580,7580,0,0,56351
/ShooterCore/Effects/Material/M_Launcher.M_Launcher,/Script/Engine.Material,4114,4114,0,0,23144
/ShooterCore/Effects/Material/M_WeaponSpawnTimerIndicator.M_WeaponSpawnTimerIndicator,/Script/Engine.Material,6166,6166,0,0,39652
/ShooterCore/Effects/Material/MT_BlackBorder.MT_BlackBorder,/Script/Engine.Material,3690,3690,0,0,21084
/ShooterCore/Effects/Material/MT_ControlPoint.MT_ControlPoint,/Script/Engine.Material,4251,4251,0,0,25976
/ShooterCore/Effects/Material/MT_CP_Bar.MT_CP_Bar,/Script/Engine.Material,4176,4176,0,0,23362
/ShooterTests/Blueprint/Messages/M_ListenerColorMaterial.M_ListenerColorMaterial,/Script/Engine.Material,3711,3711,0,0,21124
/SpeedTreeImporter/SpeedTree9/SpeedTreeBillboardMaster.SpeedTreeBillboardMaster,/Script/Engine.Material,9383,9383,0,0,65666
/SpeedTreeImporter/SpeedTree9/SpeedTreeMaster.SpeedTreeMaster,/Script/Engine.Material,12008,12008,0,0,69764
/TopDownArena/Game/Bombs/M_Bomb.M_Bomb,/Script/Engine.Material,5159,5159,0,0,28389
/TopDownArena/Game/Effects/Bomb/M_ExplosionMaterial.M_ExplosionMaterial,/Script/Engine.Material,5680,5680,0,0,37247
/TopDownArena/Game/Effects/M_Sparks_No_AA.M_Sparks_No_AA,/Script/Engine.Material,4962,4962,0,0,31477
/TopDownArena/Game/Effects/PickUp/M_Bomb.M_Bomb,/Script/Engine.Material,4190,4190,0,0,25434
/TopDownArena/Game/Effects/PickUp/M_VerticalGradient.M_VerticalGradient,/Script/Engine.Material,5760,5760,0,0,40247
/TopDownArena/Game/Effects/PickUp/M_WoodBoxPickUp.M_WoodBoxPickUp,/Script/Engine.Material,4488,4488,0,0,26378
/TopDownArena/Game/Effects/Player/M_PlayerCircle.M_PlayerCircle,/Script/Engine.Material,4194,4194,0,0,24024
/TopDownArena/Game/Environment/M_Background.M_Background,/Script/Engine.Material,3771,3771,0,0,21393
/TopDownArena/Game/Environment/M_GroundFloor.M_GroundFloor,/Script/Engine.Material,5251,5251,0,0,27015
/WebBrowserWidget/WebTexture_M.WebTexture_M,/Script/Engine.Material,4330,4330,0,0,29188
/WebBrowserWidget/WebTexture_TM.WebTexture_TM,/Script/Engine.Material,4709,4709,0,0,32866
/AppleARKit/MI_DepthOcclusionOverlay.MI_DepthOcclusionOverlay,/Script/Engine.MaterialInstanceConstant,4384,4384,0,0,28441
/AppleARKit/MI_MatteOcclusionOverlay.MI_MatteOcclusionOverlay,/Script/Engine.MaterialInstanceConstant,4263,4263,0,0,27981
/ARUtilities/Materials/MI_ScreenSpacePassthroughCameraExternalTexture.MI_ScreenSpacePassthroughCameraExternalTexture,/Script/Engine.MaterialInstanceConstant,4443,4443,0,0,25290
/CloudsLighting/Billboards/Mat_VolumetricLightSourceBillboard_Inst.Mat_VolumetricLightSourceBillboard_Inst,/Script/Engine.MaterialInstanceConstant,564,564,0,0,564
/Engine/BasicShapes/BasicShapeMaterial_Inst.BasicShapeMaterial_Inst,/Script/Engine.MaterialInstanceConstant,629,629,0,0,629
/Engine/BasicShapes/M_Cube_WorldGridMaterial_8D67460644F5AEE976EC80B26230FFEB.M_M_Cube_WorldGridMaterial_8D67460644F5AEE976EC80B26230FFEB,/Script/Engine.MaterialInstanceConstant,6854,6854,0,0,50169
/Engine/EditorLandscapeResources/ColorMaskBrushMaterial_MaskedRegion.ColorMaskBrushMaterial_MaskedRegion,/Script/Engine.MaterialInstanceConstant,614,614,0,0,614
/Engine/EditorLandscapeResources/MaskBrushMaterial_MaskedRegion.MaskBrushMaterial_MaskedRegion,/Script/Engine.MaterialInstanceConstant,4184,4184,0,0,23923
/Engine/EditorLandscapeResources/SelectBrushMaterial_Selected.SelectBrushMaterial_Selected,/Script/Engine.MaterialInstanceConstant,570,570,0,0,570
/Engine/EditorLandscapeResources/SelectBrushMaterial_SelectedRegion.SelectBrushMaterial_SelectedRegion,/Script/Engine.MaterialInstanceConstant,4284,4284,0,0,24142
/Engine/EditorMaterials/Camera/MI_CineMat_Rig.MI_CineMat_Rig,/Script/Engine.MaterialInstanceConstant,491,491,0,0,491
/Engine/EngineMaterials/Widget3DPassThrough_Masked.Widget3DPassThrough_Masked,/Script/Engine.MaterialInstanceConstant,5876,5876,0,0,37960
/Engine/EngineMaterials/Widget3DPassThrough_Masked_OneSided.Widget3DPassThrough_Masked_OneSided,/Script/Engine.MaterialInstanceConstant,5910,5910,0,0,37948
/Engine/EngineMaterials/Widget3DPassThrough_Opaque.Widget3DPassThrough_Opaque,/Script/Engine.MaterialInstanceConstant,4466,4466,0,0,25212
/Engine/EngineMaterials/Widget3DPassThrough_Opaque_OneSided.Widget3DPassThrough_Opaque_OneSided,/Script/Engine.MaterialInstanceConstant,3854,3854,0,0,20648
/Engine/EngineMaterials/Widget3DPassThrough_Translucent.Widget3DPassThrough_Translucent,/Script/Engine.MaterialInstanceConstant,4435,4435,0,0,26674
/Engine/EngineMaterials/Widget3DPassThrough_Translucent_OneSided.Widget3DPassThrough_Translucent_OneSided,/Script/Engine.MaterialInstanceConstant,4266,4266,0,0,24539
/Engine/EngineSky/VolumetricClouds/m_SimpleVolumetricCloud_Inst.m_SimpleVolumetricCloud_Inst,/Script/Engine.MaterialInstanceConstant,704,704,0,0,1197
/Engine/OpenWorldTemplate/LandscapeMaterial/MI_ProcGrid.MI_ProcGrid,/Script/Engine.MaterialInstanceConstant,5006,5006,0,0,27564
/Engine/VREditor/BasicMeshes/MI_Cube_01.MI_Cube_01,/Script/Engine.MaterialInstanceConstant,691,691,0,0,691
/Engine/VREditor/TransformGizmo/TransformGizmoMaterial_Inst.TransformGizmoMaterial_Inst,/Script/Engine.MaterialInstanceConstant,540,540,0,0,540
/Engine/VREditor/TransformGizmo/TranslucentTransformGizmoMaterial_Inst.TranslucentTransformGizmoMaterial_Inst,/Script/Engine.MaterialInstanceConstant,576,576,0,0,576
/Game/AFL/Casino/Materials/MI_AFL_Button_Equip.MI_AFL_Button_Equip,/Script/Engine.MaterialInstanceConstant,900,900,0,0,900
/Game/AFL/Casino/Materials/MI_AFL_Button_Volts.MI_AFL_Button_Volts,/Script/Engine.MaterialInstanceConstant,900,900,0,0,900
/Game/AFL/Casino/Materials/MI_AFL_Button_Watts.MI_AFL_Button_Watts,/Script/Engine.MaterialInstanceConstant,900,900,0,0,900
/Game/AFL/Casino/Materials/MI_AFL_NeonFloor.MI_AFL_NeonFloor,/Script/Engine.MaterialInstanceConstant,598,598,0,0,598
/Game/AFL/Casino/Materials/MI_AFL_NeonGlass_Skin.MI_AFL_NeonGlass_Skin,/Script/Engine.MaterialInstanceConstant,1011,1011,0,0,1011
/Game/AFL/Casino/Materials/MI_AFL_NeonPlatform.MI_AFL_NeonPlatform,/Script/Engine.MaterialInstanceConstant,606,606,0,0,606
/Game/AFL/Casino/Materials/MI_AFL_Pod_Base.MI_AFL_Pod_Base,/Script/Engine.MaterialInstanceConstant,877,877,0,0,877
/Game/BagMan/Abilities/EMP/Mesh/SM_AFL_EMP_Grenade_v1/Materials/tripo_material_68595705-7be7-4983-b85a-c2cffb2e59c9.tripo_material_68595705-7be7-4983-b85a-c2cffb2e59c9,/Script/Engine.MaterialInstanceConstant,6023,6023,0,0,40679
/Game/BagMan/Characters/Cosmetics/Brand/MI_AFL_Branding_AKUMA.MI_AFL_Branding_AKUMA,/Script/Engine.MaterialInstanceConstant,767,767,0,0,767
/Game/BagMan/Characters/Cosmetics/Brand/MI_AFL_Branding_ARIA.MI_AFL_Branding_ARIA,/Script/Engine.MaterialInstanceConstant,766,766,0,0,766
/Game/BagMan/Characters/Cosmetics/Brand/MI_AFL_Branding_ASTRA.MI_AFL_Branding_ASTRA,/Script/Engine.MaterialInstanceConstant,767,767,0,0,767
/Game/BagMan/Characters/Cosmetics/Brand/MI_AFL_Branding_AURELIA.MI_AFL_Branding_AURELIA,/Script/Engine.MaterialInstanceConstant,769,769,0,0,769
/Game/BagMan/Characters/Cosmetics/Brand/MI_AFL_Branding_AZURA.MI_AFL_Branding_AZURA,/Script/Engine.MaterialInstanceConstant,767,767,0,0,767
/Game/BagMan/Characters/Cosmetics/Brand/MI_AFL_Branding_BigSixx.MI_AFL_Branding_BigSixx,/Script/Engine.MaterialInstanceConstant,769,769,0,0,769
/Game/BagMan/Characters/Cosmetics/Brand/MI_AFL_Branding_CIELO.MI_AFL_Branding_CIELO,/Script/Engine.MaterialInstanceConstant,767,767,0,0,767
/Game/BagMan/Characters/Cosmetics/Brand/MI_AFL_Branding_DRACO.MI_AFL_Branding_DRACO,/Script/Engine.MaterialInstanceConstant,767,767,0,0,767
/Game/BagMan/Characters/Cosmetics/Brand/MI_AFL_Branding_EMBER.MI_AFL_Branding_EMBER,/Script/Engine.MaterialInstanceConstant,767,767,0,0,767
/Game/BagMan/Characters/Cosmetics/Brand/MI_AFL_Branding_FANATICS.MI_AFL_Branding_FANATICS,/Script/Engine.MaterialInstanceConstant,793,793,0,0,793
/Game/BagMan/Characters/Cosmetics/Brand/MI_AFL_Branding_HALO.MI_AFL_Branding_HALO,/Script/Engine.MaterialInstanceConstant,766,766,0,0,766
/Game/BagMan/Characters/Cosmetics/Brand/MI_AFL_Branding_IRONICS.MI_AFL_Branding_IRONICS,/Script/Engine.MaterialInstanceConstant,769,769,0,0,769
/Game/BagMan/Characters/Cosmetics/Brand/MI_AFL_Branding_KAGE.MI_AFL_Branding_KAGE,/Script/Engine.MaterialInstanceConstant,766,766,0,0,766
/Game/BagMan/Characters/Cosmetics/Brand/MI_AFL_Branding_MAKHIAVELLI.MI_AFL_Branding_MAKHIAVELLI,/Script/Engine.MaterialInstanceConstant,781,781,0,0,781
/Game/BagMan/Characters/Cosmetics/Brand/MI_AFL_Branding_NOVAKAI.MI_AFL_Branding_NOVAKAI,/Script/Engine.MaterialInstanceConstant,769,769,0,0,769
/Game/BagMan/Characters/Cosmetics/Brand/MI_AFL_Branding_ONYXPRIME.MI_AFL_Branding_ONYXPRIME,/Script/Engine.MaterialInstanceConstant,779,779,0,0,779
/Game/BagMan/Characters/Cosmetics/Brand/MI_AFL_Branding_ORION.MI_AFL_Branding_ORION,/Script/Engine.MaterialInstanceConstant,767,767,0,0,767
/Game/BagMan/Characters/Cosmetics/Brand/MI_AFL_Branding_RIFTONE.MI_AFL_Branding_RIFTONE,/Script/Engine.MaterialInstanceConstant,769,769,0,0,769
/Game/BagMan/Characters/Cosmetics/Brand/MI_AFL_Branding_RONIN.MI_AFL_Branding_RONIN,/Script/Engine.MaterialInstanceConstant,767,767,0,0,767
/Game/BagMan/Characters/Cosmetics/Brand/MI_AFL_Branding_RYU.MI_AFL_Branding_RYU,/Script/Engine.MaterialInstanceConstant,757,757,0,0,757
/Game/BagMan/Characters/Cosmetics/Brand/MI_AFL_Branding_SABLE.MI_AFL_Branding_SABLE,/Script/Engine.MaterialInstanceConstant,767,767,0,0,767
/Game/BagMan/Characters/Cosmetics/Brand/MI_AFL_Branding_SCARLETT.MI_AFL_Branding_SCARLETT,/Script/Engine.MaterialInstanceConstant,778,778,0,0,778
/Game/BagMan/Characters/Cosmetics/Brand/MI_AFL_Branding_SOLARA.MI_AFL_Branding_SOLARA,/Script/Engine.MaterialInstanceConstant,768,768,0,0,768
/Game/BagMan/Characters/Cosmetics/Brand/MI_AFL_Branding_TALON.MI_AFL_Branding_TALON,/Script/Engine.MaterialInstanceConstant,767,767,0,0,767
/Game/BagMan/Characters/Cosmetics/Brand/MI_AFL_Branding_VALKYR.MI_AFL_Branding_VALKYR,/Script/Engine.MaterialInstanceConstant,768,768,0,0,768
/Game/BagMan/Characters/Cosmetics/Brand/MI_AFL_Branding_VANTA.MI_AFL_Branding_VANTA,/Script/Engine.MaterialInstanceConstant,767,767,0,0,767
/Game/BagMan/Characters/Cosmetics/Brand/MI_AFL_Branding_VOLT.MI_AFL_Branding_VOLT,/Script/Engine.MaterialInstanceConstant,766,766,0,0,766
/Game/BagMan/Characters/Cosmetics/Brand/MI_AFL_Branding_ZEN.MI_AFL_Branding_ZEN,/Script/Engine.MaterialInstanceConstant,757,757,0,0,757
/Game/BagMan/Characters/Cosmetics/IRONICS_Blank/Colorways/MI_AFL_IRONICS_Body_Crimson.MI_AFL_IRONICS_Body_Crimson,/Script/Engine.MaterialInstanceConstant,672,672,0,0,672
/Game/BagMan/Characters/Cosmetics/IRONICS_Blank/Colorways/MI_AFL_IRONICS_Body_FANATICS.MI_AFL_IRONICS_Body_FANATICS,/Script/Engine.MaterialInstanceConstant,895,895,0,0,895
/Game/BagMan/Characters/Cosmetics/IRONICS_Blank/Colorways/MI_AFL_IRONICS_Body_Violet.MI_AFL_IRONICS_Body_Violet,/Script/Engine.MaterialInstanceConstant,664,664,0,0,664
/Game/BagMan/Characters/Cosmetics/IRONICS_Blank/Colorways/MI_AFL_IRONICS_Body_Viridian.MI_AFL_IRONICS_Body_Viridian,/Script/Engine.MaterialInstanceConstant,672,672,0,0,672
/Game/BagMan/Characters/Cosmetics/IRONICS_Blank/MI_AFL_IRONICS_Body.MI_AFL_IRONICS_Body,/Script/Engine.MaterialInstanceConstant,1031,1031,0,0,1629
/Game/BagMan/Characters/Cosmetics/IRONICS_Blank/MI_AFL_IRONICS_Visor.MI_AFL_IRONICS_Visor,/Script/Engine.MaterialInstanceConstant,970,970,0,0,970
/Game/BagMan/Characters/Cosmetics/IRONICS_Blank/Visors/MI_AFL_IRONICS_Visor_FANATICS.MI_AFL_IRONICS_Visor_FANATICS,/Script/Engine.MaterialInstanceConstant,844,844,0,0,844
/Game/BagMan/Equipment/Akuma/MI_AFL_Akuma.MI_AFL_Akuma,/Script/Engine.MaterialInstanceConstant,1005,1005,0,0,1005
/Game/BagMan/Equipment/Aria/MI_AFL_Aria_Chord.MI_AFL_Aria_Chord,/Script/Engine.MaterialInstanceConstant,657,657,0,0,1035
/Game/BagMan/Equipment/Astra/MI_AFL_Astra_Zenith.MI_AFL_Astra_Zenith,/Script/Engine.MaterialInstanceConstant,664,664,0,0,1044
/Game/BagMan/Equipment/Aurelia/MI_AFL_Aurelia_Nimbus.MI_AFL_Aurelia_Nimbus,/Script/Engine.MaterialInstanceConstant,667,667,0,0,1064
/Game/BagMan/Equipment/Azura/MI_AFL_Azura_Prism.MI_AFL_Azura_Prism,/Script/Engine.MaterialInstanceConstant,662,662,0,0,1041
/Game/BagMan/Equipment/BeamCutter/MI_AFL_BeamCutter.MI_AFL_BeamCutter,/Script/Engine.MaterialInstanceConstant,838,838,0,0,1290
/Game/BagMan/Equipment/BigSixx/MI_AFL_BigSixx_Nest.MI_AFL_BigSixx_Nest,/Script/Engine.MaterialInstanceConstant,660,660,0,0,1048
/Game/BagMan/Equipment/Breachbolt/MI_AFL_Breachbolt.MI_AFL_Breachbolt,/Script/Engine.MaterialInstanceConstant,651,651,0,0,1051
/Game/BagMan/Equipment/Cielo/MI_AFL_Cielo_Vane.MI_AFL_Cielo_Vane,/Script/Engine.MaterialInstanceConstant,661,661,0,0,1038
/Game/BagMan/Equipment/Coralis/MI_AFL_Coralis.MI_AFL_Coralis,/Script/Engine.MaterialInstanceConstant,654,654,0,0,1025
/Game/BagMan/Equipment/Draco/MI_AFL_Draco_Wyrmfang.MI_AFL_Draco_Wyrmfang,/Script/Engine.MaterialInstanceConstant,664,664,0,0,1056
/Game/BagMan/Equipment/Duskbeam/MI_AFL_Duskbeam.MI_AFL_Duskbeam,/Script/Engine.MaterialInstanceConstant,652,652,0,0,1039
/Game/BagMan/Equipment/Ember/MI_AFL_Ember_Forgemaw.MI_AFL_Ember_Forgemaw,/Script/Engine.MaterialInstanceConstant,665,665,0,0,1058
/Game/BagMan/Equipment/Emberpulse/MI_AFL_Emberpulse.MI_AFL_Emberpulse,/Script/Engine.MaterialInstanceConstant,649,649,0,0,1051
/Game/BagMan/Equipment/FANATICS/MI_AFL_FANATICS.MI_AFL_FANATICS,/Script/Engine.MaterialInstanceConstant,654,654,0,0,1039
/Game/BagMan/Equipment/HALO/MI_AFL_HALO.MI_AFL_HALO,/Script/Engine.MaterialInstanceConstant,999,999,0,0,999
/Game/BagMan/Equipment/HandCannon/DRAGON_SOUL/MI_AFL_HandCannon_DRAGON_SOUL.MI_AFL_HandCannon_DRAGON_SOUL,/Script/Engine.MaterialInstanceConstant,671,671,0,0,1163
/Game/BagMan/Equipment/HandCannon/DRAGON_SOUL/MI_AFL_HandCannon_DRAGON_SOUL_NeonBlue.MI_AFL_HandCannon_DRAGON_SOUL_NeonBlue,/Script/Engine.MaterialInstanceConstant,683,683,0,0,1188
/Game/BagMan/Equipment/HandCannon/DRAGON_SOUL/MI_AFL_HandCannon_DRAGON_SOUL_NeonGreen.MI_AFL_HandCannon_DRAGON_SOUL_NeonGreen,/Script/Engine.MaterialInstanceConstant,683,683,0,0,1189
/Game/BagMan/Equipment/HandCannon/DRAGON_SOUL/MI_AFL_HandCannon_DRAGON_SOUL_NeonPink.MI_AFL_HandCannon_DRAGON_SOUL_NeonPink,/Script/Engine.MaterialInstanceConstant,685,685,0,0,1188
/Game/BagMan/Equipment/HandCannon/DRAGON_SOUL/MI_AFL_HandCannon_DRAGON_SOUL_NeonPurple.MI_AFL_HandCannon_DRAGON_SOUL_NeonPurple,/Script/Engine.MaterialInstanceConstant,688,688,0,0,1198
/Game/BagMan/Equipment/HandCannon/DRAGON_SOUL/MI_AFL_HandCannon_DRAGON_SOUL_NeonRed.MI_AFL_HandCannon_DRAGON_SOUL_NeonRed,/Script/Engine.MaterialInstanceConstant,688,688,0,0,1187
/Game/BagMan/Equipment/HandCannon/DRAGON_SOUL/MI_AFL_HandCannon_DRAGON_SOUL_NeonYellow.MI_AFL_HandCannon_DRAGON_SOUL_NeonYellow,/Script/Engine.MaterialInstanceConstant,691,691,0,0,1198
/Game/BagMan/Equipment/HandCannon/FANATICS2/MI_AFL_HandCannon_FANATICS2_NeonBlue.MI_AFL_HandCannon_FANATICS2_NeonBlue,/Script/Engine.MaterialInstanceConstant,683,683,0,0,1148
/Game/BagMan/Equipment/HandCannon/FANATICS2/MI_AFL_HandCannon_FANATICS2_NeonGreen.MI_AFL_HandCannon_FANATICS2_NeonGreen,/Script/Engine.MaterialInstanceConstant,683,683,0,0,1157
/Game/BagMan/Equipment/HandCannon/FANATICS2/MI_AFL_HandCannon_FANATICS2_NeonPink.MI_AFL_HandCannon_FANATICS2_NeonPink,/Script/Engine.MaterialInstanceConstant,685,685,0,0,1148
/Game/BagMan/Equipment/HandCannon/FANATICS2/MI_AFL_HandCannon_FANATICS2_NeonPurple.MI_AFL_HandCannon_FANATICS2_NeonPurple,/Script/Engine.MaterialInstanceConstant,689,689,0,0,1158
/Game/BagMan/Equipment/HandCannon/FANATICS2/MI_AFL_HandCannon_FANATICS2_NeonRed.MI_AFL_HandCannon_FANATICS2_NeonRed,/Script/Engine.MaterialInstanceConstant,687,687,0,0,1147
/Game/BagMan/Equipment/HandCannon/FANATICS2/MI_AFL_HandCannon_FANATICS2_NeonYellow.MI_AFL_HandCannon_FANATICS2_NeonYellow,/Script/Engine.MaterialInstanceConstant,688,688,0,0,1158
/Game/BagMan/Equipment/HandCannon/FUTURE_WARRIOR/MI_AFL_HandCannon_FUTURE_WARRIOR.MI_AFL_HandCannon_FUTURE_WARRIOR,/Script/Engine.MaterialInstanceConstant,674,674,0,0,1189
/Game/BagMan/Equipment/HandCannon/FUTURE_WARRIOR/MI_AFL_HandCannon_FUTURE_WARRIOR_NeonBlue.MI_AFL_HandCannon_FUTURE_WARRIOR_NeonBlue,/Script/Engine.MaterialInstanceConstant,690,690,0,0,1214
/Game/BagMan/Equipment/HandCannon/FUTURE_WARRIOR/MI_AFL_HandCannon_FUTURE_WARRIOR_NeonGreen.MI_AFL_HandCannon_FUTURE_WARRIOR_NeonGreen,/Script/Engine.MaterialInstanceConstant,689,689,0,0,1215
/Game/BagMan/Equipment/HandCannon/FUTURE_WARRIOR/MI_AFL_HandCannon_FUTURE_WARRIOR_NeonPink.MI_AFL_HandCannon_FUTURE_WARRIOR_NeonPink,/Script/Engine.MaterialInstanceConstant,690,690,0,0,1214
/Game/BagMan/Equipment/HandCannon/FUTURE_WARRIOR/MI_AFL_HandCannon_FUTURE_WARRIOR_NeonPurple.MI_AFL_HandCannon_FUTURE_WARRIOR_NeonPurple,/Script/Engine.MaterialInstanceConstant,686,686,0,0,1224
/Game/BagMan/Equipment/HandCannon/FUTURE_WARRIOR/MI_AFL_HandCannon_FUTURE_WARRIOR_NeonRed.MI_AFL_HandCannon_FUTURE_WARRIOR_NeonRed,/Script/Engine.MaterialInstanceConstant,692,692,0,0,1213
/Game/BagMan/Equipment/HandCannon/FUTURE_WARRIOR/MI_AFL_HandCannon_FUTURE_WARRIOR_NeonYellow.MI_AFL_HandCannon_FUTURE_WARRIOR_NeonYellow,/Script/Engine.MaterialInstanceConstant,694,694,0,0,1224
/Game/BagMan/Equipment/HandCannon/IRONICS/MI_AFL_HandCannon_IRONICS.MI_AFL_HandCannon_IRONICS,/Script/Engine.MaterialInstanceConstant,668,668,0,0,1123
/Game/BagMan/Equipment/HandCannon/IRONICS/MI_AFL_HandCannon_IRONICS_NeonBlue.MI_AFL_HandCannon_IRONICS_NeonBlue,/Script/Engine.MaterialInstanceConstant,678,678,0,0,1156
/Game/BagMan/Equipment/HandCannon/IRONICS/MI_AFL_HandCannon_IRONICS_NeonGreen.MI_AFL_HandCannon_IRONICS_NeonGreen,/Script/Engine.MaterialInstanceConstant,680,680,0,0,1157
/Game/BagMan/Equipment/HandCannon/IRONICS/MI_AFL_HandCannon_IRONICS_NeonPink.MI_AFL_HandCannon_IRONICS_NeonPink,/Script/Engine.MaterialInstanceConstant,680,680,0,0,1156
/Game/BagMan/Equipment/HandCannon/IRONICS/MI_AFL_HandCannon_IRONICS_NeonPurple.MI_AFL_HandCannon_IRONICS_NeonPurple,/Script/Engine.MaterialInstanceConstant,682,682,0,0,1158
/Game/BagMan/Equipment/HandCannon/IRONICS/MI_AFL_HandCannon_IRONICS_NeonRed.MI_AFL_HandCannon_IRONICS_NeonRed,/Script/Engine.MaterialInstanceConstant,679,679,0,0,1147
/Game/BagMan/Equipment/HandCannon/IRONICS/MI_AFL_HandCannon_IRONICS_NeonYellow.MI_AFL_HandCannon_IRONICS_NeonYellow,/Script/Engine.MaterialInstanceConstant,687,687,0,0,1158
/Game/BagMan/Equipment/HandCannon/JAGUAR_NEON/MI_AFL_HandCannon_JAGUAR_NEON.MI_AFL_HandCannon_JAGUAR_NEON,/Script/Engine.MaterialInstanceConstant,675,675,0,0,1163
/Game/BagMan/Equipment/HandCannon/JAGUAR_NEON/MI_AFL_HandCannon_JAGUAR_NEON_NeonBlue.MI_AFL_HandCannon_JAGUAR_NEON_NeonBlue,/Script/Engine.MaterialInstanceConstant,680,680,0,0,1188
/Game/BagMan/Equipment/HandCannon/JAGUAR_NEON/MI_AFL_HandCannon_JAGUAR_NEON_NeonGreen.MI_AFL_HandCannon_JAGUAR_NEON_NeonGreen,/Script/Engine.MaterialInstanceConstant,682,682,0,0,1189
/Game/BagMan/Equipment/HandCannon/JAGUAR_NEON/MI_AFL_HandCannon_JAGUAR_NEON_NeonPink.MI_AFL_HandCannon_JAGUAR_NEON_NeonPink,/Script/Engine.MaterialInstanceConstant,687,687,0,0,1188
/Game/BagMan/Equipment/HandCannon/JAGUAR_NEON/MI_AFL_HandCannon_JAGUAR_NEON_NeonPurple.MI_AFL_HandCannon_JAGUAR_NEON_NeonPurple,/Script/Engine.MaterialInstanceConstant,686,686,0,0,1198
/Game/BagMan/Equipment/HandCannon/JAGUAR_NEON/MI_AFL_HandCannon_JAGUAR_NEON_NeonRed.MI_AFL_HandCannon_JAGUAR_NEON_NeonRed,/Script/Engine.MaterialInstanceConstant,684,684,0,0,1187
/Game/BagMan/Equipment/HandCannon/JAGUAR_NEON/MI_AFL_HandCannon_JAGUAR_NEON_NeonYellow.MI_AFL_HandCannon_JAGUAR_NEON_NeonYellow,/Script/Engine.MaterialInstanceConstant,692,692,0,0,1198
/Game/BagMan/Equipment/HandCannon/MI_AFL_HandCannon_FANATICS2.MI_AFL_HandCannon_FANATICS2,/Script/Engine.MaterialInstanceConstant,670,670,0,0,1105
/Game/BagMan/Equipment/HandCannon/RUN_IT_BACK/MI_AFL_HandCannon_RUN_IT_BACK.MI_AFL_HandCannon_RUN_IT_BACK,/Script/Engine.MaterialInstanceConstant,674,674,0,0,1163
/Game/BagMan/Equipment/HandCannon/RUN_IT_BACK/MI_AFL_HandCannon_RUN_IT_BACK_NeonBlue.MI_AFL_HandCannon_RUN_IT_BACK_NeonBlue,/Script/Engine.MaterialInstanceConstant,682,682,0,0,1188
/Game/BagMan/Equipment/HandCannon/RUN_IT_BACK/MI_AFL_HandCannon_RUN_IT_BACK_NeonGreen.MI_AFL_HandCannon_RUN_IT_BACK_NeonGreen,/Script/Engine.MaterialInstanceConstant,682,682,0,0,1189
/Game/BagMan/Equipment/HandCannon/RUN_IT_BACK/MI_AFL_HandCannon_RUN_IT_BACK_NeonPink.MI_AFL_HandCannon_RUN_IT_BACK_NeonPink,/Script/Engine.MaterialInstanceConstant,682,682,0,0,1188
/Game/BagMan/Equipment/HandCannon/RUN_IT_BACK/MI_AFL_HandCannon_RUN_IT_BACK_NeonPurple.MI_AFL_HandCannon_RUN_IT_BACK_NeonPurple,/Script/Engine.MaterialInstanceConstant,686,686,0,0,1198
/Game/BagMan/Equipment/HandCannon/RUN_IT_BACK/MI_AFL_HandCannon_RUN_IT_BACK_NeonRed.MI_AFL_HandCannon_RUN_IT_BACK_NeonRed,/Script/Engine.MaterialInstanceConstant,686,686,0,0,1187
/Game/BagMan/Equipment/HandCannon/RUN_IT_BACK/MI_AFL_HandCannon_RUN_IT_BACK_NeonYellow.MI_AFL_HandCannon_RUN_IT_BACK_NeonYellow,/Script/Engine.MaterialInstanceConstant,689,689,0,0,1198
/Game/BagMan/Equipment/HandCannon/SIMULARENT/MI_AFL_HandCannon_SIMULARENT.MI_AFL_HandCannon_SIMULARENT,/Script/Engine.MaterialInstanceConstant,669,669,0,0,1149
/Game/BagMan/Equipment/HandCannon/SIMULARENT/MI_AFL_HandCannon_SIMULARENT_NeonBlue.MI_AFL_HandCannon_SIMULARENT_NeonBlue,/Script/Engine.MaterialInstanceConstant,682,682,0,0,1182
/Game/BagMan/Equipment/HandCannon/SIMULARENT/MI_AFL_HandCannon_SIMULARENT_NeonGreen.MI_AFL_HandCannon_SIMULARENT_NeonGreen,/Script/Engine.MaterialInstanceConstant,683,683,0,0,1183
/Game/BagMan/Equipment/HandCannon/SIMULARENT/MI_AFL_HandCannon_SIMULARENT_NeonPink.MI_AFL_HandCannon_SIMULARENT_NeonPink,/Script/Engine.MaterialInstanceConstant,684,684,0,0,1182
/Game/BagMan/Equipment/HandCannon/SIMULARENT/MI_AFL_HandCannon_SIMULARENT_NeonPurple.MI_AFL_HandCannon_SIMULARENT_NeonPurple,/Script/Engine.MaterialInstanceConstant,682,682,0,0,1184
/Game/BagMan/Equipment/HandCannon/SIMULARENT/MI_AFL_HandCannon_SIMULARENT_NeonRed.MI_AFL_HandCannon_SIMULARENT_NeonRed,/Script/Engine.MaterialInstanceConstant,686,686,0,0,1173
/Game/BagMan/Equipment/HandCannon/SIMULARENT/MI_AFL_HandCannon_SIMULARENT_NeonYellow.MI_AFL_HandCannon_SIMULARENT_NeonYellow,/Script/Engine.MaterialInstanceConstant,688,688,0,0,1184
/Game/BagMan/Equipment/Homer/MI_AFL_Homer.MI_AFL_Homer,/Script/Engine.MaterialInstanceConstant,1005,1005,0,0,1005
/Game/BagMan/Equipment/KAGE/MI_AFL_KAGE.MI_AFL_KAGE,/Script/Engine.MaterialInstanceConstant,999,999,0,0,999
/Game/BagMan/Equipment/Lobber/MI_AFL_Lobber.MI_AFL_Lobber,/Script/Engine.MaterialInstanceConstant,1019,1019,0,0,1019
/Game/BagMan/Equipment/Makhiavelli/MI_AFL_Makhiavelli_Gambit.MI_AFL_Makhiavelli_Gambit,/Script/Engine.MaterialInstanceConstant,664,664,0,0,1094
/Game/BagMan/Equipment/NovaKai/MI_AFL_NovaKai_Nebula.MI_AFL_NovaKai_Nebula,/Script/Engine.MaterialInstanceConstant,668,668,0,0,1064
/Game/BagMan/Equipment/OnyxPrime/MI_AFL_OnyxPrime_Monolith.MI_AFL_OnyxPrime_Monolith,/Script/Engine.MaterialInstanceConstant,674,674,0,0,1090
/Game/BagMan/Equipment/ORION/MI_AFL_ORION.MI_AFL_ORION,/Script/Engine.MaterialInstanceConstant,1005,1005,0,0,1005
/Game/BagMan/Equipment/RiftOne/MI_AFL_RiftOne_Fracture.MI_AFL_RiftOne_Fracture,/Script/Engine.MaterialInstanceConstant,666,666,0,0,1070
/Game/BagMan/Equipment/Ripsaw/MI_AFL_Ripsaw.MI_AFL_Ripsaw,/Script/Engine.MaterialInstanceConstant,1019,1019,0,0,1019
/Game/BagMan/Equipment/Ronin/MI_AFL_Ronin_Tachi.MI_AFL_Ronin_Tachi,/Script/Engine.MaterialInstanceConstant,663,663,0,0,1041
/Game/BagMan/Equipment/Ryu/MI_AFL_Ryu_Tempest.MI_AFL_Ryu_Tempest,/Script/Engine.MaterialInstanceConstant,667,667,0,0,1035
/Game/BagMan/Equipment/Sable/MI_AFL_Sable_Whisper.MI_AFL_Sable_Whisper,/Script/Engine.MaterialInstanceConstant,666,666,0,0,1047
/Game/BagMan/Equipment/Scarlett/MI_AFL_Scarlett_Fatale.MI_AFL_Scarlett_Fatale,/Script/Engine.MaterialInstanceConstant,662,662,0,0,1068
/Game/BagMan/Equipment/Scatterhawk/MI_AFL_Scatterhawk.MI_AFL_Scatterhawk,/Script/Engine.MaterialInstanceConstant,657,657,0,0,1065
/Game/BagMan/Equipment/SOLARA/MI_AFL_SOLARA.MI_AFL_SOLARA,/Script/Engine.MaterialInstanceConstant,1019,1019,0,0,1019
/Game/BagMan/Equipment/Talon/MI_AFL_Talon_Stoop.MI_AFL_Talon_Stoop,/Script/Engine.MaterialInstanceConstant,661,661,0,0,1039
/Game/BagMan/Equipment/Valkyr/MI_AFL_Valkyr_Ascendant.MI_AFL_Valkyr_Ascendant,/Script/Engine.MaterialInstanceConstant,666,666,0,0,1067
/Game/BagMan/Equipment/Vanta/MI_AFL_Vanta_Eclipse.MI_AFL_Vanta_Eclipse,/Script/Engine.MaterialInstanceConstant,660,660,0,0,1045
/Game/BagMan/Equipment/Verdant/MI_AFL_Verdant.MI_AFL_Verdant,/Script/Engine.MaterialInstanceConstant,652,652,0,0,1025
/Game/BagMan/Equipment/Volt/MI_AFL_Volt_Coilbreaker.MI_AFL_Volt_Coilbreaker,/Script/Engine.MaterialInstanceConstant,668,668,0,0,1059
/Game/BagMan/Equipment/Warhead/MI_AFL_Warhead.MI_AFL_Warhead,/Script/Engine.MaterialInstanceConstant,652,652,0,0,1025
/Game/BagMan/Equipment/ZenKoan/MI_AFL_ZenKoan.MI_AFL_ZenKoan,/Script/Engine.MaterialInstanceConstant,654,654,0,0,1025
/Game/BagMan/Materials/Instances/MI_AFL_FaceMask_Anarchy.MI_AFL_FaceMask_Anarchy,/Script/Engine.MaterialInstanceConstant,3304,3304,0,0,5413
/Game/BagMan/Materials/Instances/MI_AFL_FaceMask_BasicVisor.MI_AFL_FaceMask_BasicVisor,/Script/Engine.MaterialInstanceConstant,3384,3384,0,0,5424
/Game/BagMan/Materials/Instances/MI_AFL_FaceMask_BrazilVerde.MI_AFL_FaceMask_BrazilVerde,/Script/Engine.MaterialInstanceConstant,3326,3326,0,0,5425
/Game/BagMan/Materials/Instances/MI_AFL_FaceMask_Brow.MI_AFL_FaceMask_Brow,/Script/Engine.MaterialInstanceConstant,3371,3371,0,0,5402
/Game/BagMan/Materials/Instances/MI_AFL_FaceMask_CanadaMaple.MI_AFL_FaceMask_CanadaMaple,/Script/Engine.MaterialInstanceConstant,3287,3287,0,0,5425
/Game/BagMan/Materials/Instances/MI_AFL_FaceMask_Cross.MI_AFL_FaceMask_Cross,/Script/Engine.MaterialInstanceConstant,3332,3332,0,0,5411
/Game/BagMan/Materials/Instances/MI_AFL_FaceMask_Dot.MI_AFL_FaceMask_Dot,/Script/Engine.MaterialInstanceConstant,3279,3279,0,0,5401
/Game/BagMan/Materials/Instances/MI_AFL_FaceMask_DotMatrix.MI_AFL_FaceMask_DotMatrix,/Script/Engine.MaterialInstanceConstant,3298,3298,0,0,5423
/Game/BagMan/Materials/Instances/MI_AFL_FaceMask_DragonChina.MI_AFL_FaceMask_DragonChina,/Script/Engine.MaterialInstanceConstant,3300,3300,0,0,5425
/Game/BagMan/Materials/Instances/MI_AFL_FaceMask_FrancePhantom.MI_AFL_FaceMask_FrancePhantom,/Script/Engine.MaterialInstanceConstant,3331,3331,0,0,5435
/Game/BagMan/Materials/Instances/MI_AFL_FaceMask_FreedomFighter.MI_AFL_FaceMask_FreedomFighter,/Script/Engine.MaterialInstanceConstant,3306,3306,0,0,5436
/Game/BagMan/Materials/Instances/MI_AFL_FaceMask_GermanyCircuit.MI_AFL_FaceMask_GermanyCircuit,/Script/Engine.MaterialInstanceConstant,3310,3310,0,0,5436
/Game/BagMan/Materials/Instances/MI_AFL_FaceMask_Grille.MI_AFL_FaceMask_Grille,/Script/Engine.MaterialInstanceConstant,3290,3290,0,0,5412
/Game/BagMan/Materials/Instances/MI_AFL_FaceMask_IndiaChakra.MI_AFL_FaceMask_IndiaChakra,/Script/Engine.MaterialInstanceConstant,3302,3302,0,0,5425
/Game/BagMan/Materials/Instances/MI_AFL_FaceMask_IndonesiaRed.MI_AFL_FaceMask_IndonesiaRed,/Script/Engine.MaterialInstanceConstant,3385,3385,0,0,5426
/Game/BagMan/Materials/Instances/MI_AFL_FaceMask_JapanSolar.MI_AFL_FaceMask_JapanSolar,/Script/Engine.MaterialInstanceConstant,32387,32387,0,0,236193
/Game/BagMan/Materials/Instances/MI_AFL_FaceMask_JollyRoger.MI_AFL_FaceMask_JollyRoger,/Script/Engine.MaterialInstanceConstant,3309,3309,0,0,5424
/Game/BagMan/Materials/Instances/MI_AFL_FaceMask_Kawaii.MI_AFL_FaceMask_Kawaii,/Script/Engine.MaterialInstanceConstant,3284,3284,0,0,5412
/Game/BagMan/Materials/Instances/MI_AFL_FaceMask_Liberty1776.MI_AFL_FaceMask_Liberty1776,/Script/Engine.MaterialInstanceConstant,3285,3285,0,0,5425
/Game/BagMan/Materials/Instances/MI_AFL_FaceMask_LotusVietnam.MI_AFL_FaceMask_LotusVietnam,/Script/Engine.MaterialInstanceConstant,3309,3309,0,0,5426
/Game/BagMan/Materials/Instances/MI_AFL_FaceMask_MexicoEagle.MI_AFL_FaceMask_MexicoEagle,/Script/Engine.MaterialInstanceConstant,3308,3308,0,0,5425
/Game/BagMan/Materials/Instances/MI_AFL_FaceMask_Orchard.MI_AFL_FaceMask_Orchard,/Script/Engine.MaterialInstanceConstant,3380,3380,0,0,5413
/Game/BagMan/Materials/Instances/MI_AFL_FaceMask_PhilippinesSun.MI_AFL_FaceMask_PhilippinesSun,/Script/Engine.MaterialInstanceConstant,3308,3308,0,0,5436
/Game/BagMan/Materials/Instances/MI_AFL_FaceMask_Pink.MI_AFL_FaceMask_Pink,/Script/Engine.MaterialInstanceConstant,32276,32276,0,0,236174
/Game/BagMan/Materials/Instances/MI_AFL_FaceMask_Slit.MI_AFL_FaceMask_Slit,/Script/Engine.MaterialInstanceConstant,3281,3281,0,0,5402
/Game/BagMan/Materials/Instances/MI_AFL_FaceMask_Solid.MI_AFL_FaceMask_Solid,/Script/Engine.MaterialInstanceConstant,3334,3334,0,0,5411
/Game/BagMan/Materials/Instances/MI_AFL_FaceMask_Stripe.MI_AFL_FaceMask_Stripe,/Script/Engine.MaterialInstanceConstant,3339,3339,0,0,5412
/Game/BagMan/Materials/Instances/MI_AFL_FaceMask_TaegukKorea.MI_AFL_FaceMask_TaegukKorea,/Script/Engine.MaterialInstanceConstant,3378,3378,0,0,5425
/Game/BagMan/Materials/Instances/MI_AFL_FaceMask_TechCircuit.MI_AFL_FaceMask_TechCircuit,/Script/Engine.MaterialInstanceConstant,3385,3385,0,0,5425
/Game/BagMan/Materials/Instances/MI_AFL_FaceMask_TraitorsHang.MI_AFL_FaceMask_TraitorsHang,/Script/Engine.MaterialInstanceConstant,3385,3385,0,0,5426
/Game/BagMan/Materials/Instances/MI_AFL_FaceMask_Twin.MI_AFL_FaceMask_Twin,/Script/Engine.MaterialInstanceConstant,3378,3378,0,0,5402
/Game/BagMan/Materials/Instances/MI_AFL_FaceMask_UKUnionJack.MI_AFL_FaceMask_UKUnionJack,/Script/Engine.MaterialInstanceConstant,3310,3310,0,0,5425
/Game/BagMan/Materials/Instances/MI_AKUMA_Body.MI_AKUMA_Body,/Script/Engine.MaterialInstanceConstant,30733,30733,0,0,233827
/Game/BagMan/Materials/Instances/MI_AKUMA_Limbs.MI_AKUMA_Limbs,/Script/Engine.MaterialInstanceConstant,30843,30843,0,0,230572
/Game/BagMan/Materials/Instances/MI_ARIA_Body_Pink.MI_ARIA_Body_Pink,/Script/Engine.MaterialInstanceConstant,30566,30566,0,0,233700
/Game/BagMan/Materials/Instances/MI_ASTRA_Body.MI_ASTRA_Body,/Script/Engine.MaterialInstanceConstant,30735,30735,0,0,233827
/Game/BagMan/Materials/Instances/MI_ASTRA_Limbs.MI_ASTRA_Limbs,/Script/Engine.MaterialInstanceConstant,30852,30852,0,0,230572
/Game/BagMan/Materials/Instances/MI_AURELIA_Body.MI_AURELIA_Body,/Script/Engine.MaterialInstanceConstant,30713,30713,0,0,233837
/Game/BagMan/Materials/Instances/MI_AURELIA_Limbs.MI_AURELIA_Limbs,/Script/Engine.MaterialInstanceConstant,30851,30851,0,0,230572
/Game/BagMan/Materials/Instances/MI_AZURA_Body.MI_AZURA_Body,/Script/Engine.MaterialInstanceConstant,30726,30726,0,0,233827
/Game/BagMan/Materials/Instances/MI_AZURA_Limbs.MI_AZURA_Limbs,/Script/Engine.MaterialInstanceConstant,30848,30848,0,0,230572
/Game/BagMan/Materials/Instances/MI_BigSixx_Body.MI_BigSixx_Body,/Script/Engine.MaterialInstanceConstant,30713,30713,0,0,233837
/Game/BagMan/Materials/Instances/MI_BigSixx_Limbs.MI_BigSixx_Limbs,/Script/Engine.MaterialInstanceConstant,30851,30851,0,0,230572
/Game/BagMan/Materials/Instances/MI_CIELO_Body.MI_CIELO_Body,/Script/Engine.MaterialInstanceConstant,30729,30729,0,0,233827
/Game/BagMan/Materials/Instances/MI_CIELO_Limbs.MI_CIELO_Limbs,/Script/Engine.MaterialInstanceConstant,30848,30848,0,0,230572
/Game/BagMan/Materials/Instances/MI_DRACO_Body.MI_DRACO_Body,/Script/Engine.MaterialInstanceConstant,30747,30747,0,0,233827
/Game/BagMan/Materials/Instances/MI_DRACO_Limbs.MI_DRACO_Limbs,/Script/Engine.MaterialInstanceConstant,30848,30848,0,0,230572
/Game/BagMan/Materials/Instances/MI_EMBER_Body.MI_EMBER_Body,/Script/Engine.MaterialInstanceConstant,30738,30738,0,0,233827
/Game/BagMan/Materials/Instances/MI_EMBER_Limbs.MI_EMBER_Limbs,/Script/Engine.MaterialInstanceConstant,30848,30848,0,0,230572
/Game/BagMan/Materials/Instances/MI_HALO_Body.MI_HALO_Body,/Script/Engine.MaterialInstanceConstant,30752,30752,0,0,233826
/Game/BagMan/Materials/Instances/MI_HALO_Limbs.MI_HALO_Limbs,/Script/Engine.MaterialInstanceConstant,30821,30821,0,0,230564
/Game/BagMan/Materials/Instances/MI_IRONICS_Body_Red.MI_IRONICS_Body_Red,/Script/Engine.MaterialInstanceConstant,30752,30752,0,0,233845
/Game/BagMan/Materials/Instances/MI_IRONICS_Limbs_Red.MI_IRONICS_Limbs_Red,/Script/Engine.MaterialInstanceConstant,30877,30877,0,0,230580
/Game/BagMan/Materials/Instances/MI_KAGE_Body.MI_KAGE_Body,/Script/Engine.MaterialInstanceConstant,30744,30744,0,0,233826
/Game/BagMan/Materials/Instances/MI_KAGE_Limbs.MI_KAGE_Limbs,/Script/Engine.MaterialInstanceConstant,30825,30825,0,0,230564
/Game/BagMan/Materials/Instances/MI_MAKHIAVELLI_Body_Green.MI_MAKHIAVELLI_Body_Green,/Script/Engine.MaterialInstanceConstant,30763,30763,0,0,233857
/Game/BagMan/Materials/Instances/MI_MAKHIAVELLI_Limbs.MI_MAKHIAVELLI_Limbs,/Script/Engine.MaterialInstanceConstant,30874,30874,0,0,230580
/Game/BagMan/Materials/Instances/MI_NOVAKAI_Body.MI_NOVAKAI_Body,/Script/Engine.MaterialInstanceConstant,30733,30733,0,0,233837
/Game/BagMan/Materials/Instances/MI_NOVAKAI_Limbs.MI_NOVAKAI_Limbs,/Script/Engine.MaterialInstanceConstant,30850,30850,0,0,230572
/Game/BagMan/Materials/Instances/MI_ONYXPRIME_Body.MI_ONYXPRIME_Body,/Script/Engine.MaterialInstanceConstant,30766,30766,0,0,233839
/Game/BagMan/Materials/Instances/MI_ONYXPRIME_Limbs.MI_ONYXPRIME_Limbs,/Script/Engine.MaterialInstanceConstant,30875,30875,0,0,230580
/Game/BagMan/Materials/Instances/MI_ORION_Body.MI_ORION_Body,/Script/Engine.MaterialInstanceConstant,30734,30734,0,0,233827
/Game/BagMan/Materials/Instances/MI_ORION_Limbs.MI_ORION_Limbs,/Script/Engine.MaterialInstanceConstant,30852,30852,0,0,230572
/Game/BagMan/Materials/Instances/MI_RIFTONE_Body.MI_RIFTONE_Body,/Script/Engine.MaterialInstanceConstant,30732,30732,0,0,233837
/Game/BagMan/Materials/Instances/MI_RIFTONE_Limbs.MI_RIFTONE_Limbs,/Script/Engine.MaterialInstanceConstant,30850,30850,0,0,230572
/Game/BagMan/Materials/Instances/MI_RONIN_Body.MI_RONIN_Body,/Script/Engine.MaterialInstanceConstant,30734,30734,0,0,233827
/Game/BagMan/Materials/Instances/MI_RONIN_Limbs.MI_RONIN_Limbs,/Script/Engine.MaterialInstanceConstant,30848,30848,0,0,230572
/Game/BagMan/Materials/Instances/MI_RYU_Body.MI_RYU_Body,/Script/Engine.MaterialInstanceConstant,30750,30750,0,0,233825
/Game/BagMan/Materials/Instances/MI_RYU_Limbs.MI_RYU_Limbs,/Script/Engine.MaterialInstanceConstant,30824,30824,0,0,230564
/Game/BagMan/Materials/Instances/MI_SABLE_Body.MI_SABLE_Body,/Script/Engine.MaterialInstanceConstant,30748,30748,0,0,233827
/Game/BagMan/Materials/Instances/MI_SABLE_Limbs.MI_SABLE_Limbs,/Script/Engine.MaterialInstanceConstant,30848,30848,0,0,230572
/Game/BagMan/Materials/Instances/MI_SCARLETT_Body_Purple.MI_SCARLETT_Body_Purple,/Script/Engine.MaterialInstanceConstant,30837,30837,0,0,233854
/Game/BagMan/Materials/Instances/MI_SCARLETT_Limbs.MI_SCARLETT_Limbs,/Script/Engine.MaterialInstanceConstant,30844,30844,0,0,230572
/Game/BagMan/Materials/Instances/MI_SOLARA_Body.MI_SOLARA_Body,/Script/Engine.MaterialInstanceConstant,30726,30726,0,0,233828
/Game/BagMan/Materials/Instances/MI_SOLARA_Limbs.MI_SOLARA_Limbs,/Script/Engine.MaterialInstanceConstant,30839,30839,0,0,230572
/Game/BagMan/Materials/Instances/MI_TALON_Body.MI_TALON_Body,/Script/Engine.MaterialInstanceConstant,30734,30734,0,0,233827
/Game/BagMan/Materials/Instances/MI_TALON_Limbs.MI_TALON_Limbs,/Script/Engine.MaterialInstanceConstant,30843,30843,0,0,230572
/Game/BagMan/Materials/Instances/MI_VALKYR_Body.MI_VALKYR_Body,/Script/Engine.MaterialInstanceConstant,30743,30743,0,0,233828
/Game/BagMan/Materials/Instances/MI_VALKYR_Limbs.MI_VALKYR_Limbs,/Script/Engine.MaterialInstanceConstant,30839,30839,0,0,230572
/Game/BagMan/Materials/Instances/MI_VANTA_Body.MI_VANTA_Body,/Script/Engine.MaterialInstanceConstant,30736,30736,0,0,233827
/Game/BagMan/Materials/Instances/MI_VANTA_Limbs.MI_VANTA_Limbs,/Script/Engine.MaterialInstanceConstant,30848,30848,0,0,230572
/Game/BagMan/Materials/Instances/MI_VOLT_Body.MI_VOLT_Body,/Script/Engine.MaterialInstanceConstant,30750,30750,0,0,233826
/Game/BagMan/Materials/Instances/MI_VOLT_Limbs.MI_VOLT_Limbs,/Script/Engine.MaterialInstanceConstant,30821,30821,0,0,230564
/Game/BagMan/Materials/Instances/MI_ZEN_Body.MI_ZEN_Body,/Script/Engine.MaterialInstanceConstant,30749,30749,0,0,233825
/Game/BagMan/Materials/Instances/MI_ZEN_Limbs.MI_ZEN_Limbs,/Script/Engine.MaterialInstanceConstant,30824,30824,0,0,230564
/Game/BagMan/Materials/MI_AFL_Branding_C12.MI_AFL_Branding_C12,/Script/Engine.MaterialInstanceConstant,752,752,0,0,752
/Game/BagMan/Materials/MI_AFL_Branding_Flak.MI_AFL_Branding_Flak,/Script/Engine.MaterialInstanceConstant,700,700,0,0,700
/Game/BagMan/Materials/MI_AFL_Branding_Railgun.MI_AFL_Branding_Railgun,/Script/Engine.MaterialInstanceConstant,773,773,0,0,773
/Game/BagMan/Materials/MI_AFL_Branding_Seeker.MI_AFL_Branding_Seeker,/Script/Engine.MaterialInstanceConstant,708,708,0,0,708
/Game/BagMan/Materials/MI_AFL_Branding_SMG.MI_AFL_Branding_SMG,/Script/Engine.MaterialInstanceConstant,700,700,0,0,700
/Game/BagMan/Materials/MI_AFL_EMPReactor.MI_AFL_EMPReactor,/Script/Engine.MaterialInstanceConstant,808,808,0,0,1241
/Game/BagMan/Materials/MI_AFL_Flak.MI_AFL_Flak,/Script/Engine.MaterialInstanceConstant,1360,1360,0,0,2015
/Game/BagMan/Materials/MI_AFL_Railgun.MI_AFL_Railgun,/Script/Engine.MaterialInstanceConstant,1354,1354,0,0,2024
/Game/BagMan/Materials/MI_AFL_Seeker.MI_AFL_Seeker,/Script/Engine.MaterialInstanceConstant,1358,1358,0,0,2006
/Game/BagMan/Materials/MI_AFL_ShieldBarrier.MI_AFL_ShieldBarrier,/Script/Engine.MaterialInstanceConstant,1564,1564,0,0,2376
/Game/BagMan/Materials/MI_AFL_SMG.MI_AFL_SMG,/Script/Engine.MaterialInstanceConstant,1355,1355,0,0,2004
/Game/BagMan/Materials/MI_AFL_Weapon_Carbine.MI_AFL_Weapon_Carbine,/Script/Engine.MaterialInstanceConstant,1026,1026,0,0,1457
/Game/Characters/Heroes/Mannequin/Materials/Instances/Manny/MI_Manny_01_Blue.MI_Manny_01_Blue,/Script/Engine.MaterialInstanceConstant,30855,30855,0,0,230596
/Game/Characters/Heroes/Mannequin/Materials/Instances/Manny/MI_Manny_02_Blue.MI_Manny_02_Blue,/Script/Engine.MaterialInstanceConstant,30641,30641,0,0,233675
/Game/Characters/Heroes/Mannequin/Materials/Instances/Quinn/MI_Quinn_01_Blue.MI_Quinn_01_Blue,/Script/Engine.MaterialInstanceConstant,1061,1061,0,0,2049
/Game/Characters/Heroes/Mannequin/Materials/Instances/Quinn/MI_Quinn_02_Blue.MI_Quinn_02_Blue,/Script/Engine.MaterialInstanceConstant,30658,30658,0,0,233595
/Game/DeepWaterStation/Materials/MI_Container01.MI_Container01,/Script/Engine.MaterialInstanceConstant,812,812,0,0,1361
/Game/DeepWaterStation/Materials/MI_ContainerGlass.MI_ContainerGlass,/Script/Engine.MaterialInstanceConstant,625,625,0,0,1048
/Game/DeepWaterStation/Materials/MI_Ladder01.MI_Ladder01,/Script/Engine.MaterialInstanceConstant,619,619,0,0,1031
/Game/DeepWaterStation/Materials/MI_MetalWall07.MI_MetalWall07,/Script/Engine.MaterialInstanceConstant,624,624,0,0,1056
/Game/DeepWaterStation/Materials/MI_Mod03.MI_Mod03,/Script/Engine.MaterialInstanceConstant,1006,1006,0,0,1006
/Game/DeepWaterStation/Materials/MI_Wall09.MI_Wall09,/Script/Engine.MaterialInstanceConstant,1017,1017,0,0,1017
/Game/Effects/Camera/Damage/Materials/Instances/MI_ScreenDamageParticles.MI_ScreenDamageParticles,/Script/Engine.MaterialInstanceConstant,837,837,0,0,837
/Game/Effects/Camera/Damage/Materials/Instances/MI_ScreenDamageParticlesBlurry.MI_ScreenDamageParticlesBlurry,/Script/Engine.MaterialInstanceConstant,729,729,0,0,729
/Game/Effects/Materials/Cubes/Instances/MI_SpriteCubes.MI_SpriteCubes,/Script/Engine.MaterialInstanceConstant,917,917,0,0,917
/Game/Effects/Materials/DamageNumbers/Instances/MI_numba.MI_numba,/Script/Engine.MaterialInstanceConstant,614,614,0,0,614
/Game/Effects/Materials/DamageNumbers/Instances/MI_numberSingleCard.MI_numberSingleCard,/Script/Engine.MaterialInstanceConstant,7880,7880,0,0,57584
/Game/Effects/Materials/Decals/Instances/MI_Decal_Concrete.MI_Decal_Concrete,/Script/Engine.MaterialInstanceConstant,7164,7164,0,0,44558
/Game/Effects/Materials/Decals/Instances/MI_Decal_Transparent_Glass.MI_Decal_Transparent_Glass,/Script/Engine.MaterialInstanceConstant,7164,7164,0,0,50196
/Game/Effects/Materials/FootSteps/Instances/MI_Flipbook_Pyro_PuffSmoke.MI_Flipbook_Pyro_PuffSmoke,/Script/Engine.MaterialInstanceConstant,8679,8679,0,0,64257
/Game/Effects/Materials/FootSteps/Instances/MI_FootStepDecal_All.MI_FootStepDecal_All,/Script/Engine.MaterialInstanceConstant,6945,6945,0,0,45916
/Game/Effects/Materials/FootSteps/Instances/MI_FootStepDecal_Glass.MI_FootStepDecal_Glass,/Script/Engine.MaterialInstanceConstant,6825,6825,0,0,45726
/Game/Effects/Materials/General/Instances/MI_ParticleColor.MI_ParticleColor,/Script/Engine.MaterialInstanceConstant,469,469,0,0,469
/Game/Effects/Materials/MuzzleFlash/Instances/MI_Flipbook_MuzzleFlash_Front.MI_Flipbook_MuzzleFlash_Front,/Script/Engine.MaterialInstanceConstant,7978,7978,0,0,56238
/Game/Effects/Materials/MuzzleFlash/Instances/MI_Flipbook_MuzzleFlash_Side.MI_Flipbook_MuzzleFlash_Side,/Script/Engine.MaterialInstanceConstant,7950,7950,0,0,56173
/Game/Effects/Materials/PickUp/Instances/M_GunPickup_RingMeshNoFade.M_GunPickup_RingMeshNoFade,/Script/Engine.MaterialInstanceConstant,7736,7736,0,0,59863
/Game/Effects/Materials/PostProcess/MPP_Outline_Inst.MPP_Outline_Inst,/Script/Engine.MaterialInstanceConstant,883,883,0,0,883
/Game/Effects/Materials/Pyro/Instances/MI_Flipbook_Pyro_Diffuse_ImpactSmoke.MI_Flipbook_Pyro_Diffuse_ImpactSmoke,/Script/Engine.MaterialInstanceConstant,6320,6320,0,0,39347
/Game/Effects/Materials/Pyro/Instances/MI_Flipbook_Pyro_Diffuse_MuzzleFlashSmoke.MI_Flipbook_Pyro_Diffuse_MuzzleFlashSmoke,/Script/Engine.MaterialInstanceConstant,6222,6222,0,0,38769
/Game/Effects/Materials/Pyro/Instances/MI_Flipbook_Pyro_Grenade.MI_Flipbook_Pyro_Grenade,/Script/Engine.MaterialInstanceConstant,7379,7379,0,0,43855
/Game/Effects/Materials/Sparks/Instances/MI_Sparks_Dust.MI_Sparks_Dust,/Script/Engine.MaterialInstanceConstant,6126,6126,0,0,40306
/Game/Effects/Materials/Sparks/Instances/MI_Sparks_Metal.MI_Sparks_Metal,/Script/Engine.MaterialInstanceConstant,6044,6044,0,0,39968
/Game/Effects/Materials/Teleporter/Instances/MI_portalBGParticle.MI_portalBGParticle,/Script/Engine.MaterialInstanceConstant,629,629,0,0,629
/Game/Effects/Materials/Teleporter/Instances/MI_portalBGParticleTriangle.MI_portalBGParticleTriangle,/Script/Engine.MaterialInstanceConstant,791,791,0,0,1105
/Game/Effects/Materials/Teleporter/Instances/MI_portalInteriorShape.MI_portalInteriorShape,/Script/Engine.MaterialInstanceConstant,863,863,0,0,863
/Game/Effects/Materials/Teleporter/Instances/MI_portalSprite.MI_portalSprite,/Script/Engine.MaterialInstanceConstant,5283,5283,0,0,32412
/Game/Effects/Materials/Tracers/Instances/MI_Tracers_Default.MI_Tracers_Default,/Script/Engine.MaterialInstanceConstant,6085,6085,0,0,40117
/Game/Effects/Materials/Tracers/Instances/MI_TracerSmoke_Default.MI_TracerSmoke_Default,/Script/Engine.MaterialInstanceConstant,5791,5791,0,0,33644
/Game/LaserFX_BP/Material/MI_AFL_Orb_02.MI_AFL_Orb_02,/Script/Engine.MaterialInstanceConstant,6877,6877,0,0,47226
/Game/LaserFX_BP/Material/MI_AFL_Orb_03.MI_AFL_Orb_03,/Script/Engine.MaterialInstanceConstant,6975,6975,0,0,47344
/Game/Sci_FI_Valley_Village/Landscape/MI_landscape.MI_landscape,/Script/Engine.MaterialInstanceConstant,1957,1957,0,0,3463
/Game/Sci_FI_Valley_Village/Materials/MI_architecture_prop_01.MI_architecture_prop_01,/Script/Engine.MaterialInstanceConstant,25613,25613,0,0,204067
/Game/Sci_FI_Valley_Village/Materials/MI_architecture_prop_02.MI_architecture_prop_02,/Script/Engine.MaterialInstanceConstant,1362,1362,0,0,2252
/Game/Sci_FI_Valley_Village/Materials/MI_architecture_prop_03.MI_architecture_prop_03,/Script/Engine.MaterialInstanceConstant,13776,13776,0,0,91632
/Game/Sci_FI_Valley_Village/Materials/MI_beam.MI_beam,/Script/Engine.MaterialInstanceConstant,1427,1427,0,0,2158
/Game/Sci_FI_Valley_Village/Materials/MI_ciruclar_bridge.MI_ciruclar_bridge,/Script/Engine.MaterialInstanceConstant,25620,25620,0,0,204172
/Game/Sci_FI_Valley_Village/Materials/MI_cliff_01.MI_cliff_01,/Script/Engine.MaterialInstanceConstant,1184,1184,0,0,1901
/Game/Sci_FI_Valley_Village/Materials/MI_decal_01.MI_decal_01,/Script/Engine.MaterialInstanceConstant,849,849,0,0,849
/Game/Sci_FI_Valley_Village/Materials/MI_decal_pattern.MI_decal_pattern,/Script/Engine.MaterialInstanceConstant,815,815,0,0,815
/Game/Sci_FI_Valley_Village/Materials/MI_decal_pattern1.MI_decal_pattern1,/Script/Engine.MaterialInstanceConstant,815,815,0,0,815
/Game/Sci_FI_Valley_Village/Materials/MI_decal_pattern2.MI_decal_pattern2,/Script/Engine.MaterialInstanceConstant,801,801,0,0,801
/Game/Sci_FI_Valley_Village/Materials/MI_desert_plants.MI_desert_plants,/Script/Engine.MaterialInstanceConstant,12707,12707,0,0,82038
/Game/Sci_FI_Valley_Village/Materials/MI_desert_plants1.MI_desert_plants1,/Script/Engine.MaterialInstanceConstant,12722,12722,0,0,82046
/Game/Sci_FI_Valley_Village/Materials/MI_details_houses.MI_details_houses,/Script/Engine.MaterialInstanceConstant,1426,1426,0,0,2192
/Game/Sci_FI_Valley_Village/Materials/MI_door.MI_door,/Script/Engine.MaterialInstanceConstant,1387,1387,0,0,2148
/Game/Sci_FI_Valley_Village/Materials/MI_exterior_pipe.MI_exterior_pipe,/Script/Engine.MaterialInstanceConstant,25590,25590,0,0,204003
/Game/Sci_FI_Valley_Village/Materials/MI_foot_bridge.MI_foot_bridge,/Script/Engine.MaterialInstanceConstant,25578,25578,0,0,203927
/Game/Sci_FI_Valley_Village/Materials/MI_glass.MI_glass,/Script/Engine.MaterialInstanceConstant,964,964,0,0,964
/Game/Sci_FI_Valley_Village/Materials/MI_ground_mesh.MI_ground_mesh,/Script/Engine.MaterialInstanceConstant,1293,1293,0,0,2036
/Game/Sci_FI_Valley_Village/Materials/MI_ground_mesh1.MI_ground_mesh1,/Script/Engine.MaterialInstanceConstant,1242,1242,0,0,1941
/Game/Sci_FI_Valley_Village/Materials/MI_ground_mesh2.MI_ground_mesh2,/Script/Engine.MaterialInstanceConstant,1248,1248,0,0,1941
/Game/Sci_FI_Valley_Village/Materials/MI_grunge_decal_leaks.MI_grunge_decal_leaks,/Script/Engine.MaterialInstanceConstant,891,891,0,0,891
/Game/Sci_FI_Valley_Village/Materials/MI_grunge_decal_leaks1.MI_grunge_decal_leaks1,/Script/Engine.MaterialInstanceConstant,888,888,0,0,888
/Game/Sci_FI_Valley_Village/Materials/MI_house_01.MI_house_01,/Script/Engine.MaterialInstanceConstant,1309,1309,0,0,2080
/Game/Sci_FI_Valley_Village/Materials/MI_house_02.MI_house_02,/Script/Engine.MaterialInstanceConstant,1275,1275,0,0,2019
/Game/Sci_FI_Valley_Village/Materials/MI_house_03.MI_house_03,/Script/Engine.MaterialInstanceConstant,1325,1325,0,0,2080
/Game/Sci_FI_Valley_Village/Materials/MI_house_silo.MI_house_silo,/Script/Engine.MaterialInstanceConstant,1316,1316,0,0,2100
/Game/Sci_FI_Valley_Village/Materials/MI_lift.MI_lift,/Script/Engine.MaterialInstanceConstant,1339,1339,0,0,2051
/Game/Sci_FI_Valley_Village/Materials/MI_lift1.MI_lift1,/Script/Engine.MaterialInstanceConstant,1350,1350,0,0,2051
/Game/Sci_FI_Valley_Village/Materials/MI_petals.MI_petals,/Script/Engine.MaterialInstanceConstant,784,784,0,0,784
/Game/Sci_FI_Valley_Village/Materials/MI_pipe.MI_pipe,/Script/Engine.MaterialInstanceConstant,1387,1387,0,0,2118
/Game/Sci_FI_Valley_Village/Materials/MI_pipe_small.MI_pipe_small,/Script/Engine.MaterialInstanceConstant,1366,1366,0,0,2109
/Game/Sci_FI_Valley_Village/Materials/MI_pipe_small_OP.MI_pipe_small_OP,/Script/Engine.MaterialInstanceConstant,1476,1476,0,0,2348
/Game/Sci_FI_Valley_Village/Materials/MI_props.MI_props,/Script/Engine.MaterialInstanceConstant,1403,1403,0,0,2168
/Game/Sci_FI_Valley_Village/Materials/MI_rock_01.MI_rock_01,/Script/Engine.MaterialInstanceConstant,1028,1028,0,0,1626
/Game/Sci_FI_Valley_Village/Materials/MI_rock_02.MI_rock_02,/Script/Engine.MaterialInstanceConstant,1036,1036,0,0,1642
/Game/Sci_FI_Valley_Village/Materials/MI_rock_04.MI_rock_04,/Script/Engine.MaterialInstanceConstant,2004,2004,0,0,3336
/Game/Sci_FI_Valley_Village/Materials/MI_rock_boulder.MI_rock_boulder,/Script/Engine.MaterialInstanceConstant,1184,1184,0,0,1875
/Game/Sci_FI_Valley_Village/Materials/MI_rock_rectangular_house.MI_rock_rectangular_house,/Script/Engine.MaterialInstanceConstant,1158,1158,0,0,1870
/Game/Sci_FI_Valley_Village/Materials/MI_ship_main.MI_ship_main,/Script/Engine.MaterialInstanceConstant,1311,1311,0,0,2118
/Game/Sci_FI_Valley_Village/Materials/MI_ship_wings.MI_ship_wings,/Script/Engine.MaterialInstanceConstant,1447,1447,0,0,2321
/Game/Sci_FI_Valley_Village/Materials/MI_ship_wings1.MI_ship_wings1,/Script/Engine.MaterialInstanceConstant,1445,1445,0,0,2318
/Game/Sci_FI_Valley_Village/Materials/MI_sky_day.MI_sky_day,/Script/Engine.MaterialInstanceConstant,1063,1063,0,0,1595
/Game/Sci_FI_Valley_Village/Materials/MI_sky_day_plane.MI_sky_day_plane,/Script/Engine.MaterialInstanceConstant,848,848,0,0,1291
/Game/Sci_FI_Valley_Village/Materials/MI_small_house.MI_small_house,/Script/Engine.MaterialInstanceConstant,13511,13511,0,0,91492
/Game/Sci_FI_Valley_Village/Materials/MI_small_house_02.MI_small_house_02,/Script/Engine.MaterialInstanceConstant,1533,1533,0,0,2484
/Game/Sci_FI_Valley_Village/Materials/MI_smoke.MI_smoke,/Script/Engine.MaterialInstanceConstant,681,681,0,0,681
/Game/Sci_FI_Valley_Village/Materials/MI_speeder.MI_speeder,/Script/Engine.MaterialInstanceConstant,1400,1400,0,0,2250
/Game/Sci_FI_Valley_Village/Materials/MI_trim.MI_trim,/Script/Engine.MaterialInstanceConstant,1359,1359,0,0,2134
/Game/Sci_FI_Valley_Village/Materials/MI_water.MI_water,/Script/Engine.MaterialInstanceConstant,960,960,0,0,960
/Game/Sci_FI_Valley_Village/Materials/MI_wind_turbine.MI_wind_turbine,/Script/Engine.MaterialInstanceConstant,1320,1320,0,0,2047
/Game/Sci_FI_Valley_Village/Materials/MI_wind_turbine1.MI_wind_turbine1,/Script/Engine.MaterialInstanceConstant,1326,1326,0,0,2050
/Game/Sci_FI_Valley_Village/Materials/MI_wire.MI_wire,/Script/Engine.MaterialInstanceConstant,1290,1290,0,0,1976
/Game/Sci_FI_Valley_Village/Materials/MI_wood.MI_wood,/Script/Engine.MaterialInstanceConstant,1219,1219,0,0,1844
/Game/ShantyTown/DKO_Widget/Materials/MI_Dokyo_01.MI_Dokyo_01,/Script/Engine.MaterialInstanceConstant,4265,4265,0,0,22351
/Game/ShantyTown/Materials/MI_BarbWire_01.MI_BarbWire_01,/Script/Engine.MaterialInstanceConstant,30955,30955,0,0,281589
/Game/ShantyTown/Materials/MI_Boat_01.MI_Boat_01,/Script/Engine.MaterialInstanceConstant,20971,20971,0,0,144558
/Game/ShantyTown/Materials/MI_Boat_02.MI_Boat_02,/Script/Engine.MaterialInstanceConstant,21133,21133,0,0,145428
/Game/ShantyTown/Materials/MI_Chain_Fence_01.MI_Chain_Fence_01,/Script/Engine.MaterialInstanceConstant,30942,30942,0,0,281614
/Game/ShantyTown/Materials/MI_Chain_Fence_Post_01.MI_Chain_Fence_Post_01,/Script/Engine.MaterialInstanceConstant,655,655,0,0,1117
/Game/ShantyTown/Materials/MI_Cinderblock_01.MI_Cinderblock_01,/Script/Engine.MaterialInstanceConstant,20820,20820,0,0,144257
/Game/ShantyTown/Materials/MI_Cladding_01.MI_Cladding_01,/Script/Engine.MaterialInstanceConstant,20411,20411,0,0,143618
/Game/ShantyTown/Materials/MI_Cladding_02.MI_Cladding_02,/Script/Engine.MaterialInstanceConstant,21003,21003,0,0,144979
/Game/ShantyTown/Materials/MI_Cladding_03.MI_Cladding_03,/Script/Engine.MaterialInstanceConstant,20977,20977,0,0,144782
/Game/ShantyTown/Materials/MI_Cladding_04.MI_Cladding_04,/Script/Engine.MaterialInstanceConstant,21021,21021,0,0,144848
/Game/ShantyTown/Materials/MI_Concrete_Pillars_01.MI_Concrete_Pillars_01,/Script/Engine.MaterialInstanceConstant,20425,20425,0,0,143682
/Game/ShantyTown/Materials/MI_Door_01.MI_Door_01,/Script/Engine.MaterialInstanceConstant,20941,20941,0,0,144589
/Game/ShantyTown/Materials/MI_Door_02.MI_Door_02,/Script/Engine.MaterialInstanceConstant,21125,21125,0,0,145187
/Game/ShantyTown/Materials/MI_Fence_Wood_01.MI_Fence_Wood_01,/Script/Engine.MaterialInstanceConstant,20564,20564,0,0,143760
/Game/ShantyTown/Materials/MI_Foliage_01.MI_Foliage_01,/Script/Engine.MaterialInstanceConstant,25665,25665,0,0,213754
/Game/ShantyTown/Materials/MI_Foliage_Still_01.MI_Foliage_Still_01,/Script/Engine.MaterialInstanceConstant,24662,24662,0,0,210694
/Game/ShantyTown/Materials/MI_Grass_01.MI_Grass_01,/Script/Engine.MaterialInstanceConstant,21611,21611,0,0,151164
/Game/ShantyTown/Materials/MI_Grass_02.MI_Grass_02,/Script/Engine.MaterialInstanceConstant,21566,21566,0,0,151080
/Game/ShantyTown/Materials/MI_Landscape_01.MI_Landscape_01,/Script/Engine.MaterialInstanceConstant,6626,6626,0,0,30815
/Game/ShantyTown/Materials/MI_Metal_Plates_01.MI_Metal_Plates_01,/Script/Engine.MaterialInstanceConstant,20965,20965,0,0,144584
/Game/ShantyTown/Materials/MI_Metal_Roof_01.MI_Metal_Roof_01,/Script/Engine.MaterialInstanceConstant,31410,31410,0,0,282760
/Game/ShantyTown/Materials/MI_Metal_Roof_02.MI_Metal_Roof_02,/Script/Engine.MaterialInstanceConstant,31328,31328,0,0,283332
/Game/ShantyTown/Materials/MI_Metal_Roof_03.MI_Metal_Roof_03,/Script/Engine.MaterialInstanceConstant,21162,21162,0,0,145509
/Game/ShantyTown/Materials/MI_Metal_Roof_04.MI_Metal_Roof_04,/Script/Engine.MaterialInstanceConstant,21164,21164,0,0,145509
/Game/ShantyTown/Materials/MI_Mountain_01.MI_Mountain_01,/Script/Engine.MaterialInstanceConstant,4958,4958,0,0,26515
/Game/ShantyTown/Materials/MI_Mountain_03.MI_Mountain_03,/Script/Engine.MaterialInstanceConstant,4995,4995,0,0,26535
/Game/ShantyTown/Materials/MI_Plants_02.MI_Plants_02,/Script/Engine.MaterialInstanceConstant,21595,21595,0,0,151166
/Game/ShantyTown/Materials/MI_Power_Pole_01.MI_Power_Pole_01,/Script/Engine.MaterialInstanceConstant,31090,31090,0,0,282144
/Game/ShantyTown/Materials/MI_Proj_Concrete_01.MI_Proj_Concrete_01,/Script/Engine.MaterialInstanceConstant,945,945,0,0,1484
/Game/ShantyTown/Materials/MI_River_01.MI_River_01,/Script/Engine.MaterialInstanceConstant,863,863,0,0,1285
/Game/ShantyTown/Materials/MI_Road_01.MI_Road_01,/Script/Engine.MaterialInstanceConstant,20476,20476,0,0,143688
/Game/ShantyTown/Materials/MI_Rock_Rough_01.MI_Rock_Rough_01,/Script/Engine.MaterialInstanceConstant,20538,20538,0,0,143738
/Game/ShantyTown/Materials/MI_Stairs_01.MI_Stairs_01,/Script/Engine.MaterialInstanceConstant,21059,21059,0,0,145060
/Game/ShantyTown/Materials/MI_Stone_Steps_01.MI_Stone_Steps_01,/Script/Engine.MaterialInstanceConstant,20422,20422,0,0,143643
/Game/ShantyTown/Materials/MI_Tarpaulin_01.MI_Tarpaulin_01,/Script/Engine.MaterialInstanceConstant,21064,21064,0,0,145357
/Game/ShantyTown/Materials/MI_Trunk_01.MI_Trunk_01,/Script/Engine.MaterialInstanceConstant,25692,25692,0,0,213750
/Game/ShantyTown/Materials/MI_Tyre_01.MI_Tyre_01,/Script/Engine.MaterialInstanceConstant,20451,20451,0,0,143590
/Game/ShantyTown/Materials/MI_Water_Blockage_01.MI_Water_Blockage_01,/Script/Engine.MaterialInstanceConstant,20471,20471,0,0,143668
/Game/ShantyTown/Materials/MI_WoodFrames_01.MI_WoodFrames_01,/Script/Engine.MaterialInstanceConstant,646,646,0,0,1053
/Game/ShantyTown/Materials/MI_WoodFrames_02.MI_WoodFrames_02,/Script/Engine.MaterialInstanceConstant,21158,21158,0,0,145717
/Game/SpaceshipInterior/Materials/MI_Scifi_Bag_01.MI_Scifi_Bag_01,/Script/Engine.MaterialInstanceConstant,721,721,0,0,1223
/Game/SpaceshipInterior/Materials/MI_Scifi_chair.MI_Scifi_Chair,/Script/Engine.MaterialInstanceConstant,719,719,0,0,1233
/Game/SpaceshipInterior/Materials/MI_Scifi_Crate.MI_Scifi_Crate,/Script/Engine.MaterialInstanceConstant,718,718,0,0,1233
/Game/SpaceshipInterior/Materials/MI_Scifi_Door_02.MI_Scifi_Door_02,/Script/Engine.MaterialInstanceConstant,717,717,0,0,1243
/Game/SpaceshipInterior/Materials/MI_Scifi_Fence_01.MI_Scifi_Fence_01,/Script/Engine.MaterialInstanceConstant,790,790,0,0,1388
/Game/SpaceshipInterior/Materials/MI_Scifi_Floor_01.MI_Scifi_Floor_01,/Script/Engine.MaterialInstanceConstant,722,722,0,0,1256
/Game/SpaceshipInterior/Materials/MI_Scifi_Floor_02.MI_Scifi_Floor_02,/Script/Engine.MaterialInstanceConstant,721,721,0,0,1256
/Game/SpaceshipInterior/Materials/MI_Scifi_Floor_04.MI_Scifi_Floor_04,/Script/Engine.MaterialInstanceConstant,723,723,0,0,1256
/Game/SpaceshipInterior/Materials/MI_Scifi_Floor_Grid.MI_Scifi_Floor_Grid,/Script/Engine.MaterialInstanceConstant,786,786,0,0,1418
/Game/SpaceshipInterior/Materials/MI_Scifi_Lamp.MI_Scifi_Lamp,/Script/Engine.MaterialInstanceConstant,722,722,0,0,1228
/Game/SpaceshipInterior/Materials/MI_Scifi_Net.MI_Scifi_Net,/Script/Engine.MaterialInstanceConstant,784,784,0,0,1368
/Game/SpaceshipInterior/Materials/MI_Scifi_Panel.MI_Scifi_Panel,/Script/Engine.MaterialInstanceConstant,719,719,0,0,1232
/Game/SpaceshipInterior/Materials/MI_Scifi_panel_02.MI_Scifi_panel_02,/Script/Engine.MaterialInstanceConstant,729,729,0,0,1256
/Game/SpaceshipInterior/Materials/MI_Scifi_Pillar.MI_Scifi_Pillar,/Script/Engine.MaterialInstanceConstant,718,718,0,0,1252
/Game/SpaceshipInterior/Materials/MI_Scifi_Pipe_01.MI_Scifi_Pipe_01,/Script/Engine.MaterialInstanceConstant,721,721,0,0,1242
/Game/SpaceshipInterior/Materials/MI_Scifi_Wall_01.MI_Scifi_Wall_01,/Script/Engine.MaterialInstanceConstant,721,721,0,0,1242
/Game/SpaceshipInterior/Materials/MI_Scifi_Wall_02.MI_Scifi_Wall_02,/Script/Engine.MaterialInstanceConstant,723,723,0,0,1242
/Game/SpaceshipInterior/Materials/MI_Scifi_Wall_03.MI_Scifi_Wall_03,/Script/Engine.MaterialInstanceConstant,720,720,0,0,1243
/Game/SpaceshipInterior/Materials/MI_Scifi_Wall_05.MI_Scifi_Wall_05,/Script/Engine.MaterialInstanceConstant,725,725,0,0,1243
/Game/SpaceshipInterior/Materials/MI_Scifi_Wall_White.MI_Scifi_Wall_White,/Script/Engine.MaterialInstanceConstant,733,733,0,0,1257
/Game/UI/Foundation/Materials/BlueButton/Button_Base_Blue.Button_Base_Blue,/Script/Engine.MaterialInstanceConstant,5127,5127,0,0,34663
/Game/UI/Foundation/Materials/MI_UI_Button_Base.MI_UI_Button_Base,/Script/Engine.MaterialInstanceConstant,5345,5345,0,0,34999
/Game/UI/Hud/Art/MI_UI_AbilityFailure_Shadow.MI_UI_AbilityFailure_Shadow,/Script/Engine.MaterialInstanceConstant,570,570,0,0,570
/Game/UI/Hud/Art/MI_UI_Accolade_DoubleElimination.MI_UI_Accolade_DoubleElimination,/Script/Engine.MaterialInstanceConstant,5234,5234,0,0,34660
/Game/UI/Hud/Art/MI_UI_Accolade_QuadrupleElimination.MI_UI_Accolade_QuadrupleElimination,/Script/Engine.MaterialInstanceConstant,701,701,0,0,701
/Game/UI/Hud/Art/MI_UI_Accolade_Shadow.MI_UI_Accolade_Shadow,/Script/Engine.MaterialInstanceConstant,5127,5127,0,0,33343
/Game/UI/Hud/Art/MI_UI_Accolade_Streak10.MI_UI_Accolade_Streak10,/Script/Engine.MaterialInstanceConstant,665,665,0,0,665
/Game/UI/Hud/Art/MI_UI_Accolade_Streak15.MI_UI_Accolade_Streak15,/Script/Engine.MaterialInstanceConstant,665,665,0,0,665
/Game/UI/Hud/Art/MI_UI_Accolade_Streak20.MI_UI_Accolade_Streak20,/Script/Engine.MaterialInstanceConstant,665,665,0,0,665
/Game/UI/Hud/Art/MI_UI_Accolade_Streak5.MI_UI_Accolade_Streak5,/Script/Engine.MaterialInstanceConstant,656,656,0,0,656
/Game/UI/Hud/Art/MI_UI_Accolade_TripleElimination.MI_UI_Accolade_TripleElimination,/Script/Engine.MaterialInstanceConstant,690,690,0,0,690
/Game/UI/Hud/Art/MI_UI_AccoladeBorder.MI_UI_AccoladeBorder,/Script/Engine.MaterialInstanceConstant,5157,5157,0,0,34498
/Game/UI/Hud/Art/MI_UI_AccoladeBorder_Text.MI_UI_AccoladeBorder_Text,/Script/Engine.MaterialInstanceConstant,5133,5133,0,0,34482
/Game/UI/Hud/Art/MI_UI_AccoladeStar.MI_UI_AccoladeStar,/Script/Engine.MaterialInstanceConstant,5523,5523,0,0,35978
/Game/UI/Hud/Art/MI_UI_AmmoCounter_Pistol.MI_UI_AmmoCounter_Pistol,/Script/Engine.MaterialInstanceConstant,983,983,0,0,983
/Game/UI/Hud/Art/MI_UI_AmmoCounter_Pistol_Backing.MI_UI_AmmoCounter_Pistol_Backing,/Script/Engine.MaterialInstanceConstant,5314,5314,0,0,35308
/Game/UI/Hud/Art/MI_UI_AmmoCounter_Pistol_Glow.MI_UI_AmmoCounter_Pistol_Glow,/Script/Engine.MaterialInstanceConstant,6171,6171,0,0,39886
/Game/UI/Hud/Art/MI_UI_AmmoCounter_Rifle.MI_UI_AmmoCounter_Rifle,/Script/Engine.MaterialInstanceConstant,1033,1033,0,0,1465
/Game/UI/Hud/Art/MI_UI_AmmoCounter_Rifle_Backing.MI_UI_AmmoCounter_Rifle_Backing,/Script/Engine.MaterialInstanceConstant,5349,5349,0,0,35360
/Game/UI/Hud/Art/MI_UI_AmmoCounter_Rifle_Glow.MI_UI_AmmoCounter_Rifle_Glow,/Script/Engine.MaterialInstanceConstant,6172,6172,0,0,39882
/Game/UI/Hud/Art/MI_UI_AmmoCounter_Shotgun.MI_UI_AmmoCounter_Shotgun,/Script/Engine.MaterialInstanceConstant,983,983,0,0,983
/Game/UI/Hud/Art/MI_UI_AmmoCounter_Shotgun_Backing.MI_UI_AmmoCounter_Shotgun_Backing,/Script/Engine.MaterialInstanceConstant,5359,5359,0,0,35370
/Game/UI/Hud/Art/MI_UI_AmmoCounter_Shotgun_Glow.MI_UI_AmmoCounter_Shotgun_Glow,/Script/Engine.MaterialInstanceConstant,6134,6134,0,0,39815
/Game/UI/Hud/Art/MI_UI_Base_Icon_ElimFeed.MI_UI_Base_Icon_ElimFeed,/Script/Engine.MaterialInstanceConstant,5436,5436,0,0,35351
/Game/UI/Hud/Art/MI_UI_Base_WeaponCard.MI_UI_Base_WeaponCard,/Script/Engine.MaterialInstanceConstant,6057,6057,0,0,43762
/Game/UI/Hud/Art/MI_UI_Base_WeaponCard_CoolDown.MI_UI_Base_WeaponCard_CoolDown,/Script/Engine.MaterialInstanceConstant,6332,6332,0,0,45381
/Game/UI/Hud/Art/MI_UI_Base_WeaponCard_TouchButton.MI_UI_Base_WeaponCard_TouchButton,/Script/Engine.MaterialInstanceConstant,6527,6527,0,0,45151
/Game/UI/Hud/Art/MI_UI_ControlRing_Base.MI_UI_ControlRing_Base,/Script/Engine.MaterialInstanceConstant,1277,1277,0,0,1930
/Game/UI/Hud/Art/MI_UI_ControlRing_Burst.MI_UI_ControlRing_Burst,/Script/Engine.MaterialInstanceConstant,5986,5986,0,0,39534
/Game/UI/Hud/Art/MI_UI_ControlRing_CenterFill.MI_UI_ControlRing_CenterFill,/Script/Engine.MaterialInstanceConstant,5964,5964,0,0,39075
/Game/UI/Hud/Art/MI_UI_ControlRing_Glow.MI_UI_ControlRing_Glow,/Script/Engine.MaterialInstanceConstant,6223,6223,0,0,41426
/Game/UI/Hud/Art/MI_UI_ControlRing_LetterColor.MI_UI_ControlRing_LetterColor,/Script/Engine.MaterialInstanceConstant,729,729,0,0,729
/Game/UI/Hud/Art/MI_UI_ControlRing_Shadow.MI_UI_ControlRing_Shadow,/Script/Engine.MaterialInstanceConstant,563,563,0,0,563
/Game/UI/Hud/Art/MI_UI_ControlRing_SoftGlow.MI_UI_ControlRing_SoftGlow,/Script/Engine.MaterialInstanceConstant,5625,5625,0,0,36556
/Game/UI/Hud/Art/MI_UI_Dash_Backing.MI_UI_Dash_Backing,/Script/Engine.MaterialInstanceConstant,5645,5645,0,0,37206
/Game/UI/Hud/Art/MI_UI_Dash_BarFill.MI_UI_Dash_BarFill,/Script/Engine.MaterialInstanceConstant,5962,5962,0,0,37693
/Game/UI/Hud/Art/MI_UI_Dash_BarGlow.MI_UI_Dash_BarGlow,/Script/Engine.MaterialInstanceConstant,5815,5815,0,0,37799
/Game/UI/Hud/Art/MI_UI_Dash_BarGlow_Boost.MI_UI_Dash_BarGlow_Boost,/Script/Engine.MaterialInstanceConstant,5517,5517,0,0,35927
/Game/UI/Hud/Art/MI_UI_ElimFeed_NameColor.MI_UI_ElimFeed_NameColor,/Script/Engine.MaterialInstanceConstant,4853,4853,0,0,33169
/Game/UI/Hud/Art/MI_UI_ElimFeed_NameGlow.MI_UI_ElimFeed_NameGlow,/Script/Engine.MaterialInstanceConstant,5296,5296,0,0,34264
/Game/UI/Hud/Art/MI_UI_ElimFeed_Shadow.MI_UI_ElimFeed_Shadow,/Script/Engine.MaterialInstanceConstant,5124,5124,0,0,33343
/Game/UI/Hud/Art/MI_UI_HealthBar_BarBorder.MI_UI_HealthBar_BarBorder,/Script/Engine.MaterialInstanceConstant,5958,5958,0,0,39903
/Game/UI/Hud/Art/MI_UI_HealthBar_Fill.MI_UI_HealthBar_Fill,/Script/Engine.MaterialInstanceConstant,1010,1010,0,0,1010
/Game/UI/Hud/Art/MI_UI_HealthBar_Glow.MI_UI_HealthBar_Glow,/Script/Engine.MaterialInstanceConstant,5747,5747,0,0,37830
/Game/UI/Hud/Art/MI_UI_HealthBar_NumberBorder.MI_UI_HealthBar_NumberBorder,/Script/Engine.MaterialInstanceConstant,4928,4928,0,0,33677
/Game/UI/Hud/Art/MI_UI_HealthBar_Shadow.MI_UI_HealthBar_Shadow,/Script/Engine.MaterialInstanceConstant,4830,4830,0,0,32916
/Game/UI/Hud/Art/MI_UI_Icon_Ammo_Card.MI_UI_Icon_Ammo_Card,/Script/Engine.MaterialInstanceConstant,492,492,0,0,492
/Game/UI/Hud/Art/MI_UI_Icon_Ammo_Counter.MI_UI_Icon_Ammo_Counter,/Script/Engine.MaterialInstanceConstant,4896,4896,0,0,33640
/Game/UI/Hud/Art/MI_UI_Icon_ElimFeed_Grenade.MI_UI_Icon_ElimFeed_Grenade,/Script/Engine.MaterialInstanceConstant,668,668,0,0,668
/Game/UI/Hud/Art/MI_UI_Icon_ElimFeed_Melee.MI_UI_Icon_ElimFeed_Melee,/Script/Engine.MaterialInstanceConstant,658,658,0,0,658
/Game/UI/Hud/Art/MI_UI_Icon_ElimFeed_Pistol.MI_UI_Icon_ElimFeed_Pistol,/Script/Engine.MaterialInstanceConstant,660,660,0,0,660
/Game/UI/Hud/Art/MI_UI_Icon_ElimFeed_Rifle.MI_UI_Icon_ElimFeed_Rifle,/Script/Engine.MaterialInstanceConstant,659,659,0,0,659
/Game/UI/Hud/Art/MI_UI_Icon_ElimFeed_SelfElimination.MI_UI_Icon_ElimFeed_SelfElimination,/Script/Engine.MaterialInstanceConstant,692,692,0,0,692
/Game/UI/Hud/Art/MI_UI_Icon_ElimFeed_Shotgun.MI_UI_Icon_ElimFeed_Shotgun,/Script/Engine.MaterialInstanceConstant,669,669,0,0,669
/Game/UI/Hud/Art/MI_UI_QuickBar_AmmoCounterBorder.MI_UI_QuickBar_AmmoCounterBorder,/Script/Engine.MaterialInstanceConstant,4889,4889,0,0,33622
/Game/UI/Hud/Art/MI_UI_QuickBar_Border.MI_UI_QuickBar_Border,/Script/Engine.MaterialInstanceConstant,5235,5235,0,0,34962
/Game/UI/Hud/Art/MI_UI_QuickBar_Border_Square.MI_UI_QuickBar_Border_Square,/Script/Engine.MaterialInstanceConstant,4890,4890,0,0,33614
/Game/UI/Hud/Art/MI_UI_RespawnTimer.MI_UI_RespawnTimer,/Script/Engine.MaterialInstanceConstant,5961,5961,0,0,37218
/Game/UI/Hud/Art/MI_UI_RespawnTimer_Glow.MI_UI_RespawnTimer_Glow,/Script/Engine.MaterialInstanceConstant,5648,5648,0,0,37080
/Game/UI/Hud/Art/MI_UI_RespawnTimer_Shadow.MI_UI_RespawnTimer_Shadow,/Script/Engine.MaterialInstanceConstant,4925,4925,0,0,33363
/Game/UI/Hud/Art/MI_UI_RespawnTimer_SoftGlow.MI_UI_RespawnTimer_SoftGlow,/Script/Engine.MaterialInstanceConstant,5653,5653,0,0,35882
/Game/UI/Hud/Art/MI_UI_RespawnTimer_Text.MI_UI_RespawnTimer_Text,/Script/Engine.MaterialInstanceConstant,4972,4972,0,0,33249
/Game/UI/Hud/Art/MI_UI_Reticles_BaseInstance.MI_UI_Reticles_BaseInstance,/Script/Engine.MaterialInstanceConstant,849,849,0,0,849
/Game/UI/Hud/Art/MI_UI_Reticles_CrossHair_Pistol.MI_UI_Reticles_CrossHair_Pistol,/Script/Engine.MaterialInstanceConstant,656,656,0,0,656
/Game/UI/Hud/Art/MI_UI_Reticles_CrossHair_Rifle.MI_UI_Reticles_CrossHair_Rifle,/Script/Engine.MaterialInstanceConstant,4947,4947,0,0,33826
/Game/UI/Hud/Art/MI_UI_Reticles_CrossHair_Shotgun.MI_UI_Reticles_CrossHair_Shotgun,/Script/Engine.MaterialInstanceConstant,5294,5294,0,0,35003
/Game/UI/Hud/Art/MI_UI_Reticles_EliminationMarker.MI_UI_Reticles_EliminationMarker,/Script/Engine.MaterialInstanceConstant,5334,5334,0,0,35674
/Game/UI/Hud/Art/MI_UI_Reticles_HitMarker.MI_UI_Reticles_HitMarker,/Script/Engine.MaterialInstanceConstant,5326,5326,0,0,34789
/Game/UI/Hud/Art/MI_UI_Reticles_HitMarkerConfirmation.MI_UI_Reticles_HitMarkerConfirmation,/Script/Engine.MaterialInstanceConstant,5346,5346,0,0,35222
/Game/UI/Hud/Art/MI_UI_Reticles_HitMarkerConfirmation_Critical.MI_UI_Reticles_HitMarkerConfirmation_Critical,/Script/Engine.MaterialInstanceConstant,701,701,0,0,701
/Game/UI/Hud/Art/MI_UI_Reticles_Outer_Pistol.MI_UI_Reticles_Outer_Pistol,/Script/Engine.MaterialInstanceConstant,5299,5299,0,0,35637
/Game/UI/Hud/Art/MI_UI_Reticles_Outer_Rifle.MI_UI_Reticles_Outer_Rifle,/Script/Engine.MaterialInstanceConstant,5303,5303,0,0,35637
/Game/UI/Hud/Art/MI_UI_Reticles_Outer_Shotgun.MI_UI_Reticles_Outer_Shotgun,/Script/Engine.MaterialInstanceConstant,5456,5456,0,0,36269
/Game/UI/Hud/Art/MI_UI_Reticles_TargetDot_FourSpread.MI_UI_Reticles_TargetDot_FourSpread,/Script/Engine.MaterialInstanceConstant,734,734,0,0,734
/Game/UI/Hud/Art/MI_UI_Reticles_TargetDot_Single.MI_UI_Reticles_TargetDot_Single,/Script/Engine.MaterialInstanceConstant,5140,5140,0,0,35000
/Game/UI/Hud/Art/MI_UI_TeamScore_Backing.MI_UI_TeamScore_Backing,/Script/Engine.MaterialInstanceConstant,5455,5455,0,0,35757
/Game/UI/Hud/Art/MI_UI_TeamScore_BarFill.MI_UI_TeamScore_BarFill,/Script/Engine.MaterialInstanceConstant,5713,5713,0,0,36841
/Game/UI/Hud/Art/MI_UI_TeamScore_BarFill_Enemy.MI_UI_TeamScore_BarFill_Enemy,/Script/Engine.MaterialInstanceConstant,588,588,0,0,588
/Game/UI/Hud/Art/MI_UI_TeamScore_BarFill_Glow.MI_UI_TeamScore_BarFill_Glow,/Script/Engine.MaterialInstanceConstant,5632,5632,0,0,37087
/Game/UI/Hud/Art/MI_UI_TeamScore_BarFill_Glow_Enemy.MI_UI_TeamScore_BarFill_Glow_Enemy,/Script/Engine.MaterialInstanceConstant,682,682,0,0,682
/Game/UI/Hud/Art/MI_UI_TeamScore_BarFill_NumberGlow.MI_UI_TeamScore_BarFill_NumberGlow,/Script/Engine.MaterialInstanceConstant,5143,5143,0,0,33807
/Game/UI/Hud/Art/MI_UI_TeamScore_BarFill_NumberGlow_Enemy.MI_UI_TeamScore_BarFill_NumberGlow_Enemy,/Script/Engine.MaterialInstanceConstant,623,623,0,0,623
/Game/UI/Hud/Art/MI_UI_TeamScore_Shadow.MI_UI_TeamScore_Shadow,/Script/Engine.MaterialInstanceConstant,4792,4792,0,0,32855
/Game/UI/Hud/Art/MI_UI_TouchCard_ADS.MI_UI_TouchCard_ADS,/Script/Engine.MaterialInstanceConstant,708,708,0,0,708
/Game/UI/Hud/Art/MI_UI_TouchCard_Crouch.MI_UI_TouchCard_Crouch,/Script/Engine.MaterialInstanceConstant,727,727,0,0,727
/Game/UI/Hud/Art/MI_UI_TouchCard_Dash.MI_UI_TouchCard_Dash,/Script/Engine.MaterialInstanceConstant,706,706,0,0,706
/Game/UI/Hud/Art/MI_UI_TouchCard_Emote.MI_UI_TouchCard_Emote,/Script/Engine.MaterialInstanceConstant,657,657,0,0,657
/Game/UI/Hud/Art/MI_UI_TouchCard_Jump.MI_UI_TouchCard_Jump,/Script/Engine.MaterialInstanceConstant,717,717,0,0,717
/Game/UI/Hud/Art/MI_UI_TouchCard_Melee.MI_UI_TouchCard_Melee,/Script/Engine.MaterialInstanceConstant,720,720,0,0,720
/Game/UI/Hud/Art/MI_UI_WeaponCard_CoolDown_Grenade.MI_UI_WeaponCard_CoolDown_Grenade,/Script/Engine.MaterialInstanceConstant,682,682,0,0,682
/Game/UI/Hud/Art/MI_UI_WeaponCard_Glow.MI_UI_WeaponCard_Glow,/Script/Engine.MaterialInstanceConstant,5259,5259,0,0,34195
/Game/UI/Hud/Art/MI_UI_WeaponCard_Glow_Boost.MI_UI_WeaponCard_Glow_Boost,/Script/Engine.MaterialInstanceConstant,671,671,0,0,671
/Game/UI/Hud/Art/MI_UI_WeaponCard_Glow_CoolDown.MI_UI_WeaponCard_Glow_CoolDown,/Script/Engine.MaterialInstanceConstant,5350,5350,0,0,35202
/Game/UI/Hud/Art/MI_UI_WeaponCard_Glow_TouchButton.MI_UI_WeaponCard_Glow_TouchButton,/Script/Engine.MaterialInstanceConstant,586,586,0,0,586
/Game/UI/Menu/Art/Emblem3D/MI_IRONICS_Emblem_Core.MI_IRONICS_Emblem_Core,/Script/Engine.MaterialInstanceConstant,536,536,0,0,536
/Game/UI/Menu/Art/MI_UI_ButtonTileArt.MI_UI_ButtonTileArt,/Script/Engine.MaterialInstanceConstant,434,434,0,0,434
/Game/UI/Menu/Art/MI_UI_CountdownActivatingText.MI_UI_CountdownActivatingText,/Script/Engine.MaterialInstanceConstant,714,714,0,0,714
/Game/UI/Menu/Art/MI_UI_CountdownGlow.MI_UI_CountdownGlow,/Script/Engine.MaterialInstanceConstant,5075,5075,0,0,33652
/Game/UI/Menu/Art/MI_UI_DefaultLoadingScreen.MI_UI_DefaultLoadingScreen,/Script/Engine.MaterialInstanceConstant,5953,5953,0,0,34761
/Game/UI/Menu/Art/MI_UI_ExperienceButton_Base.MI_UI_ExperienceButton_Base,/Script/Engine.MaterialInstanceConstant,908,908,0,0,908
/Game/UI/Menu/Art/MI_UI_ExperienceButton_Base_Ring.MI_UI_ExperienceButton_Base_Ring,/Script/Engine.MaterialInstanceConstant,730,730,0,0,730
/Game/UI/Menu/Art/MI_UI_ExperienceTileArt.MI_UI_ExperienceTileArt,/Script/Engine.MaterialInstanceConstant,5107,5107,0,0,34545
/Game/UI/Menu/Art/MI_UI_FontColor_BoundActionButton.MI_UI_FontColor_BoundActionButton,/Script/Engine.MaterialInstanceConstant,868,868,0,0,868
/Game/UI/Menu/Art/MI_UI_FontColor_BoundActionButton_DebugOnly.MI_UI_FontColor_BoundActionButton_DebugOnly,/Script/Engine.MaterialInstanceConstant,696,696,0,0,696
/Game/UI/Menu/Art/MI_UI_FontColor_CountDownNumbers.MI_UI_FontColor_CountDownNumbers,/Script/Engine.MaterialInstanceConstant,4948,4948,0,0,34392
/Game/UI/Menu/Art/MI_UI_FontColor_MenuButton.MI_UI_FontColor_MenuButton,/Script/Engine.MaterialInstanceConstant,794,794,0,0,794
/Game/UI/Menu/Art/MI_UI_FontColor_SessionButton_High.MI_UI_FontColor_SessionButton_High,/Script/Engine.MaterialInstanceConstant,810,810,0,0,810
/Game/UI/Menu/Art/MI_UI_FontColor_SettingsEntry.MI_UI_FontColor_SettingsEntry,/Script/Engine.MaterialInstanceConstant,802,802,0,0,802
/Game/UI/Menu/Art/MI_UI_FontColor_SettingsEnum.MI_UI_FontColor_SettingsEnum,/Script/Engine.MaterialInstanceConstant,729,729,0,0,729
/Game/UI/Menu/Art/MI_UI_FontColor_SettingsValue.MI_UI_FontColor_SettingsValue,/Script/Engine.MaterialInstanceConstant,4775,4775,0,0,32513
/Game/UI/Menu/Art/MI_UI_FontColor_StartScreen.MI_UI_FontColor_StartScreen,/Script/Engine.MaterialInstanceConstant,584,584,0,0,584
/Game/UI/Menu/Art/MI_UI_FontColor_TabButton.MI_UI_FontColor_TabButton,/Script/Engine.MaterialInstanceConstant,657,657,0,0,657
/Game/UI/Menu/Art/MI_UI_LoadingSoftShadow.MI_UI_LoadingSoftShadow,/Script/Engine.MaterialInstanceConstant,4937,4937,0,0,33603
/Game/UI/Menu/Art/MI_UI_LoadingSymbol.MI_UI_LoadingSymbol,/Script/Engine.MaterialInstanceConstant,5465,5465,0,0,35293
/Game/UI/Menu/Art/MI_UI_LoadingSymbol_Sine.MI_UI_LoadingSymbol_Sine,/Script/Engine.MaterialInstanceConstant,5346,5346,0,0,34913
/Game/UI/Menu/Art/MI_UI_LoadingSymbol_Sine_DefaultLoadingScreen.MI_UI_LoadingSymbol_Sine_DefaultLoadingScreen,/Script/Engine.MaterialInstanceConstant,5498,5498,0,0,35413
/Game/UI/Menu/Art/MI_UI_LoadingSymbol_Sine_Modal.MI_UI_LoadingSymbol_Sine_Modal,/Script/Engine.MaterialInstanceConstant,1021,1021,0,0,1021
/Game/UI/Menu/Art/MI_UI_LoadingTextColor.MI_UI_LoadingTextColor,/Script/Engine.MaterialInstanceConstant,4952,4952,0,0,33249
/Game/UI/Menu/Art/MI_UI_Logo.MI_UI_Logo,/Script/Engine.MaterialInstanceConstant,853,853,0,0,853
/Game/UI/Menu/Art/MI_UI_Logo_Glow.MI_UI_Logo_Glow,/Script/Engine.MaterialInstanceConstant,5559,5559,0,0,36432
/Game/UI/Menu/Art/MI_UI_Logo_Glow_DefaultLoadingScreen.MI_UI_Logo_Glow_DefaultLoadingScreen,/Script/Engine.MaterialInstanceConstant,5616,5616,0,0,36552
/Game/UI/Menu/Art/MI_UI_Logo_SoftGlow.MI_UI_Logo_SoftGlow,/Script/Engine.MaterialInstanceConstant,5135,5135,0,0,33751
/Game/UI/Menu/Art/MI_UI_Logo_SoftGlow_DefaultLoadingScreen.MI_UI_Logo_SoftGlow_DefaultLoadingScreen,/Script/Engine.MaterialInstanceConstant,934,934,0,0,934
/Game/UI/Menu/Art/MI_UI_Logo_SoftGlow_Loading.MI_UI_Logo_SoftGlow_Loading,/Script/Engine.MaterialInstanceConstant,5321,5321,0,0,34900
/Game/UI/Menu/Art/MI_UI_MapTitleBorder.MI_UI_MapTitleBorder,/Script/Engine.MaterialInstanceConstant,661,661,0,0,661
/Game/UI/Menu/Art/MI_UI_MenuBorder_Ring.MI_UI_MenuBorder_Ring,/Script/Engine.MaterialInstanceConstant,5269,5269,0,0,34445
/Game/UI/Menu/Art/MI_UI_MenuBorder_SoftDarkBlue.MI_UI_MenuBorder_SoftDarkBlue,/Script/Engine.MaterialInstanceConstant,6079,6079,0,0,38121
/Game/UI/Menu/Art/MI_UI_MenuBorder_SoftDarkBlue_HighOpacity.MI_UI_MenuBorder_SoftDarkBlue_HighOpacity,/Script/Engine.MaterialInstanceConstant,830,830,0,0,830
/Game/UI/Menu/Art/MI_UI_MenuBorder_SoftDarkBlue_Opaque.MI_UI_MenuBorder_SoftDarkBlue_Opaque,/Script/Engine.MaterialInstanceConstant,704,704,0,0,704
/Game/UI/Menu/Art/MI_UI_MenuButton_Base.MI_UI_MenuButton_Base,/Script/Engine.MaterialInstanceConstant,6845,6845,0,0,45216
/Game/UI/Menu/Art/MI_UI_MenuButton_Base_Glow.MI_UI_MenuButton_Base_Glow,/Script/Engine.MaterialInstanceConstant,5833,5833,0,0,38015
/Game/UI/Menu/Art/MI_UI_MenuButton_Base_Ring.MI_UI_MenuButton_Base_Ring,/Script/Engine.MaterialInstanceConstant,5715,5715,0,0,37933
/Game/UI/Menu/Art/MI_UI_MenuButton_SoftShadow.MI_UI_MenuButton_SoftShadow,/Script/Engine.MaterialInstanceConstant,5711,5711,0,0,37598
/Game/UI/Menu/Art/MI_UI_SafezoneAdjustors.MI_UI_SafezoneAdjustors,/Script/Engine.MaterialInstanceConstant,5331,5331,0,0,35053
/Game/UI/Menu/Art/MI_UI_Scoreboard_BackgroundDim.MI_UI_Scoreboard_BackgroundDim,/Script/Engine.MaterialInstanceConstant,680,680,0,0,680
/Game/UI/Menu/Art/MI_UI_Scoreboard_Glow_Blue.MI_UI_Scoreboard_Glow_Blue,/Script/Engine.MaterialInstanceConstant,5196,5196,0,0,33857
/Game/UI/Menu/Art/MI_UI_Scoreboard_Glow_Red.MI_UI_Scoreboard_Glow_Red,/Script/Engine.MaterialInstanceConstant,803,803,0,0,803
/Game/UI/Menu/Art/MI_UI_ScoreBoard_PingBorder.MI_UI_ScoreBoard_PingBorder,/Script/Engine.MaterialInstanceConstant,596,596,0,0,596
/Game/UI/Menu/Art/MI_UI_ScoreBoard_ScoreFill_Blue.MI_UI_ScoreBoard_ScoreFill_Blue,/Script/Engine.MaterialInstanceConstant,5275,5275,0,0,34691
/Game/UI/Menu/Art/MI_UI_ScoreBoard_ScoreFill_Red.MI_UI_ScoreBoard_ScoreFill_Red,/Script/Engine.MaterialInstanceConstant,686,686,0,0,686
/Game/UI/Menu/Art/MI_UI_ScoreBoard_ScoreHeader_Blue.MI_UI_ScoreBoard_ScoreHeader_Blue,/Script/Engine.MaterialInstanceConstant,5101,5101,0,0,33615
/Game/UI/Menu/Art/MI_UI_ScoreBoard_ScoreHeader_Red.MI_UI_ScoreBoard_ScoreHeader_Red,/Script/Engine.MaterialInstanceConstant,615,615,0,0,615
/Game/UI/Menu/Art/MI_UI_ScrollBar_Base.MI_UI_ScrollBar_Base,/Script/Engine.MaterialInstanceConstant,5186,5186,0,0,34254
/Game/UI/Menu/Art/MI_UI_ScrollBar_Hover.MI_UI_ScrollBar_Hover,/Script/Engine.MaterialInstanceConstant,773,773,0,0,773
/Game/UI/Menu/Art/MI_UI_ScrollBar_Shadow_Bottom.MI_UI_ScrollBar_Shadow_Bottom,/Script/Engine.MaterialInstanceConstant,4786,4786,0,0,33413
/Game/UI/Menu/Art/MI_UI_ScrollBar_Shadow_Left.MI_UI_ScrollBar_Shadow_Left,/Script/Engine.MaterialInstanceConstant,4998,4998,0,0,33696
/Game/UI/Menu/Art/MI_UI_ScrollBar_Shadow_Right.MI_UI_ScrollBar_Shadow_Right,/Script/Engine.MaterialInstanceConstant,727,727,0,0,727
/Game/UI/Menu/Art/MI_UI_ScrollBar_Shadow_Top.MI_UI_ScrollBar_Shadow_Top,/Script/Engine.MaterialInstanceConstant,4792,4792,0,0,33404
/Game/UI/Menu/Art/MI_UI_ScrollBar_Track.MI_UI_ScrollBar_Track,/Script/Engine.MaterialInstanceConstant,4950,4950,0,0,33381
/Game/UI/Menu/Art/MI_UI_SessionButton_Base.MI_UI_SessionButton_Base,/Script/Engine.MaterialInstanceConstant,5841,5841,0,0,41326
/Game/UI/Menu/Art/MI_UI_SessionButton_PingBorder.MI_UI_SessionButton_PingBorder,/Script/Engine.MaterialInstanceConstant,5018,5018,0,0,33519
/Game/UI/Menu/Art/MI_UI_SessionButton_SettingBorder.MI_UI_SessionButton_SettingBorder,/Script/Engine.MaterialInstanceConstant,5078,5078,0,0,34114
/Game/UI/Menu/Art/MI_UI_Settings_ArrowIcon.MI_UI_Settings_ArrowIcon,/Script/Engine.MaterialInstanceConstant,4996,4996,0,0,34727
/Game/UI/Menu/Art/MI_UI_Settings_BodyBorder.MI_UI_Settings_BodyBorder,/Script/Engine.MaterialInstanceConstant,4873,4873,0,0,33551
/Game/UI/Menu/Art/MI_UI_Settings_DiamondIcon.MI_UI_Settings_DiamondIcon,/Script/Engine.MaterialInstanceConstant,5124,5124,0,0,34945
/Game/UI/Menu/Art/MI_UI_Settings_EntryBorder.MI_UI_Settings_EntryBorder,/Script/Engine.MaterialInstanceConstant,5747,5747,0,0,37826
/Game/UI/Menu/Art/MI_UI_Settings_EnumBorder.MI_UI_Settings_EnumBorder,/Script/Engine.MaterialInstanceConstant,5527,5527,0,0,37526
/Game/UI/Menu/Art/MI_UI_Settings_Menu.MI_UI_Settings_Menu,/Script/Engine.MaterialInstanceConstant,5029,5029,0,0,34784
/Game/UI/Menu/Art/MI_UI_Settings_OptionBorder.MI_UI_Settings_OptionBorder,/Script/Engine.MaterialInstanceConstant,5349,5349,0,0,35716
/Game/UI/Menu/Art/MI_UI_Settings_ProgressBar.MI_UI_Settings_ProgressBar,/Script/Engine.MaterialInstanceConstant,5758,5758,0,0,37617
/Game/UI/Menu/Art/MI_UI_Settings_ResetArrow.MI_UI_Settings_ResetArrow,/Script/Engine.MaterialInstanceConstant,5004,5004,0,0,34727
/Game/UI/Menu/Art/MI_UI_Settings_TabHeader.MI_UI_Settings_TabHeader,/Script/Engine.MaterialInstanceConstant,5161,5161,0,0,33918
/Game/UI/Menu/Art/MI_UI_Settings_XMarkIcon.MI_UI_Settings_XMarkIcon,/Script/Engine.MaterialInstanceConstant,653,653,0,0,653
/Game/UI/Menu/Art/MI_UI_SettingsRotator.MI_UI_SettingsRotator,/Script/Engine.MaterialInstanceConstant,790,790,0,0,1137
/Game/UI/Menu/Art/MI_UI_SettingsRotator_SizeB.MI_UI_SettingsRotator_SizeB,/Script/Engine.MaterialInstanceConstant,754,754,0,0,754
/Game/UI/Menu/Art/MI_UI_SettingsRotator_SizeC.MI_UI_SettingsRotator_SizeC,/Script/Engine.MaterialInstanceConstant,760,760,0,0,760
/Game/UI/Menu/Art/MI_UI_SettingsRotator_SizeD.MI_UI_SettingsRotator_SizeD,/Script/Engine.MaterialInstanceConstant,760,760,0,0,760
/Game/UI/Menu/Art/MI_UI_SimpleMenuButton_Base.MI_UI_SimpleMenuButton_Base,/Script/Engine.MaterialInstanceConstant,6222,6222,0,0,40522
/Game/UI/Menu/Art/MI_UI_SimpleMenuButton_DebugOnly.MI_UI_SimpleMenuButton_DebugOnly,/Script/Engine.MaterialInstanceConstant,990,990,0,0,990
/Game/UI/Menu/Art/MI_UI_SimpleSpinner.MI_UI_SimpleSpinner,/Script/Engine.MaterialInstanceConstant,5672,5672,0,0,36448
/Game/UI/Menu/Art/MI_UI_SimpleSpinner_Countdown.MI_UI_SimpleSpinner_Countdown,/Script/Engine.MaterialInstanceConstant,732,732,0,0,732
/Game/UI/Menu/Art/MI_UI_SimpleSpinner_HighContrast.MI_UI_SimpleSpinner_HighContrast,/Script/Engine.MaterialInstanceConstant,666,666,0,0,666
/Game/UI/Menu/Art/MI_UI_StartScreen_Base.MI_UI_StartScreen_Base,/Script/Engine.MaterialInstanceConstant,5889,5889,0,0,39926
/Game/UI/Menu/Art/MI_UI_TabButton_Base.MI_UI_TabButton_Base,/Script/Engine.MaterialInstanceConstant,5801,5801,0,0,38002
/Game/UI/Menu/Art/MI_UI_Teams_BackgroundDim.MI_UI_Teams_BackgroundDim,/Script/Engine.MaterialInstanceConstant,5030,5030,0,0,33731
/Game/UI/Menu/Art/MI_UI_Teams_Base.MI_UI_Teams_Base,/Script/Engine.MaterialInstanceConstant,594,594,0,0,594
/Game/UI/Menu/Art/MI_UI_Teams_BlueTeam.MI_UI_Teams_BlueTeam,/Script/Engine.MaterialInstanceConstant,930,930,0,0,930
/Game/UI/Menu/Art/MI_UI_Teams_BlueTeam_Glow.MI_UI_Teams_BlueTeam_Glow,/Script/Engine.MaterialInstanceConstant,6055,6055,0,0,38929
/Game/UI/Menu/Art/MI_UI_Teams_BlueTeam_HealthBar.MI_UI_Teams_BlueTeam_HealthBar,/Script/Engine.MaterialInstanceConstant,5231,5231,0,0,34517
/Game/UI/Menu/Art/MI_UI_Teams_BlueTeam_Mini.MI_UI_Teams_BlueTeam_Mini,/Script/Engine.MaterialInstanceConstant,5463,5463,0,0,35325
/Game/UI/Menu/Art/MI_UI_Teams_BlueTeam_ScoreCounter.MI_UI_Teams_BlueTeam_ScoreCounter,/Script/Engine.MaterialInstanceConstant,5122,5122,0,0,33984
/Game/UI/Menu/Art/MI_UI_Teams_HealthBarBacking.MI_UI_Teams_HealthBarBacking,/Script/Engine.MaterialInstanceConstant,5023,5023,0,0,34027
/Game/UI/Menu/Art/MI_UI_Teams_LogoBorder.MI_UI_Teams_LogoBorder,/Script/Engine.MaterialInstanceConstant,5113,5113,0,0,34149
/Game/UI/Menu/Art/MI_UI_Teams_NameplateGlow.MI_UI_Teams_NameplateGlow,/Script/Engine.MaterialInstanceConstant,5300,5300,0,0,34276
/Game/UI/Menu/Art/MI_UI_Teams_NameplateShadow.MI_UI_Teams_NameplateShadow,/Script/Engine.MaterialInstanceConstant,5147,5147,0,0,33359
/Game/UI/Menu/Art/MI_UI_Teams_RedTeam.MI_UI_Teams_RedTeam,/Script/Engine.MaterialInstanceConstant,5489,5489,0,0,35443
/Game/UI/Menu/Art/MI_UI_Teams_RedTeam_Glow.MI_UI_Teams_RedTeam_Glow,/Script/Engine.MaterialInstanceConstant,5978,5978,0,0,38751
/Game/UI/Menu/Art/MI_UI_Teams_RedTeam_HealthBar.MI_UI_Teams_RedTeam_HealthBar,/Script/Engine.MaterialInstanceConstant,669,669,0,0,669
/Game/UI/Menu/Art/MI_UI_Teams_RedTeam_ScoreCounter.MI_UI_Teams_RedTeam_ScoreCounter,/Script/Engine.MaterialInstanceConstant,5110,5110,0,0,33972
/Game/UI/Menu/Art/MI_UI_Teams_Ring.MI_UI_Teams_Ring,/Script/Engine.MaterialInstanceConstant,828,828,0,0,828
/Game/UI/Menu/Art/MI_UI_Teams_SoftGlow_Blue.MI_UI_Teams_SoftGlow_Blue,/Script/Engine.MaterialInstanceConstant,5250,5250,0,0,34567
/Game/UI/Menu/Art/MI_UI_Teams_SoftGlow_Red.MI_UI_Teams_SoftGlow_Red,/Script/Engine.MaterialInstanceConstant,802,802,0,0,802
/Game/UI/Menu/Art/MI_UI_Teams_Stripe_Blue.MI_UI_Teams_Stripe_Blue,/Script/Engine.MaterialInstanceConstant,6356,6356,0,0,40142
/Game/UI/Menu/Art/MI_UI_Teams_Stripe_Red.MI_UI_Teams_Stripe_Red,/Script/Engine.MaterialInstanceConstant,865,865,0,0,865
/Game/UI/Menu/Art/MI_UI_Teams_Text_Blue.MI_UI_Teams_Text_Blue,/Script/Engine.MaterialInstanceConstant,5252,5252,0,0,34020
/Game/UI/Menu/Art/MI_UI_Teams_Text_Red.MI_UI_Teams_Text_Red,/Script/Engine.MaterialInstanceConstant,652,652,0,0,652
/Game/UI/Menu/Art/MI_UI_Teams_TextBorder_Blue.MI_UI_Teams_TextBorder_Blue,/Script/Engine.MaterialInstanceConstant,5148,5148,0,0,34503
/Game/UI/Menu/Art/MI_UI_Teams_TextBorder_Red.MI_UI_Teams_TextBorder_Red,/Script/Engine.MaterialInstanceConstant,812,812,0,0,812
/Game/UI/Menu/Art/MI_UI_TileButton_Base.MI_UI_TileButton_Base,/Script/Engine.MaterialInstanceConstant,762,762,0,0,762
/Game/UI/Menu/Art/MI_UI_TileButton_Base_Glow.MI_UI_TileButton_Base_Glow,/Script/Engine.MaterialInstanceConstant,5263,5263,0,0,37017
/Game/UI/Menu/Art/MI_UI_TileButton_Base_Ring.MI_UI_TileButton_Base_Ring,/Script/Engine.MaterialInstanceConstant,840,840,0,0,840
/Game/UI/Menu/Art/MI_UI_WaitingMessageBorder.MI_UI_WaitingMessageBorder,/Script/Engine.MaterialInstanceConstant,4907,4907,0,0,33351
/Game/UI/Menu/Art/MI_UI_WaitingTextColor.MI_UI_WaitingTextColor,/Script/Engine.MaterialInstanceConstant,698,698,0,0,698
/Game/UI/Menu/Art/MI_UI_WaitingTextShadow.MI_UI_WaitingTextShadow,/Script/Engine.MaterialInstanceConstant,5327,5327,0,0,34466
/Game/Weapons/AFL/Skins/MI_AFL_WeaponSkin_NeonCamo_ArcViolet.MI_AFL_WeaponSkin_NeonCamo_ArcViolet,/Script/Engine.MaterialInstanceConstant,4985,4985,0,0,29342
/Game/Weapons/AFL/Skins/MI_AFL_WeaponSkin_NeonCamo_AzureSurge.MI_AFL_WeaponSkin_NeonCamo_AzureSurge,/Script/Engine.MaterialInstanceConstant,4856,4856,0,0,29155
/Game/Weapons/AFL/Skins/MI_AFL_WeaponSkin_NeonCamo_CobaltDeep.MI_AFL_WeaponSkin_NeonCamo_CobaltDeep,/Script/Engine.MaterialInstanceConstant,4848,4848,0,0,29155
/Game/Weapons/AFL/Skins/MI_AFL_WeaponSkin_NeonCamo_CrimsonArc.MI_AFL_WeaponSkin_NeonCamo_CrimsonArc,/Script/Engine.MaterialInstanceConstant,4855,4855,0,0,29155
/Game/Weapons/AFL/Skins/MI_AFL_WeaponSkin_NeonCamo_CyanMagenta.MI_AFL_WeaponSkin_NeonCamo_CyanMagenta,/Script/Engine.MaterialInstanceConstant,769,769,0,0,769
/Game/Weapons/AFL/Skins/MI_AFL_WeaponSkin_NeonCamo_ElectricBlue.MI_AFL_WeaponSkin_NeonCamo_ElectricBlue,/Script/Engine.MaterialInstanceConstant,4977,4977,0,0,29350
/Game/Weapons/AFL/Skins/MI_AFL_WeaponSkin_NeonCamo_EmeraldPlasma.MI_AFL_WeaponSkin_NeonCamo_EmeraldPlasma,/Script/Engine.MaterialInstanceConstant,4855,4855,0,0,29163
/Game/Weapons/AFL/Skins/MI_AFL_WeaponSkin_NeonCamo_GoldPlasma.MI_AFL_WeaponSkin_NeonCamo_GoldPlasma,/Script/Engine.MaterialInstanceConstant,4853,4853,0,0,29155
/Game/Weapons/AFL/Skins/MI_AFL_WeaponSkin_NeonCamo_HotPink.MI_AFL_WeaponSkin_NeonCamo_HotPink,/Script/Engine.MaterialInstanceConstant,4926,4926,0,0,29258
/Game/Weapons/AFL/Skins/MI_AFL_WeaponSkin_NeonCamo_IceCyan.MI_AFL_WeaponSkin_NeonCamo_IceCyan,/Script/Engine.MaterialInstanceConstant,761,761,0,0,761
/Game/Weapons/AFL/Skins/MI_AFL_WeaponSkin_NeonCamo_NeonOrchid.MI_AFL_WeaponSkin_NeonCamo_NeonOrchid,/Script/Engine.MaterialInstanceConstant,4860,4860,0,0,29155
/Game/Weapons/AFL/Skins/MI_AFL_WeaponSkin_NeonCamo_NeonScarlet.MI_AFL_WeaponSkin_NeonCamo_NeonScarlet,/Script/Engine.MaterialInstanceConstant,4859,4859,0,0,29163
/Game/Weapons/AFL/Skins/MI_AFL_WeaponSkin_NeonCamo_SapphireNight.MI_AFL_WeaponSkin_NeonCamo_SapphireNight,/Script/Engine.MaterialInstanceConstant,4858,4858,0,0,29163
/Game/Weapons/AFL/Skins/MI_AFL_WeaponSkin_NeonCamo_SolarFlare.MI_AFL_WeaponSkin_NeonCamo_SolarFlare,/Script/Engine.MaterialInstanceConstant,4848,4848,0,0,29155
/Game/Weapons/AFL/Skins/MI_AFL_WeaponSkin_NeonCamo_VoidViolet.MI_AFL_WeaponSkin_NeonCamo_VoidViolet,/Script/Engine.MaterialInstanceConstant,4850,4850,0,0,29155
/Game/Weapons/Generic/Materials/MI_InternalShapeGlow2_NoPattern.MI_InternalShapeGlow2_NoPattern,/Script/Engine.MaterialInstanceConstant,828,828,0,0,828
/Game/Weapons/Generic/Materials/MI_InternalShapeGlow_MinorPattern.MI_InternalShapeGlow_MinorPattern,/Script/Engine.MaterialInstanceConstant,4899,4899,0,0,27113
/Game/Weapons/Generic/Materials/MI_InternalShapeGlow_NoPattern.MI_InternalShapeGlow_NoPattern,/Script/Engine.MaterialInstanceConstant,4519,4519,0,0,25524
/Game/Weapons/Grenade/Material/MI_Weapon_Grenade.MI_Weapon_Grenade,/Script/Engine.MaterialInstanceConstant,914,914,0,0,1476
/Game/Weapons/Healthpack/Material/MI_Item_HealthPackFull.MI_Item_HealthPackFull,/Script/Engine.MaterialInstanceConstant,1151,1151,0,0,1902
/Game/Weapons/Healthpack/Material/MI_Item_HealthPackPart.MI_Item_HealthPackPart,/Script/Engine.MaterialInstanceConstant,884,884,0,0,1498
/Game/Weapons/Material/M_GrenadeLauncher_Mat_Inst.M_GrenadeLauncher_Mat_Inst,/Script/Engine.MaterialInstanceConstant,766,766,0,0,1323
/Game/Weapons/Pistol/Materials/MI_Weapon_Pistol.MI_Weapon_Pistol,/Script/Engine.MaterialInstanceConstant,1072,1072,0,0,1704
/Game/Weapons/Rifle/Materials/MI_Weapon_Rifle.MI_Weapon_Rifle,/Script/Engine.MaterialInstanceConstant,1171,1171,0,0,1847
/Game/Weapons/Shotgun/Materials/MI_Weapon_Shotgun.MI_Weapon_Shotgun,/Script/Engine.MaterialInstanceConstant,1124,1124,0,0,1788
/Game/Weapons/Spawnpad/Material/MI_InternalShapeGlow.MI_InternalShapeGlow,/Script/Engine.MaterialInstanceConstant,793,793,0,0,793
/Game/Weapons/Spawnpad/Material/MI_InternalShapeGlow_Circle.MI_InternalShapeGlow_Circle,/Script/Engine.MaterialInstanceConstant,4832,4832,0,0,27022
/Game/Weapons/Spawnpad/Material/MI_InternalShapeGlow_Hex.MI_InternalShapeGlow_Hex,/Script/Engine.MaterialInstanceConstant,4839,4839,0,0,27014
/Game/Weapons/Spawnpad/Material/MI_InternalShapeGlow_Square.MI_InternalShapeGlow_Square,/Script/Engine.MaterialInstanceConstant,685,685,0,0,685
/InterchangeAssets/gltf/MaterialInstances/MI_ClearCoat_Blend.MI_ClearCoat_Blend,/Script/Engine.MaterialInstanceConstant,8896,8896,0,0,67852
/InterchangeAssets/gltf/MaterialInstances/MI_ClearCoat_Blend_DS.MI_ClearCoat_Blend_DS,/Script/Engine.MaterialInstanceConstant,10298,10298,0,0,73810
/InterchangeAssets/gltf/MaterialInstances/MI_ClearCoat_Mask.MI_ClearCoat_Mask,/Script/Engine.MaterialInstanceConstant,14385,14385,0,0,98689
/InterchangeAssets/gltf/MaterialInstances/MI_ClearCoat_Mask_DS.MI_ClearCoat_Mask_DS,/Script/Engine.MaterialInstanceConstant,14387,14387,0,0,98703
/InterchangeAssets/gltf/MaterialInstances/MI_ClearCoat_Opaque.MI_ClearCoat_Opaque,/Script/Engine.MaterialInstanceConstant,625,625,0,0,625
/InterchangeAssets/gltf/MaterialInstances/MI_ClearCoat_Opaque_DS.MI_ClearCoat_Opaque_DS,/Script/Engine.MaterialInstanceConstant,8376,8376,0,0,67291
/InterchangeAssets/gltf/MaterialInstances/MI_Default_Blend.MI_Default_Blend,/Script/Engine.MaterialInstanceConstant,7552,7552,0,0,62834
/InterchangeAssets/gltf/MaterialInstances/MI_Default_Blend_DS.MI_Default_Blend_DS,/Script/Engine.MaterialInstanceConstant,9381,9381,0,0,68824
/InterchangeAssets/gltf/MaterialInstances/MI_Default_Mask.MI_Default_Mask,/Script/Engine.MaterialInstanceConstant,13677,13677,0,0,93535
/InterchangeAssets/gltf/MaterialInstances/MI_Default_Mask_DS.MI_Default_Mask_DS,/Script/Engine.MaterialInstanceConstant,13519,13519,0,0,93541
/InterchangeAssets/gltf/MaterialInstances/MI_Default_Opaque.MI_Default_Opaque,/Script/Engine.MaterialInstanceConstant,622,622,0,0,622
/InterchangeAssets/gltf/MaterialInstances/MI_Default_Opaque_DS.MI_Default_Opaque_DS,/Script/Engine.MaterialInstanceConstant,7327,7327,0,0,62143
/InterchangeAssets/gltf/MaterialInstances/MI_Sheen_Blend.MI_Sheen_Blend,/Script/Engine.MaterialInstanceConstant,7559,7559,0,0,64414
/InterchangeAssets/gltf/MaterialInstances/MI_Sheen_Blend_DS.MI_Sheen_Blend_DS,/Script/Engine.MaterialInstanceConstant,9588,9588,0,0,70372
/InterchangeAssets/gltf/MaterialInstances/MI_Sheen_Mask.MI_Sheen_Mask,/Script/Engine.MaterialInstanceConstant,13148,13148,0,0,89495
/InterchangeAssets/gltf/MaterialInstances/MI_Sheen_Mask_DS.MI_Sheen_Mask_DS,/Script/Engine.MaterialInstanceConstant,13137,13137,0,0,89509
/InterchangeAssets/gltf/MaterialInstances/MI_Sheen_Opaque.MI_Sheen_Opaque,/Script/Engine.MaterialInstanceConstant,613,613,0,0,613
/InterchangeAssets/gltf/MaterialInstances/MI_Sheen_Opaque_DS.MI_Sheen_Opaque_DS,/Script/Engine.MaterialInstanceConstant,7074,7074,0,0,58211
/InterchangeAssets/gltf/MaterialInstances/MI_SpecularGlossiness_Blend.MI_SpecularGlossiness_Blend,/Script/Engine.MaterialInstanceConstant,6845,6845,0,0,54934
/InterchangeAssets/gltf/MaterialInstances/MI_SpecularGlossiness_Blend_DS.MI_SpecularGlossiness_Blend_DS,/Script/Engine.MaterialInstanceConstant,7069,7069,0,0,60924
/InterchangeAssets/gltf/MaterialInstances/MI_SpecularGlossiness_Mask.MI_SpecularGlossiness_Mask,/Script/Engine.MaterialInstanceConstant,11678,11678,0,0,79871
/InterchangeAssets/gltf/MaterialInstances/MI_SpecularGlossiness_Mask_DS.MI_SpecularGlossiness_Mask_DS,/Script/Engine.MaterialInstanceConstant,11697,11697,0,0,79885
/InterchangeAssets/gltf/MaterialInstances/MI_SpecularGlossiness_Opaque.MI_SpecularGlossiness_Opaque,/Script/Engine.MaterialInstanceConstant,657,657,0,0,657
/InterchangeAssets/gltf/MaterialInstances/MI_SpecularGlossiness_Opaque_DS.MI_SpecularGlossiness_Opaque_DS,/Script/Engine.MaterialInstanceConstant,6203,6203,0,0,48471
/InterchangeAssets/gltf/MaterialInstances/MI_Transmission.MI_Transmission,/Script/Engine.MaterialInstanceConstant,621,621,0,0,621
/InterchangeAssets/gltf/MaterialInstances/MI_Transmission_DS.MI_Transmission_DS,/Script/Engine.MaterialInstanceConstant,8405,8405,0,0,67220
/InterchangeAssets/gltf/MaterialInstances/MI_Unlit_Blend.MI_Unlit_Blend,/Script/Engine.MaterialInstanceConstant,5502,5502,0,0,38650
/InterchangeAssets/gltf/MaterialInstances/MI_Unlit_Blend_DS.MI_Unlit_Blend_DS,/Script/Engine.MaterialInstanceConstant,5869,5869,0,0,44472
/InterchangeAssets/gltf/MaterialInstances/MI_Unlit_Mask.MI_Unlit_Mask,/Script/Engine.MaterialInstanceConstant,14554,14554,0,0,99508
/InterchangeAssets/gltf/MaterialInstances/MI_Unlit_Mask_DS.MI_Unlit_Mask_DS,/Script/Engine.MaterialInstanceConstant,14618,14618,0,0,99538
/InterchangeAssets/gltf/MaterialInstances/MI_Unlit_Opaque.MI_Unlit_Opaque,/Script/Engine.MaterialInstanceConstant,542,542,0,0,542
/InterchangeAssets/gltf/MaterialInstances/MI_Unlit_Opaque_DS.MI_Unlit_Opaque_DS,/Script/Engine.MaterialInstanceConstant,5892,5892,0,0,41212
/LyraExampleContent/Materials/MI_Black_GlossFakeFloor.MI_Black_GlossFakeFloor,/Script/Engine.MaterialInstanceConstant,1304,1304,0,0,2009
/LyraExampleContent/Materials/MI_Glass_Panels_2.MI_Glass_Panels_2,/Script/Engine.MaterialInstanceConstant,773,773,0,0,1119
/LyraExampleContent/Materials/MI_Glass_Tile.MI_Glass_Tile,/Script/Engine.MaterialInstanceConstant,1020,1020,0,0,1020
/LyraExampleContent/Materials/MI_Glass_Tile1.MI_Glass_Tile1,/Script/Engine.MaterialInstanceConstant,5415,5415,0,0,32266
/LyraExampleContent/Materials/MI_GlassA_1.MI_GlassA_1,/Script/Engine.MaterialInstanceConstant,1075,1075,0,0,1591
/LyraExampleContent/Materials/MI_GlassA_2.MI_GlassA_2,/Script/Engine.MaterialInstanceConstant,1072,1072,0,0,1573
/LyraExampleContent/Materials/MI_GlassA_3.MI_GlassA_3,/Script/Engine.MaterialInstanceConstant,1071,1071,0,0,1573
/LyraExampleContent/Materials/MI_GlassB_1.MI_GlassB_1,/Script/Engine.MaterialInstanceConstant,565,565,0,0,565
/LyraExampleContent/Materials/MI_GlassEdge.MI_GlassEdge,/Script/Engine.MaterialInstanceConstant,645,645,0,0,645
/LyraExampleContent/Materials/MI_MetalChroma.MI_MetalChroma,/Script/Engine.MaterialInstanceConstant,5464,5464,0,0,30476
/LyraExampleContent/Materials/MI_MS_Basic_Metal.MI_MS_Basic_Metal,/Script/Engine.MaterialInstanceConstant,1028,1028,0,0,1541
/LyraExampleContent/Materials/MI_MS_Blue_1.MI_MS_Blue_1,/Script/Engine.MaterialInstanceConstant,6715,6715,0,0,41459
/LyraExampleContent/Materials/MI_MS_Blue_2.MI_MS_Blue_2,/Script/Engine.MaterialInstanceConstant,1238,1238,0,0,1857
/LyraExampleContent/Materials/MI_MS_Orange_1.MI_MS_Orange_1,/Script/Engine.MaterialInstanceConstant,6753,6753,0,0,41520
/LyraExampleContent/Materials/MI_MS_Red_1.MI_MS_Red_1,/Script/Engine.MaterialInstanceConstant,1231,1231,0,0,1915
/LyraExampleContent/Materials/MI_MS_Surface_1.MI_MS_Surface_1,/Script/Engine.MaterialInstanceConstant,1114,1114,0,0,1715
/LyraExampleContent/Materials/MI_MS_Surface_2.MI_MS_Surface_2,/Script/Engine.MaterialInstanceConstant,1070,1070,0,0,1651
/LyraExampleContent/Materials/MI_MS_Surface_3.MI_MS_Surface_3,/Script/Engine.MaterialInstanceConstant,1070,1070,0,0,1638
/LyraExampleContent/Materials/MI_MS_Surface_4.MI_MS_Surface_4,/Script/Engine.MaterialInstanceConstant,6453,6453,0,0,38524
/LyraExampleContent/Materials/MI_MS_Surface_5.MI_MS_Surface_5,/Script/Engine.MaterialInstanceConstant,1046,1046,0,0,1608
/LyraExampleContent/Materials/MI_MS_Surface_6.MI_MS_Surface_6,/Script/Engine.MaterialInstanceConstant,2158,2158,0,0,3392
/LyraExampleContent/Materials/MI_MS_Surface_7.MI_MS_Surface_7,/Script/Engine.MaterialInstanceConstant,6836,6836,0,0,41680
/LyraExampleContent/Materials/MI_MS_Surface_8.MI_MS_Surface_8,/Script/Engine.MaterialInstanceConstant,6494,6494,0,0,38577
/LyraExampleContent/Materials/MI_MS_Surface_12.MI_MS_Surface_12,/Script/Engine.MaterialInstanceConstant,1293,1293,0,0,1991
/LyraExampleContent/Materials/MI_MS_Surface_13.MI_MS_Surface_13,/Script/Engine.MaterialInstanceConstant,1290,1290,0,0,1991
/LyraExampleContent/Materials/MI_MS_Surface_14.MI_MS_Surface_14,/Script/Engine.MaterialInstanceConstant,1294,1294,0,0,1978
/LyraExampleContent/Materials/MI_MS_Surface_Wall_1.MI_MS_Surface_Wall_1,/Script/Engine.MaterialInstanceConstant,6717,6717,0,0,41580
/LyraExampleContent/Materials/MI_MS_Surface_Wall_2.MI_MS_Surface_Wall_2,/Script/Engine.MaterialInstanceConstant,6414,6414,0,0,38567
/LyraExampleContent/Materials/MI_MS_Surface_Wall_3.MI_MS_Surface_Wall_3,/Script/Engine.MaterialInstanceConstant,1040,1040,0,0,1739
/LyraExampleContent/Materials/MI_Tile_1.MI_Tile_1,/Script/Engine.MaterialInstanceConstant,738,738,0,0,738
/LyraExampleContent/Materials/MI_tintedGlassTile_Y.MI_tintedGlassTile_Y,/Script/Engine.MaterialInstanceConstant,5099,5099,0,0,30382
/LyraExampleContent/MSPresets/M_MS_Surface_Material/MI_SurfaceGridBase.MI_SurfaceGridBase,/Script/Engine.MaterialInstanceConstant,5756,5756,0,0,37377
/Paper2D/MaskedUnlitSpriteMaterial.MaskedUnlitSpriteMaterial,/Script/Engine.MaterialInstanceConstant,491,491,0,0,491
/Paper2D/OpaqueUnlitSpriteMaterial.OpaqueUnlitSpriteMaterial,/Script/Engine.MaterialInstanceConstant,5324,5324,0,0,33118
/ShooterCore/Effects/Material/M_Launcher_Inst.M_Launcher_Inst,/Script/Engine.MaterialInstanceConstant,563,563,0,0,563
/ShooterCore/Effects/Material/M_Launcher_Inst1.M_Launcher_Inst1,/Script/Engine.MaterialInstanceConstant,571,571,0,0,571
/ShooterCore/Effects/Material/M_Launcher_Inst1_3.M_Launcher_Inst1_3,/Script/Engine.MaterialInstanceConstant,571,571,0,0,571
/ShooterCore/Effects/Material/M_Launcher_Inst1_4.M_Launcher_Inst1_4,/Script/Engine.MaterialInstanceConstant,571,571,0,0,571
/ShooterCore/Effects/Material/M_Launcher_Inst3.M_Launcher_Inst3,/Script/Engine.MaterialInstanceConstant,571,571,0,0,571
/ShooterCore/Effects/Material/M_Launcher_Inst5.M_Launcher_Inst5,/Script/Engine.MaterialInstanceConstant,571,571,0,0,571
/ShooterCore/Effects/Material/MI_WeaponSpawnerTimerIndicator.MI_WeaponSpawnerTimerIndicator,/Script/Engine.MaterialInstanceConstant,717,717,0,0,717
/ShooterCore/UserInterface/HUD/M_UI_RadialProgress_Ability.M_UI_RadialProgress_Ability,/Script/Engine.MaterialInstanceConstant,719,719,0,0,719
/ShooterCore/UserInterface/HUD/MI_UI_AmmoArc.MI_UI_AmmoArc,/Script/Engine.MaterialInstanceConstant,5672,5672,0,0,37848
/TopDownArena/Game/Environment/MI_DestructibleBlock.MI_DestructibleBlock,/Script/Engine.MaterialInstanceConstant,456,456,0,0,456
/TopDownArena/Game/Environment/MI_GroundFloor.MI_GroundFloor,/Script/Engine.MaterialInstanceConstant,895,895,0,0,895
/ARUtilities/Materials/DummyExternalTexture.DummyExternalTexture,/Script/MediaAssets.MediaTexture,325,325,0,0,325
/CommonUI/DefaultMediaTexture.DefaultMediaTexture,/Script/MediaAssets.MediaTexture,333,333,0,0,333
/Composure/Materials/Media/T_EmptyMediaTexture.T_EmptyMediaTexture,/Script/MediaAssets.MediaTexture,354,354,0,0,354
/WebBrowserWidget/WebTexture_T.WebTexture_T,/Script/MediaAssets.MediaTexture,309,309,0,0,309
/ARUtilities/Materials/MF_DistanceColorLerp.MF_DistanceColorLerp,/Script/Engine.MaterialFunction,338,338,0,0,338
/Composure/Materials/ChromaKeying/Bias.Bias,/Script/Engine.MaterialFunction,325,325,0,0,325
/Composure/Materials/ChromaKeying/MF_KeyColorMask.MF_KeyColorMask,/Script/Engine.MaterialFunction,338,338,0,0,338
/Composure/Materials/Compositing/PreMult.PreMult,/Script/Engine.MaterialFunction,325,325,0,0,325
/Composure/Materials/Compositing/Radial.Radial,/Script/Engine.MaterialFunction,325,325,0,0,325
/Composure/Materials/Compositing/UnpreMult.UnpreMult,/Script/Engine.MaterialFunction,333,333,0,0,333
/Engine/EditorMaterials/TilingAAGrid.TilingAAGrid,/Script/Engine.MaterialFunction,322,322,0,0,322
/Engine/EditorMaterials/TilingAALineBoxFiltered.TilingAALineBoxFiltered,/Script/Engine.MaterialFunction,346,346,0,0,346
/Engine/EditorMaterials/TilingAALineIntegral.TilingAALineIntegral,/Script/Engine.MaterialFunction,338,338,0,0,338
/Engine/Functions/Engine_MaterialFunctions01/AlphaBlend/WorldAlignedBlend.WorldAlignedBlend,/Script/Engine.MaterialFunction,373,373,0,0,373
/Engine/Functions/Engine_MaterialFunctions01/Chromakeying/DespillByAvg.DespillByAvg,/Script/Engine.MaterialFunction,405,405,0,0,405
/Engine/Functions/Engine_MaterialFunctions01/Chromakeying/RGBtoHSV.RGBtoHSV,/Script/Engine.MaterialFunction,357,357,0,0,357
/Engine/Functions/Engine_MaterialFunctions01/Debug/DebugIntValues.DebugIntValues,/Script/Engine.MaterialFunction,452,452,0,0,452
/Engine/Functions/Engine_MaterialFunctions01/Density/ExponentialDensity.ExponentialDensity,/Script/Engine.MaterialFunction,533,533,0,0,533
/Engine/Functions/Engine_MaterialFunctions01/Gradient/BoxMask-2D.BoxMask-2D,/Script/Engine.MaterialFunction,419,419,0,0,419
/Engine/Functions/Engine_MaterialFunctions01/Gradient/DiamondGradient.DiamondGradient,/Script/Engine.MaterialFunction,420,420,0,0,420
/Engine/Functions/Engine_MaterialFunctions01/Gradient/LinearGradient.LinearGradient,/Script/Engine.MaterialFunction,441,441,0,0,441
/Engine/Functions/Engine_MaterialFunctions01/Gradient/RadialGradientExponential.RadialGradientExponential,/Script/Engine.MaterialFunction,500,500,0,0,500
/Engine/Functions/Engine_MaterialFunctions01/Gradient/SphereGradient-2D.SphereGradient-2D,/Script/Engine.MaterialFunction,458,458,0,0,458
/Engine/Functions/Engine_MaterialFunctions01/ImageAdjustment/CheapContrast.CheapContrast,/Script/Engine.MaterialFunction,447,447,0,0,447
/Engine/Functions/Engine_MaterialFunctions01/ImageAdjustment/SCurve.SCurve,/Script/Engine.MaterialFunction,399,399,0,0,399
/Engine/Functions/Engine_MaterialFunctions01/Opacity/CameraDepthFade.CameraDepthFade,/Script/Engine.MaterialFunction,491,491,0,0,491
/Engine/Functions/Engine_MaterialFunctions01/Shading/ConvertFromDiffSpec.ConvertFromDiffSpec,/Script/Engine.MaterialFunction,370,370,0,0,370
/Engine/Functions/Engine_MaterialFunctions01/Shading/PowerToRoughness.PowerToRoughness,/Script/Engine.MaterialFunction,362,362,0,0,362
/Engine/Functions/Engine_MaterialFunctions01/SpeedTree/SpeedTreeColorVariation.SpeedTreeColorVariation,/Script/Engine.MaterialFunction,470,470,0,0,470
/Engine/Functions/Engine_MaterialFunctions01/Texturing/ComputeMipLevel.ComputeMipLevel,/Script/Engine.MaterialFunction,365,365,0,0,365
/Engine/Functions/Engine_MaterialFunctions01/Texturing/FlattenNormal.FlattenNormal,/Script/Engine.MaterialFunction,400,400,0,0,400
/Engine/Functions/Engine_MaterialFunctions01/Texturing/ParallaxOcclusionMapping.ParallaxOcclusionMapping,/Script/Engine.MaterialFunction,738,738,0,0,738
/Engine/Functions/Engine_MaterialFunctions01/Texturing/ScaleUVsAroundPoint.ScaleUVsAroundPoint,/Script/Engine.MaterialFunction,373,373,0,0,373
/Engine/Functions/Engine_MaterialFunctions01/Texturing/ScaleUVsByCenter.ScaleUVsByCenter,/Script/Engine.MaterialFunction,365,365,0,0,365
/Engine/Functions/Engine_MaterialFunctions01/Texturing/SpiralBlur-SceneTexture.SpiralBlur-SceneTexture,/Script/Engine.MaterialFunction,457,457,0,0,457
/Engine/Functions/Engine_MaterialFunctions01/Texturing/TextureCropping.TextureCropping,/Script/Engine.MaterialFunction,483,483,0,0,483
/Engine/Functions/Engine_MaterialFunctions01/Texturing/WorldAlignedNormal.WorldAlignedNormal,/Script/Engine.MaterialFunction,409,409,0,0,409
/Engine/Functions/Engine_MaterialFunctions01/Texturing/WorldAlignedTexture.WorldAlignedTexture,/Script/Engine.MaterialFunction,409,409,0,0,409
/Engine/Functions/Engine_MaterialFunctions01/Units/Km-to-Cm.Km-to-Cm,/Script/Engine.MaterialFunction,400,400,0,0,400
/Engine/Functions/Engine_MaterialFunctions01/WorldPositionOffset/SimpleGrassWind.SimpleGrassWind,/Script/Engine.MaterialFunction,486,486,0,0,486
/Engine/Functions/Engine_MaterialFunctions02/Gradients/StretchGradient.StretchGradient,/Script/Engine.MaterialFunction,547,547,0,0,547
/Engine/Functions/Engine_MaterialFunctions02/HueShift.HueShift,/Script/Engine.MaterialFunction,376,376,0,0,376
/Engine/Functions/Engine_MaterialFunctions02/Lerp_Multiple_Float.Lerp_Multiple_Float,/Script/Engine.MaterialFunction,418,418,0,0,418
/Engine/Functions/Engine_MaterialFunctions02/Math/AddComponents.AddComponents,/Script/Engine.MaterialFunction,433,433,0,0,433
/Engine/Functions/Engine_MaterialFunctions02/Math/CreateThirdOrthogonalVector.CreateThirdOrthogonalVector,/Script/Engine.MaterialFunction,582,582,0,0,582
/Engine/Functions/Engine_MaterialFunctions02/Math/InverseTransformMatrix.InverseTransformMatrix,/Script/Engine.MaterialFunction,415,415,0,0,415
/Engine/Functions/Engine_MaterialFunctions02/Math/TimeWithSpeedVariable.TimeWithSpeedVariable,/Script/Engine.MaterialFunction,456,456,0,0,456
/Engine/Functions/Engine_MaterialFunctions02/Math/Transform3x3Matrix.Transform3x3Matrix,/Script/Engine.MaterialFunction,407,407,0,0,407
/Engine/Functions/Engine_MaterialFunctions02/Math/TransformToZVector.TransformToZVector,/Script/Engine.MaterialFunction,522,522,0,0,522
/Engine/Functions/Engine_MaterialFunctions02/ObjectLocalBounds.ObjectLocalBounds,/Script/Engine.MaterialFunction,354,354,0,0,354
/Engine/Functions/Engine_MaterialFunctions02/SafeNormalize.SafeNormalize,/Script/Engine.MaterialFunction,565,565,0,0,565
/Engine/Functions/Engine_MaterialFunctions02/SmoothStep.SmoothStep,/Script/Engine.MaterialFunction,396,396,0,0,396
/Engine/Functions/Engine_MaterialFunctions02/SplitComponents.SplitComponents,/Script/Engine.MaterialFunction,357,357,0,0,357
/Engine/Functions/Engine_MaterialFunctions02/Texturing/CustomRotator.CustomRotator,/Script/Engine.MaterialFunction,502,502,0,0,502
/Engine/Functions/Engine_MaterialFunctions02/Texturing/ScreenAlignedPixelToPixelUVs.ScreenAlignedPixelToPixelUVs,/Script/Engine.MaterialFunction,603,603,0,0,603
/Engine/Functions/Engine_MaterialFunctions02/Texturing/WorldPositionWithScale.WorldPositionWithScale,/Script/Engine.MaterialFunction,459,459,0,0,459
/Engine/Functions/Engine_MaterialFunctions02/TransformToClipSpace.TransformToClipSpace,/Script/Engine.MaterialFunction,365,365,0,0,365
/Engine/Functions/Engine_MaterialFunctions02/Utility/AppendMany.AppendMany,/Script/Engine.MaterialFunction,424,424,0,0,424
/Engine/Functions/Engine_MaterialFunctions02/Utility/BlendAngleCorrectedNormals.BlendAngleCorrectedNormals,/Script/Engine.MaterialFunction,520,520,0,0,520
/Engine/Functions/Engine_MaterialFunctions02/Utility/BreakOutFloat2Components.BreakOutFloat2Components,/Script/Engine.MaterialFunction,494,494,0,0,494
/Engine/Functions/Engine_MaterialFunctions02/Utility/BreakOutFloat3Components.BreakOutFloat3Components,/Script/Engine.MaterialFunction,494,494,0,0,494
/Engine/Functions/Engine_MaterialFunctions02/Utility/BreakOutFloat4Components.BreakOutFloat4Components,/Script/Engine.MaterialFunction,494,494,0,0,494
/Engine/Functions/Engine_MaterialFunctions02/Utility/BumpOffset_Advanced.BumpOffset_advanced,/Script/Engine.MaterialFunction,373,373,0,0,373
/Engine/Functions/Engine_MaterialFunctions02/Utility/CameraDirectionVector.CameraDirectionVector,/Script/Engine.MaterialFunction,424,424,0,0,424
/Engine/Functions/Engine_MaterialFunctions02/Utility/DebugScalarValues.DebugScalarValues,/Script/Engine.MaterialFunction,463,463,0,0,463
/Engine/Functions/Engine_MaterialFunctions02/Utility/DitherTemporalAA.DitherTemporalAA,/Script/Engine.MaterialFunction,510,510,0,0,510
/Engine/Functions/Engine_MaterialFunctions02/Utility/LinearSine.LinearSine,/Script/Engine.MaterialFunction,448,448,0,0,448
/Engine/Functions/Engine_MaterialFunctions02/Utility/MakeFloat2.MakeFloat2,/Script/Engine.MaterialFunction,420,420,0,0,420
/Engine/Functions/Engine_MaterialFunctions02/Utility/MakeFloat3.MakeFloat3,/Script/Engine.MaterialFunction,420,420,0,0,420
/Engine/Functions/Engine_MaterialFunctions02/Utility/MakeFloat4.MakeFloat4,/Script/Engine.MaterialFunction,420,420,0,0,420
/Engine/Functions/Engine_MaterialFunctions02/Utility/Swizzle.Swizzle,/Script/Engine.MaterialFunction,349,349,0,0,349
/Engine/Functions/Engine_MaterialFunctions02/Utility/VectorLength.VectorLength,/Script/Engine.MaterialFunction,389,389,0,0,389
/Engine/Functions/Engine_MaterialFunctions02/Utility/VectorToRadialValue.VectorToRadialValue,/Script/Engine.MaterialFunction,563,563,0,0,563
/Engine/Functions/Engine_MaterialFunctions02/UVs/BoundingBoxBased_0-1_UVW.BoundingBoxBased_0-1_UVW,/Script/Engine.MaterialFunction,436,436,0,0,436
/Engine/Functions/Engine_MaterialFunctions02/UVs/WorldPositionBehindTranslucency.WorldPositionBehindTranslucency,/Script/Engine.MaterialFunction,471,471,0,0,471
/Engine/Functions/Engine_MaterialFunctions02/WorldAlignedNormals_HighQuality.WorldAlignedNormals_HighQuality,/Script/Engine.MaterialFunction,665,665,0,0,665
/Engine/Functions/Engine_MaterialFunctions02/WorldPositionOffset/CameraOffset.CameraOffset,/Script/Engine.MaterialFunction,487,487,0,0,487
/Engine/Functions/Engine_MaterialFunctions02/WorldPositionOffset/ComponentPivotLocation.ComponentPivotLocation,/Script/Engine.MaterialFunction,448,448,0,0,448
/Engine/Functions/Engine_MaterialFunctions02/WorldPositionOffset/LocalPosition.LocalPosition,/Script/Engine.MaterialFunction,475,475,0,0,475
/Engine/Functions/Engine_MaterialFunctions02/WorldPositionOffset/ObjectPivotPoint.ObjectPivotPoint,/Script/Engine.MaterialFunction,482,482,0,0,482
/Engine/Functions/Engine_MaterialFunctions02/WorldPositionOffset/ObjectScale.ObjectScale,/Script/Engine.MaterialFunction,469,469,0,0,469
/Engine/Functions/Engine_MaterialFunctions02/WorldPositionOffset/Sprite.Sprite,/Script/Engine.MaterialFunction,475,475,0,0,475
/Engine/Functions/Engine_MaterialFunctions02/WorldPositionOffset/Sprite_Capsule.Sprite_Capsule,/Script/Engine.MaterialFunction,503,503,0,0,503
/Engine/Functions/Engine_MaterialFunctions02/WorldPositionOffset/V2/ObjectScale.ObjectScale,/Script/Engine.MaterialFunction,481,481,0,0,481
/Engine/Functions/Engine_MaterialFunctions02/WorldPositionOffset/Wind.Wind,/Script/Engine.MaterialFunction,454,454,0,0,454
/Engine/Functions/Engine_MaterialFunctions03/Blends/Blend_Overlay.Blend_Overlay,/Script/Engine.MaterialFunction,468,468,0,0,468
/Engine/Functions/Engine_MaterialFunctions03/Blends/Blend_Screen.Blend_Screen,/Script/Engine.MaterialFunction,440,440,0,0,440
/Engine/Functions/Engine_MaterialFunctions03/Math/RemapValueRange.RemapValueRange,/Script/Engine.MaterialFunction,449,449,0,0,449
/Engine/Functions/Engine_MaterialFunctions03/Math/WithinRangeFloat2.WithinRangeFloat2,/Script/Engine.MaterialFunction,442,442,0,0,442
/Engine/Functions/Engine_MaterialFunctions03/Procedurals/ComputeFilterWidth.ComputeFilterWidth,/Script/Engine.MaterialFunction,373,373,0,0,373
/Engine/Functions/Engine_MaterialFunctions03/Procedurals/HeightToNormalSmooth.HeightToNormalSmooth,/Script/Engine.MaterialFunction,486,486,0,0,486
/Engine/Functions/Engine_MaterialFunctions03/Texturing/SubUV_Function.SubUV_Function,/Script/Engine.MaterialFunction,440,440,0,0,440
/Engine/Functions/UserInterface/GetUserInterfaceUV.GetUserInterfaceUV,/Script/Engine.MaterialFunction,443,443,0,0,443
/Engine/OpenWorldTemplate/LandscapeMaterial/MF_ProcGrid.MF_ProcGrid,/Script/Engine.MaterialFunction,346,346,0,0,346
/Engine/OpenWorldTemplate/LandscapeMaterial/MF_RSquareGradient.MF_RSquareGradient,/Script/Engine.MaterialFunction,354,354,0,0,354
/Game/Characters/Heroes/Mannequin/Materials/Functions/MF_BaseColorFallOff.MF_BaseColorFallOff,/Script/Engine.MaterialFunction,370,370,0,0,370
/Game/Characters/Heroes/Mannequin/Materials/Functions/MF_Diffraction.MF_Diffraction,/Script/Engine.MaterialFunction,362,362,0,0,362
/Game/Characters/Heroes/Mannequin/Materials/Functions/MF_logo.MF_logo,/Script/Engine.MaterialFunction,346,346,0,0,346
/Game/Effects/MaterialFunctions/MF_AngleFade.MF_AngleFade,/Script/Engine.MaterialFunction,330,330,0,0,330
/Game/Effects/MaterialFunctions/MF_AnimatedSquareTexture.MF_AnimatedSquareTexture,/Script/Engine.MaterialFunction,357,357,0,0,357
/Game/Effects/MaterialFunctions/MF_ChannelRemap.MF_ChannelRemap,/Script/Engine.MaterialFunction,338,338,0,0,338
/Game/Effects/MaterialFunctions/MF_ChannelRemapRGB.MF_ChannelRemapRGB,/Script/Engine.MaterialFunction,346,346,0,0,346
/Game/Effects/MaterialFunctions/MF_DepthFade.MF_DepthFade,/Script/Engine.MaterialFunction,330,330,0,0,330
/Game/Effects/MaterialFunctions/MF_MannequinEdge.MF_MannequinEdge,/Script/Engine.MaterialFunction,341,341,0,0,341
/Game/Effects/MaterialFunctions/MF_MannequinHitMacro.MF_MannequinHitMacro,/Script/Engine.MaterialFunction,349,349,0,0,349
/Game/Effects/MaterialFunctions/MF_MannequinLaunchEdgeGlow.MF_MannequinLaunchEdgeGlow,/Script/Engine.MaterialFunction,365,365,0,0,365
/Game/Effects/MaterialFunctions/MF_MotionStretch.MF_MotionStretch,/Script/Engine.MaterialFunction,338,338,0,0,338
/Game/Effects/MaterialFunctions/MF_NearDistanceFade.MF_NearDistanceFade,/Script/Engine.MaterialFunction,346,346,0,0,346
/Game/Effects/MaterialFunctions/MF_ParticleOffsetScreenUV.MF_ParticleOffsetScreenUV,/Script/Engine.MaterialFunction,365,365,0,0,365
/Game/Effects/MaterialFunctions/MF_PortalEdgeTexture.MF_PortalEdgeTexture,/Script/Engine.MaterialFunction,346,346,0,0,346
/Game/Effects/MaterialFunctions/MF_RotateVector2.MF_RotateVector2,/Script/Engine.MaterialFunction,341,341,0,0,341
/Game/Effects/MaterialFunctions/MF_SpriteDiffuse.MF_SpriteDiffuse,/Script/Engine.MaterialFunction,338,338,0,0,338
/Game/Effects/MaterialFunctions/MF_SpriteEmissive.MF_SpriteEmissive,/Script/Engine.MaterialFunction,346,346,0,0,346
/Game/Effects/MaterialFunctions/MF_SpriteNormal.MF_SpriteNormal,/Script/Engine.MaterialFunction,338,338,0,0,338
/Game/Effects/MaterialFunctions/MF_SpriteOpacity.MF_SpriteOpacity,/Script/Engine.MaterialFunction,338,338,0,0,338
/Game/Effects/MaterialFunctions/MF_SpriteParallax.MF_SpriteParallax,/Script/Engine.MaterialFunction,346,346,0,0,346
/Game/Effects/MaterialFunctions/MF_SpriteUV.MF_SpriteUV,/Script/Engine.MaterialFunction,330,330,0,0,330
/Game/Effects/MaterialFunctions/MF_teleporterUVMask.MF_teleporterUVMask,/Script/Engine.MaterialFunction,349,349,0,0,349
/Game/Effects/MaterialFunctions/MF_teleporterUVMaskSimple.MF_teleporterUVMaskSimple,/Script/Engine.MaterialFunction,365,365,0,0,365
/Game/Effects/MaterialFunctions/MF_TextureChannelSelect.MF_TextureChannelSelect,/Script/Engine.MaterialFunction,354,354,0,0,354
/Game/Effects/MaterialFunctions/MF_TextureDiffuse.MF_TextureDiffuse,/Script/Engine.MaterialFunction,346,346,0,0,346
/Game/Effects/MaterialFunctions/MF_TextureEmissive.MF_TextureEmissive,/Script/Engine.MaterialFunction,346,346,0,0,346
/Game/Effects/MaterialFunctions/MF_TextureOpacity.MF_TextureOpacity,/Script/Engine.MaterialFunction,346,346,0,0,346
/Game/Effects/MaterialFunctions/MF_TextureParallax.MF_TextureParallax,/Script/Engine.MaterialFunction,346,346,0,0,346
/Game/Effects/MaterialFunctions/MF_TracerSmokeOpacity.MF_TracerSmokeOpacity,/Script/Engine.MaterialFunction,354,354,0,0,354
/Game/UI/Foundation/Materials/Functions/MF_UI_AngleGradient.MF_UI_AngleGradient,/Script/Engine.MaterialFunction,357,357,0,0,357
/Game/UI/Foundation/Materials/Functions/MF_UI_Arc.MF_UI_Arc,/Script/Engine.MaterialFunction,341,341,0,0,341
/Game/UI/Foundation/Materials/Functions/MF_UI_RadialSegments.MF_UI_RadialSegments,/Script/Engine.MaterialFunction,357,357,0,0,357
/Game/UI/Hud/Art/MF_UI_Absolute0to1.MF_UI_Absolute0to1,/Script/Engine.MaterialFunction,330,330,0,0,330
/Game/UI/Hud/Art/MF_UI_CoolDownMask.MF_UI_CoolDownMask,/Script/Engine.MaterialFunction,330,330,0,0,330
/Game/UI/Hud/Art/MF_UI_HalftoneMask.MF_UI_HalftoneMask,/Script/Engine.MaterialFunction,330,330,0,0,330
/Game/UI/Hud/Art/MF_UI_RadialGrad0To1.MF_UI_RadialGrad0To1,/Script/Engine.MaterialFunction,338,338,0,0,338
/Game/UI/Hud/Art/MF_UI_RoundedCornerBorder.MF_UI_RoundedCornerBorder,/Script/Engine.MaterialFunction,346,346,0,0,346
/Game/UI/Hud/Art/MF_UI_RoundedCornerSquare.MF_UI_RoundedCornerSquare,/Script/Engine.MaterialFunction,346,346,0,0,346
/Game/UI/Hud/Art/MF_UI_UVWidthByHeight.MF_UI_UVWidthByHeight,/Script/Engine.MaterialFunction,338,338,0,0,338
/Game/UI/Hud/Art/MF_UI_VariableSharpener.MF_UI_VariableSharpener,/Script/Engine.MaterialFunction,338,338,0,0,338
/Game/Weapons/Material/MasterMaterial/ML_UVTransform_Func.ML_UVTransform_Func,/Script/Engine.MaterialFunction,354,354,0,0,354
/InterchangeAssets/Functions/MF_Iridescence.MF_Iridescence,/Script/Engine.MaterialFunction,341,341,0,0,341
/InterchangeAssets/Functions/MF_IridescenceNoLUT.MF_IridescenceNoLUT,/Script/Engine.MaterialFunction,349,349,0,0,349
/InterchangeAssets/Functions/MF_PhongToMetalRoughness.MF_PhongToMetalRoughness,/Script/Engine.MaterialFunction,354,354,0,0,354
/InterchangeAssets/Functions/MX_AbsorptionVDF.MX_AbsorptionVDF,/Script/Engine.MaterialFunction,388,388,0,0,388
/InterchangeAssets/Functions/MX_AnisotropicVDF.MX_AnisotropicVDF,/Script/Engine.MaterialFunction,545,545,0,0,545
/InterchangeAssets/Functions/MX_BurleyDiffuseBSDF.MX_BurleyDiffuseBSDF,/Script/Engine.MaterialFunction,456,456,0,0,456
/InterchangeAssets/Functions/MX_ConductorBSDF.MX_ConductorBSDF,/Script/Engine.MaterialFunction,594,594,0,0,594
/InterchangeAssets/Functions/MX_ConicalEDF.MX_ConicalEDF,/Script/Engine.MaterialFunction,412,412,0,0,412
/InterchangeAssets/Functions/MX_DielectricBSDF.MX_DielectricBSDF,/Script/Engine.MaterialFunction,911,911,0,0,911
/InterchangeAssets/Functions/MX_Displacement.MX_Displacement,/Script/Engine.MaterialFunction,341,341,0,0,341
/InterchangeAssets/Functions/MX_GeneralizedSchlickBSDF.MX_GeneralizedSchlickBSDF,/Script/Engine.MaterialFunction,928,928,0,0,928
/InterchangeAssets/Functions/MX_MeasuredEDF.MX_MeasuredEDF,/Script/Engine.MaterialFunction,420,420,0,0,420
/InterchangeAssets/Functions/MX_OpenPBR_Opaque.MX_OpenPBR_Opaque,/Script/Engine.MaterialFunction,465,465,0,0,465
/InterchangeAssets/Functions/MX_OpenPBR_Translucent.MX_OpenPBR_Translucent,/Script/Engine.MaterialFunction,481,481,0,0,481
/InterchangeAssets/Functions/MX_OrenNayarBSDF.MX_OrenNayarBSDF,/Script/Engine.MaterialFunction,473,473,0,0,473
/InterchangeAssets/Functions/MX_SheenBSDF.MX_SheenBSDF,/Script/Engine.MaterialFunction,572,572,0,0,572
/InterchangeAssets/Functions/MX_StandardSurface.MX_StandardSurface,/Script/Engine.MaterialFunction,349,349,0,0,349
/InterchangeAssets/Functions/MX_SubsurfaceBSDF.MX_SubsurfaceBSDF,/Script/Engine.MaterialFunction,821,821,0,0,821
/InterchangeAssets/Functions/MX_Surface.MX_Surface,/Script/Engine.MaterialFunction,1015,1015,0,0,1015
/InterchangeAssets/Functions/MX_SurfaceUnlit.MX_SurfaceUnlit,/Script/Engine.MaterialFunction,508,508,0,0,508
/InterchangeAssets/Functions/MX_ThinFilmBSDF.MX_ThinFilmBSDF,/Script/Engine.MaterialFunction,543,543,0,0,543
/InterchangeAssets/Functions/MX_TranslucentBSDF.MX_TranslucentBSDF,/Script/Engine.MaterialFunction,444,444,0,0,444
/InterchangeAssets/Functions/MX_TransmissionSurface.MX_TransmissionSurface,/Script/Engine.MaterialFunction,357,357,0,0,357
/InterchangeAssets/Functions/MX_UniformEDF.MX_UniformEDF,/Script/Engine.MaterialFunction,398,398,0,0,398
/InterchangeAssets/Functions/MX_UsdPreviewSurface.MX_UsdPreviewSurface,/Script/Engine.MaterialFunction,349,349,0,0,349
/InterchangeAssets/gltf/MaterialBodies/MF_ClearCoat_Body.MF_ClearCoat_Body,/Script/Engine.MaterialFunction,354,354,0,0,354
/InterchangeAssets/gltf/MaterialBodies/MF_Default_Body.MF_Default_Body,/Script/Engine.MaterialFunction,346,346,0,0,346
/InterchangeAssets/gltf/MaterialBodies/MF_Sheen_Body.MF_Sheen_Body,/Script/Engine.MaterialFunction,346,346,0,0,346
/InterchangeAssets/gltf/MaterialBodies/MF_SpecularGlossiness_Body.MF_SpecularGlossiness_Body,/Script/Engine.MaterialFunction,370,370,0,0,370
/InterchangeAssets/gltf/MaterialBodies/MF_Transmission_Body.MF_Transmission_Body,/Script/Engine.MaterialFunction,354,354,0,0,354
/InterchangeAssets/gltf/MaterialBodies/MF_Unlit_Body.MF_Unlit_Body,/Script/Engine.MaterialFunction,346,346,0,0,346
/InterchangeAssets/gltf/MaterialFunctions/MF_BaseColor.MF_BaseColor,/Script/Engine.MaterialFunction,346,346,0,0,346
/InterchangeAssets/gltf/MaterialFunctions/MF_Clearcoat.MF_Clearcoat,/Script/Engine.MaterialFunction,346,346,0,0,346
/InterchangeAssets/gltf/MaterialFunctions/MF_DiffuseSpecGloss.MF_DiffuseSpecGloss,/Script/Engine.MaterialFunction,354,354,0,0,354
/InterchangeAssets/gltf/MaterialFunctions/MF_Emissive.MF_Emissive,/Script/Engine.MaterialFunction,338,338,0,0,338
/InterchangeAssets/gltf/MaterialFunctions/MF_Fresnel_DS.MF_Fresnel_DS,/Script/Engine.MaterialFunction,346,346,0,0,346
/InterchangeAssets/gltf/MaterialFunctions/MF_IOR.MF_IOR,/Script/Engine.MaterialFunction,330,330,0,0,330
/InterchangeAssets/gltf/MaterialFunctions/MF_Iridescence.MF_Iridescence,/Script/Engine.MaterialFunction,346,346,0,0,346
/InterchangeAssets/gltf/MaterialFunctions/MF_MaxComponentValue.MF_MaxComponentValue,/Script/Engine.MaterialFunction,362,362,0,0,362
/InterchangeAssets/gltf/MaterialFunctions/MF_MetallicRoughness.MF_MetallicRoughness,/Script/Engine.MaterialFunction,362,362,0,0,362
/InterchangeAssets/gltf/MaterialFunctions/MF_Normals.MF_Normals,/Script/Engine.MaterialFunction,338,338,0,0,338
/InterchangeAssets/gltf/MaterialFunctions/MF_Occlusion.MF_Occlusion,/Script/Engine.MaterialFunction,346,346,0,0,346
/InterchangeAssets/gltf/MaterialFunctions/MF_PerceivedBrightness.MF_PerceivedBrightness,/Script/Engine.MaterialFunction,460,460,0,0,460
/InterchangeAssets/gltf/MaterialFunctions/MF_RotateNormals_TS.MF_RotateNormals_TS,/Script/Engine.MaterialFunction,354,354,0,0,354
/InterchangeAssets/gltf/MaterialFunctions/MF_RotateV2.MF_RotateV2,/Script/Engine.MaterialFunction,338,338,0,0,338
/InterchangeAssets/gltf/MaterialFunctions/MF_ScaleNormal.MF_ScaleNormal,/Script/Engine.MaterialFunction,346,346,0,0,346
/InterchangeAssets/gltf/MaterialFunctions/MF_Sheen.MF_Sheen,/Script/Engine.MaterialFunction,338,338,0,0,338
/InterchangeAssets/gltf/MaterialFunctions/MF_SpecGlossToMetalRoughness.MF_SpecGlossToMetalRoughness,/Script/Engine.MaterialFunction,508,508,0,0,508
/InterchangeAssets/gltf/MaterialFunctions/MF_Specular.MF_Specular,/Script/Engine.MaterialFunction,338,338,0,0,338
/InterchangeAssets/gltf/MaterialFunctions/MF_SpecularAnisotropy.MF_SpecularAnisotropy,/Script/Engine.MaterialFunction,362,362,0,0,362
/InterchangeAssets/gltf/MaterialFunctions/MF_Temporal_Blur.MF_Temporal_Blur,/Script/Engine.MaterialFunction,357,357,0,0,357
/InterchangeAssets/gltf/MaterialFunctions/MF_TransformUVs.MF_TransformUVs,/Script/Engine.MaterialFunction,346,346,0,0,346
/InterchangeAssets/gltf/MaterialFunctions/MF_Transmission.MF_Transmission,/Script/Engine.MaterialFunction,346,346,0,0,346
/Landmass/Landscape/BlueprintBrushes/Materials/BrushMaterials/BasicFunctions/LandmassBrush_ShapeMask.LandmassBrush_ShapeMask,/Script/Engine.MaterialFunction,402,402,0,0,402
/Landmass/Landscape/BlueprintBrushes/MF/Landmass_BrushTilt.Landmass_BrushTilt,/Script/Engine.MaterialFunction,354,354,0,0,354
/Landmass/Landscape/BlueprintBrushes/MF/LandmassBrush_EdgeFalloff.LandmassBrush_EdgeFalloff,/Script/Engine.MaterialFunction,370,370,0,0,370
/Landmass/Landscape/BlueprintBrushes/MF/LandmassBrush_Noise.LandmassBrush_Noise,/Script/Engine.MaterialFunction,513,513,0,0,513
/Landmass/Landscape/BlueprintBrushes/MF/LandmassBrush_UVs.LandmassBrush_UVs,/Script/Engine.MaterialFunction,354,354,0,0,354
/Landmass/Landscape/BlueprintBrushes/MF/PointSampleLandscapeUVs.PointSampleLandscapeUVs,/Script/Engine.MaterialFunction,362,362,0,0,362
/Landmass/Landscape/OldPrototype_BP/Mats/MF/UnpackRG8Height.UnpackRG8Height,/Script/Engine.MaterialFunction,354,354,0,0,354
/LyraExampleContent/Materials/MF/MF_2DGrid.MF_2DGrid,/Script/Engine.MaterialFunction,330,330,0,0,330
/LyraExampleContent/Materials/MF/MF_NormalStrength.MF_NormalStrength,/Script/Engine.MaterialFunction,346,346,0,0,346
/LyraExampleContent/Materials/MF/MF_TripleGrid.MF_TripleGrid,/Script/Engine.MaterialFunction,338,338,0,0,338
/LyraExampleContent/Materials/MF/MF_WorldGrid.MF_WorldGrid,/Script/Engine.MaterialFunction,338,338,0,0,338
/LyraExampleContent/Materials/MF/WorldAlignedTextureMip.WorldAlignedTextureMip,/Script/Engine.MaterialFunction,393,393,0,0,393
/LyraExampleContent/MSPresets/M_MS_Surface_Material/Functions/MF_MapAdjustments.MF_MapAdjustments,/Script/Engine.MaterialFunction,373,373,0,0,373
/LyraExampleContent/MSPresets/M_MS_Surface_Material/Functions/MF_Tiling.MF_Tiling,/Script/Engine.MaterialFunction,357,357,0,0,357
/MetaHumanCharacter/Materials/MF_GrayNormal.MF_GrayNormal,/Script/Engine.MaterialFunction,330,330,0,0,330
/SpeedTreeImporter/SpeedTree9/SpeedTreeBillboard.SpeedTreeBillboard,/Script/Engine.MaterialFunction,346,346,0,0,346
/SpeedTreeImporter/SpeedTree9/SpeedTreeBranchMotion.SpeedTreeBranchMotion,/Script/Engine.MaterialFunction,346,346,0,0,346
/SpeedTreeImporter/SpeedTree9/SpeedTreeCameraFacing.SpeedTreeCameraFacing,/Script/Engine.MaterialFunction,349,349,0,0,349
/SpeedTreeImporter/SpeedTree9/SpeedTreeWind.SpeedTreeWind,/Script/Engine.MaterialFunction,333,333,0,0,333
/SpeedTreeImporter/SpeedTree9/SpeedTreeWindMotion.SpeedTreeWindMotion,/Script/Engine.MaterialFunction,379,379,0,0,379
/SpeedTreeImporter/SpeedTree9/UnpackDirection.UnpackDirection,/Script/Engine.MaterialFunction,341,341,0,0,341
/SpeedTreeImporter/SpeedTree9/UnpackInteger3.UnpackInteger3,/Script/Engine.MaterialFunction,338,338,0,0,338
/AudioModulation/BitDepth.BitDepth,/Script/AudioModulation.SoundModulationParameterScaled,308,308,0,0,308
/AudioModulation/LowRateFrequency.LowRateFrequency,/Script/AudioModulation.SoundModulationParameterScaled,320,320,0,0,320
/AudioModulation/TimeOfDay.TimeOfDay,/Script/AudioModulation.SoundModulationParameterScaled,304,304,0,0,304
/AudioModulation/HPFCutoffFrequency.HPFCutoffFrequency,/Script/AudioModulation.SoundModulationParameterHPFFrequency,316,316,0,0,316
/AudioModulation/LPFCutoffFrequency.LPFCutoffFrequency,/Script/AudioModulation.SoundModulationParameterLPFFrequency,316,316,0,0,316
/AudioModulation/Pan.Pan,/Script/AudioModulation.SoundModulationParameterBipolar,284,284,0,0,284
/AudioModulation/Pitch.Pitch,/Script/AudioModulation.SoundModulationParameterBipolar,296,296,0,0,296
/AudioModulation/SampleRate.SampleRate,/Script/AudioModulation.SoundModulationParameterFrequency,308,308,0,0,308
/AudioModulation/Volume.Volume,/Script/AudioModulation.SoundModulationParameterVolume,296,296,0,0,296
/AudioWidgets/Resources/ScrubHandleDown_Clamped.ScrubHandleDown_Clamped,/Script/Engine.Texture2D,559,559,0,0,1164
/CloudsLighting/Billboards/T_CloudsLightingSystemBillboard.T_CloudsLightingSystemBillboard,/Script/Engine.Texture2D,45823,45823,0,0,1049117
/CloudsLighting/Billboards/T_VolumetricPointLightBillboard.T_VolumetricPointLightBillboard,/Script/Engine.Texture2D,33961,33961,0,0,1049117
/CloudsLighting/Billboards/T_VolumetricSpotLightBillboard.T_VolumetricSpotLightBillboard,/Script/Engine.Texture2D,59569,59569,0,0,1049117
/Composure/Textures/Debug/T_CompilerError.T_CompilerError,/Script/Engine.Texture2D,5909,5909,0,0,88298
/Composure/Textures/Debug/T_DisabledElement.T_DisabledElement,/Script/Engine.Texture2D,3313,3313,0,0,44602
/Composure/Textures/Debug/T_EmptyElement.T_EmptyElement,/Script/Engine.Texture2D,2740,2740,0,0,44594
/Composure/Textures/Debug/T_SuspendedElement.T_SuspendedElement,/Script/Engine.Texture2D,3981,3981,0,0,44602
/Engine/ArtTools/RenderToTexture/Textures/127grey.127grey,/Script/Engine.Texture2D,413,413,0,0,3541
/Engine/ArtTools/RenderToTexture/Textures/T_EV_BlankWhite_01.T_EV_BlankWhite_01,/Script/Engine.Texture2D,650,650,0,0,650
/Engine/EditorLandscapeResources/DefaultAlphaTexture.DefaultAlphaTexture,/Script/Engine.Texture2D,512,512,0,0,22650
/Engine/EditorLandscapeResources/WhiteSquareTexture.WhiteSquareTexture,/Script/Engine.Texture2D,400,400,0,0,1458
/Engine/EditorMaterials/ParticleSystems/PSysThumbnail_NoImage.PSysThumbnail_NoImage,/Script/Engine.Texture2D,2045,2045,0,0,44610
/Engine/EditorMaterials/ParticleSystems/PSysThumbnail_OOD.PSysThumbnail_OOD,/Script/Engine.Texture2D,1598,1598,0,0,22722
/Engine/EditorMaterials/PreviewShadowIndicator.PreviewShadowIndicator,/Script/Engine.Texture2D,3365,3365,0,0,1399061
/Engine/EditorMaterials/T_1x1_Grid.T_1x1_Grid,/Script/Engine.Texture2D,941,941,0,0,11770
/Engine/EditorResources/BSPVertex.BSPVertex,/Script/Engine.Texture2D,561,561,0,0,1058
/Engine/EditorResources/S_Actor.S_Actor,/Script/Engine.Texture2D,13530,13530,0,0,88205
/Engine/EditorResources/S_BoxReflectionCapture.S_BoxReflectionCapture,/Script/Engine.Texture2D,6777,6777,0,0,350440
/Engine/EditorResources/S_Note.S_Note,/Script/Engine.Texture2D,13162,13162,0,0,350408
/Engine/EditorResources/S_Solver.S_Solver,/Script/Engine.Texture2D,22895,22895,0,0,350413
/Engine/EditorResources/S_TargetPoint.S_TargetPoint,/Script/Engine.Texture2D,21724,21724,0,0,350424
/Engine/EditorResources/S_Terrain.S_Terrain,/Script/Engine.Texture2D,37769,37769,0,0,350413
/Engine/EditorResources/S_Trigger.S_Trigger,/Script/Engine.Texture2D,24486,24486,0,0,350413
/Engine/EditorResources/S_TriggerBox.S_TriggerBox,/Script/Engine.Texture2D,19866,19866,0,0,350424
/Engine/EditorResources/S_TriggerCapsule.S_TriggerCapsule,/Script/Engine.Texture2D,24128,24128,0,0,350432
/Engine/EditorResources/S_TriggerSphere.S_TriggerSphere,/Script/Engine.Texture2D,33793,33793,0,0,350432
/Engine/EditorResources/SequenceRecorder/Countdown.Countdown,/Script/Engine.Texture2D,20473,20473,0,0,147976
/Engine/EditorResources/SequenceRecorder/RecordingIndicator.RecordingIndicator,/Script/Engine.Texture2D,528,528,0,0,1560
/Engine/EngineMaterials/BaseFlattenDiffuseMap.BaseFlattenDiffuseMap,/Script/Engine.Texture2D,657,657,0,0,1461
/Engine/EngineMaterials/BaseFlattenDiffuseMap_VT.BaseFlattenDiffuseMap_VT,/Script/Engine.Texture2D,2892,2892,0,0,74925
/Engine/EngineMaterials/BaseFlattenEmissiveMap.BaseFlattenEmissiveMap,/Script/Engine.Texture2D,658,658,0,0,1458
/Engine/EngineMaterials/BaseFlattenEmissiveMap_VT.BaseFlattenEmissiveMap_VT,/Script/Engine.Texture2D,2897,2897,0,0,74930
/Engine/EngineMaterials/BaseFlattenGrayscaleMap.BaseFlattenGrayScaleMap,/Script/Engine.Texture2D,692,692,0,0,2134
/Engine/EngineMaterials/BaseFlattenGrayscaleMap_VT.BaseFlattenGrayscaleMap_VT,/Script/Engine.Texture2D,5753,5753,0,0,148919
/Engine/EngineMaterials/BaseFlattenLinearColor.BaseFlattenLinearColor,/Script/Engine.Texture2D,658,658,0,0,1464
/Engine/EngineMaterials/BaseFlattenLinearColor_VT.BaseFlattenLinearColor_VT,/Script/Engine.Texture2D,2879,2879,0,0,74936
/Engine/EngineMaterials/BaseFlattenNormalMap.BaseFlattenNormalMap,/Script/Engine.Texture2D,539,539,0,0,539
/Engine/EngineMaterials/BaseFlattenNormalMap_VT.BaseFlattenNormalMap_VT,/Script/Engine.Texture2D,1074,1074,0,0,148913
/Engine/EngineMaterials/Black_1x1_EXR_Texture_VT.Black_1x1_EXR_Texture_VT,/Script/Engine.Texture2D,1777,1777,0,0,1184707
/Engine/EngineMaterials/BlendFunc_DefBase.BlendFunc_DefBase,/Script/Engine.Texture2D,569,569,0,0,1074
/Engine/EngineMaterials/BlendFunc_DefBlend.BlendFunc_DefBlend,/Script/Engine.Texture2D,545,545,0,0,1074
/Engine/EngineMaterials/DefaultBloomKernel.DefaultBloomKernel,/Script/Engine.Texture2D,333323,333323,0,0,2097680
/Engine/EngineMaterials/DefaultBokeh.DefaultBokeh,/Script/Engine.Texture2D,6174,6174,0,0,22648
/Engine/EngineMaterials/DefaultCalibrationColor.DefaultCalibrationColor,/Script/Engine.Texture2D,2997,2997,0,0,1037325
/Engine/EngineMaterials/DefaultCalibrationGrayscale.DefaultCalibrationGrayscale,/Script/Engine.Texture2D,108538,108538,0,0,8294948
/Engine/EngineMaterials/DefaultDiffuse.DefaultDiffuse,/Script/Engine.Texture2D,368776,368776,0,0,700050
/Engine/EngineMaterials/DefaultNormal_Uncompressed.DefaultNormal_Uncompressed,/Script/Engine.Texture2D,852,852,0,0,11808
/Engine/EngineMaterials/DefaultWhiteGrid.DefaultWhiteGrid,/Script/Engine.Texture2D,905,905,0,0,11778
/Engine/EngineMaterials/DefaultWhiteGrid_Low.DefaultWhiteGrid_Low,/Script/Engine.Texture2D,530,530,0,0,530
/Engine/EngineMaterials/EnergyConservation/Diffuse_Energy.Diffuse_Energy,/Script/Engine.Texture2D,1396,1396,0,0,8754
/Engine/EngineMaterials/EnergyConservation/GGX_ReflectionEnergy.GGX_ReflectionEnergy,/Script/Engine.Texture2D,3181,3181,0,0,8770
/Engine/EngineMaterials/EnergyConservation/GGX_TransmissionEnergyArray.GGX_TransmissionEnergyArray,/Script/Engine.Texture2D,127344,127344,0,0,524874
/Engine/EngineMaterials/EnergyConservation/Sheen_Energy.Sheen_Energy,/Script/Engine.Texture2D,2852,2852,0,0,8754
/Engine/EngineMaterials/EnergyConservation/SheenLegacy_Energy.SheenLegacy_Energy,/Script/Engine.Texture2D,2551,2551,0,0,8762
/Engine/EngineMaterials/FastBlueNoise_scalar_128x128x64.FastBlueNoise_scalar_128x128x64,/Script/Engine.Texture2D,1049121,1049121,0,0,1049121
/Engine/EngineMaterials/FastBlueNoise_scalar_128x128x8.FastBlueNoise_scalar_128x128x8,/Script/Engine.Texture2D,131745,131745,0,0,131745
/Engine/EngineMaterials/FastBlueNoise_vec2_128x128x64.FastBlueNoise_vec2_128x128x64,/Script/Engine.Texture2D,2102832,2102832,0,0,4194855
/Engine/EngineMaterials/FlatNormal.FlatNormal,/Script/Engine.Texture2D,379,379,0,0,1063
/Engine/EngineMaterials/Good64x64TilingNoiseHighFreq.Good64x64TilingNoiseHighFreq,/Script/Engine.Texture2D,4437,4437,0,0,4633
/Engine/EngineMaterials/HairColorMap.HairColorMap,/Script/Engine.Texture2D,1000,1000,0,0,17373
/Engine/EngineMaterials/HairDebugColor.HairDebugColor,/Script/Engine.Texture2D,975,975,0,0,1533
/Engine/EngineMaterials/InvalidLightmapSettings.InvalidLightmapSettings,/Script/Engine.Texture2D,10063,10063,0,0,175730
/Engine/EngineMaterials/LTC/GGX_LTCAmp.GGX_LTCAmp,/Script/Engine.Texture2D,9781,9781,0,0,33306
/Engine/EngineMaterials/LTC/GGX_LTCMat.GGX_LTCMat,/Script/Engine.Texture2D,21414,21414,0,0,33306
/Engine/EngineMaterials/LTC/Sheen_LTC.Sheen_LTC,/Script/Engine.Texture2D,4880,4880,0,0,8730
/Engine/EngineMaterials/MiniFont.MiniFont,/Script/Engine.Texture2D,675,675,0,0,2540
/Engine/EngineMaterials/PreintegratedSkinBRDF.PreintegratedSkinBRDF,/Script/Engine.Texture2D,15664,15664,0,0,262670
/Engine/EngineMaterials/T_Default_Material_Grid_M.T_Default_Material_Grid_M,/Script/Engine.Texture2D,95160,95160,0,0,350517
/Engine/EngineMaterials/T_Default_Material_Grid_N.T_Default_Material_Grid_N,/Script/Engine.Texture2D,1415,1415,0,0,88322
/Engine/EngineMaterials/WeightMapPlaceholderTexture.WeightMapPlaceholderTexture,/Script/Engine.Texture2D,610,610,0,0,610
/Engine/EngineResources/Black.Black,/Script/Engine.Texture2D,350,350,0,0,1410
/Engine/EngineResources/Black_Low.Black,/Script/Engine.Texture2D,506,506,0,0,506
/Engine/EngineResources/DefaultTexture.DefaultTexture,/Script/Engine.Texture2D,6084,6084,0,0,11762
/Engine/EngineResources/DefaultVolumeTexture2D.DefaultVolumeTexture2D,/Script/Engine.Texture2D,727,727,0,0,727
/Engine/EngineResources/Development/ZenLogo_64.ZenLogo_64,/Script/Engine.Texture2D,2151,2151,0,0,6282
/Engine/EngineResources/FilmGrains/Marcie_Grain_v3_128_M2_000.Marcie_Grain_v3_128_M2_000,/Script/Engine.Texture2D,16282,16282,0,0,16930
/Engine/EngineResources/GradientTexture0.GradientTexture0,/Script/Engine.Texture2D,774,774,0,0,6224
/Engine/EngineResources/Gray.Gray,/Script/Engine.Texture2D,682,682,0,0,682
/Engine/EngineResources/WhiteSquareTexture.WhiteSquareTexture,/Script/Engine.Texture2D,369,369,0,0,1434
/Engine/EngineSky/T_Sky_Blue.T_Sky_Blue,/Script/Engine.Texture2D,225569,225569,0,0,2797238
/Engine/EngineSky/T_Sky_Clouds_M.T_Sky_Clouds_M,/Script/Engine.Texture2D,176168,176168,0,0,700004
/Engine/EngineSky/T_Sky_Stars.T_Sky_Stars,/Script/Engine.Texture2D,19459,19459,0,0,175701
/Engine/EngineSky/VolumetricClouds/T_CloudMask.T_CloudMask,/Script/Engine.Texture2D,1961804,1961804,0,0,5593408
/Engine/EngineSky/VolumetricClouds/T_CloudPattern.T_CloudPattern,/Script/Engine.Texture2D,555881,555881,0,0,699965
/Engine/EngineSky/VolumetricClouds/T_Profile_08.T_Profile_08,/Script/Engine.Texture2D,201507,201507,0,0,699957
/Engine/EngineVolumetrics/Fogsheet/Materials/T_EV_BlankWhite_01.T_EV_BlankWhite_01,/Script/Engine.Texture2D,650,650,0,0,650
/Engine/Functions/Engine_MaterialFunctions02/ExampleContent/DebugNumberStrip.DebugNumberStrip,/Script/Engine.Texture2D,10605,10605,0,0,88464
/Engine/Functions/Engine_MaterialFunctions02/ExampleContent/Textures/DebugNumberPeriod.DebugNumberPeriod,/Script/Engine.Texture2D,500,500,0,0,8751
/Engine/Functions/Engine_MaterialFunctions02/ExampleContent/Textures/SphereRenderHeightMap.SphereRenderHeightMap,/Script/Engine.Texture2D,11184,11184,0,0,88359
/Engine/Functions/Engine_MaterialFunctions02/ExampleContent/Textures/SphereRenderMask.SphereRenderMask,/Script/Engine.Texture2D,3136,3136,0,0,44644
/Engine/Functions/Engine_MaterialFunctions02/ExampleContent/Textures/SphereRenderNormalsMap.SphereRenderNormalsMap,/Script/Engine.Texture2D,9595,9595,0,0,88361
/Engine/Functions/Engine_MaterialFunctions02/PivotPainter2/Black_1x1_EXR_Texture.Black_1x1_EXR_Texture,/Script/Engine.Texture2D,582,582,0,0,582
/Engine/MapTemplates/TilingNoise05.TilingNoise05,/Script/Engine.Texture2D,62128,62128,0,0,175712
/Engine/MobileResources/HUD/VirtualJoystick_Background.VirtualJoystick_Background,/Script/Engine.Texture2D,17359,17359,0,0,262692
/Engine/MobileResources/HUD/VirtualJoystick_Thumb.VirtualJoystick_Thumb,/Script/Engine.Texture2D,3323,3323,0,0,16924
/Engine/OpenWorldTemplate/LandscapeMaterial/T_GridChecker_A.T_GridChecker_A,/Script/Engine.Texture2D,1295,1295,0,0,175738
/Engine/VREditor/BasicMeshes/T_CleanFloorGrunge_01_D.T_CleanFloorGrunge_01_D,/Script/Engine.Texture2D,252980,252980,0,0,700074
/Engine/VREditor/LaserPointer/VR_LaserPower_01.VR_LaserPower_01,/Script/Engine.Texture2D,55047,55047,0,0,175722
/Game/AFL/UI/Thumbnails/T_Thumb_Ability_EMP.T_Thumb_Ability_EMP,/Script/Engine.Texture2D,8101,8101,0,0,44602
/Game/AFL/UI/Thumbnails/T_Thumb_Beam_AcidLemon.T_Thumb_Beam_AcidLemon,/Script/Engine.Texture2D,8768,8768,0,0,44610
/Game/AFL/UI/Thumbnails/T_Thumb_Beam_Amber.T_Thumb_Beam_Amber,/Script/Engine.Texture2D,8650,8650,0,0,44602
/Game/AFL/UI/Thumbnails/T_Thumb_Beam_ArcViolet.T_Thumb_Beam_ArcViolet,/Script/Engine.Texture2D,8113,8113,0,0,44610
/Game/AFL/UI/Thumbnails/T_Thumb_Beam_AzureSurge.T_Thumb_Beam_AzureSurge,/Script/Engine.Texture2D,8495,8495,0,0,44610
/Game/AFL/UI/Thumbnails/T_Thumb_Beam_BloodPlasma.T_Thumb_Beam_BloodPlasma,/Script/Engine.Texture2D,6851,6851,0,0,44610
/Game/AFL/UI/Thumbnails/T_Thumb_Beam_BubblegumFrost.T_Thumb_Beam_BubblegumFrost,/Script/Engine.Texture2D,8714,8714,0,0,44618
/Game/AFL/UI/Thumbnails/T_Thumb_Beam_CobaltDeep.T_Thumb_Beam_CobaltDeep,/Script/Engine.Texture2D,7476,7476,0,0,44610
/Game/AFL/UI/Thumbnails/T_Thumb_Beam_CrimsonArc.T_Thumb_Beam_CrimsonArc,/Script/Engine.Texture2D,7618,7618,0,0,44610
/Game/AFL/UI/Thumbnails/T_Thumb_Beam_CyanMagenta.T_Thumb_Beam_CyanMagenta,/Script/Engine.Texture2D,8580,8580,0,0,44610
/Game/AFL/UI/Thumbnails/T_Thumb_Beam_DeepAmethyst.T_Thumb_Beam_DeepAmethyst,/Script/Engine.Texture2D,7853,7853,0,0,44618
/Game/AFL/UI/Thumbnails/T_Thumb_Beam_ElectricBlue.T_Thumb_Beam_ElectricBlue,/Script/Engine.Texture2D,8096,8096,0,0,44618
/Game/AFL/UI/Thumbnails/T_Thumb_Beam_EmeraldPlasma.T_Thumb_Beam_EmeraldPlasma,/Script/Engine.Texture2D,8487,8487,0,0,44618
/Game/AFL/UI/Thumbnails/T_Thumb_Beam_FuchsiaGlow.T_Thumb_Beam_FuchsiaGlow,/Script/Engine.Texture2D,8043,8043,0,0,44610
/Game/AFL/UI/Thumbnails/T_Thumb_Beam_GlacierFrost.T_Thumb_Beam_GlacierFrost,/Script/Engine.Texture2D,8787,8787,0,0,44618
/Game/AFL/UI/Thumbnails/T_Thumb_Beam_GlitchAcid.T_Thumb_Beam_GlitchAcid,/Script/Engine.Texture2D,8384,8384,0,0,44610
/Game/AFL/UI/Thumbnails/T_Thumb_Beam_GlitchInferno.T_Thumb_Beam_GlitchInferno,/Script/Engine.Texture2D,8244,8244,0,0,44618
/Game/AFL/UI/Thumbnails/T_Thumb_Beam_GlitchLegend.T_Thumb_Beam_GlitchLegend,/Script/Engine.Texture2D,8393,8393,0,0,44618
/Game/AFL/UI/Thumbnails/T_Thumb_Beam_GlitchMagenta.T_Thumb_Beam_GlitchMagenta,/Script/Engine.Texture2D,8060,8060,0,0,44618
/Game/AFL/UI/Thumbnails/T_Thumb_Beam_GlitchNova.T_Thumb_Beam_GlitchNova,/Script/Engine.Texture2D,8829,8829,0,0,44610
/Game/AFL/UI/Thumbnails/T_Thumb_Beam_GlitchOrchid.T_Thumb_Beam_GlitchOrchid,/Script/Engine.Texture2D,8297,8297,0,0,44618
/Game/AFL/UI/Thumbnails/T_Thumb_Beam_GlitchVoid.T_Thumb_Beam_GlitchVoid,/Script/Engine.Texture2D,7410,7410,0,0,44610
/Game/AFL/UI/Thumbnails/T_Thumb_Beam_GoldPlasma.T_Thumb_Beam_GoldPlasma,/Script/Engine.Texture2D,8643,8643,0,0,44610
/Game/AFL/UI/Thumbnails/T_Thumb_Beam_GreenGold.T_Thumb_Beam_GreenGold,/Script/Engine.Texture2D,8697,8697,0,0,44610
/Game/AFL/UI/Thumbnails/T_Thumb_Beam_HotPink.T_Thumb_Beam_HotPink,/Script/Engine.Texture2D,8094,8094,0,0,44602
/Game/AFL/UI/Thumbnails/T_Thumb_Beam_IceCyan.T_Thumb_Beam_IceCyan,/Script/Engine.Texture2D,8934,8934,0,0,44602
/Game/AFL/UI/Thumbnails/T_Thumb_Beam_InfernoRed.T_Thumb_Beam_InfernoRed,/Script/Engine.Texture2D,8141,8141,0,0,44610
/Game/AFL/UI/Thumbnails/T_Thumb_Beam_JadeVenom.T_Thumb_Beam_JadeVenom,/Script/Engine.Texture2D,8184,8184,0,0,44610
/Game/AFL/UI/Thumbnails/T_Thumb_Beam_LavenderGlow.T_Thumb_Beam_LavenderGlow,/Script/Engine.Texture2D,8748,8748,0,0,44618
/Game/AFL/UI/Thumbnails/T_Thumb_Beam_MintFrost.T_Thumb_Beam_MintFrost,/Script/Engine.Texture2D,8978,8978,0,0,44610
/Game/AFL/UI/Thumbnails/T_Thumb_Beam_NeonLime.T_Thumb_Beam_NeonLime,/Script/Engine.Texture2D,8458,8458,0,0,44610
/Game/AFL/UI/Thumbnails/T_Thumb_Beam_NeonMagenta.T_Thumb_Beam_NeonMagenta,/Script/Engine.Texture2D,7986,7986,0,0,44610
/Game/AFL/UI/Thumbnails/T_Thumb_Beam_NeonOrchid.T_Thumb_Beam_NeonOrchid,/Script/Engine.Texture2D,8086,8086,0,0,44610
/Game/AFL/UI/Thumbnails/T_Thumb_Beam_NeonScarlet.T_Thumb_Beam_NeonScarlet,/Script/Engine.Texture2D,7693,7693,0,0,44610
/Game/AFL/UI/Thumbnails/T_Thumb_Beam_NeonYellow.T_Thumb_Beam_NeonYellow,/Script/Engine.Texture2D,8692,8692,0,0,44610
/Game/AFL/UI/Thumbnails/T_Thumb_Beam_PaleCitrine.T_Thumb_Beam_PaleCitrine,/Script/Engine.Texture2D,9051,9051,0,0,44610
/Game/AFL/UI/Thumbnails/T_Thumb_Beam_PlasmaIndigo.T_Thumb_Beam_PlasmaIndigo,/Script/Engine.Texture2D,7898,7898,0,0,44618
/Game/AFL/UI/Thumbnails/T_Thumb_Beam_PrismAmethyst.T_Thumb_Beam_PrismAmethyst,/Script/Engine.Texture2D,7952,7952,0,0,44618
/Game/AFL/UI/Thumbnails/T_Thumb_Beam_PrismArc.T_Thumb_Beam_PrismArc,/Script/Engine.Texture2D,8409,8409,0,0,44610
/Game/AFL/UI/Thumbnails/T_Thumb_Beam_PrismCrimson.T_Thumb_Beam_PrismCrimson,/Script/Engine.Texture2D,7584,7584,0,0,44618
/Game/AFL/UI/Thumbnails/T_Thumb_Beam_PrismFuchsia.T_Thumb_Beam_PrismFuchsia,/Script/Engine.Texture2D,7953,7953,0,0,44618
/Game/AFL/UI/Thumbnails/T_Thumb_Beam_PrismSolar.T_Thumb_Beam_PrismSolar,/Script/Engine.Texture2D,8556,8556,0,0,44610
/Game/AFL/UI/Thumbnails/T_Thumb_Beam_PrismVenom.T_Thumb_Beam_PrismVenom,/Script/Engine.Texture2D,8560,8560,0,0,44610
/Game/AFL/UI/Thumbnails/T_Thumb_Beam_RoseEmber.T_Thumb_Beam_RoseEmber,/Script/Engine.Texture2D,8217,8217,0,0,44610
/Game/AFL/UI/Thumbnails/T_Thumb_Beam_RosePlasma.T_Thumb_Beam_RosePlasma,/Script/Engine.Texture2D,8426,8426,0,0,44610
/Game/AFL/UI/Thumbnails/T_Thumb_Beam_RubyGlow.T_Thumb_Beam_RubyGlow,/Script/Engine.Texture2D,7945,7945,0,0,44610
/Game/AFL/UI/Thumbnails/T_Thumb_Beam_SapphireNight.T_Thumb_Beam_SapphireNight,/Script/Engine.Texture2D,7046,7046,0,0,44618
/Game/AFL/UI/Thumbnails/T_Thumb_Beam_SolarFlare.T_Thumb_Beam_SolarFlare,/Script/Engine.Texture2D,8448,8448,0,0,44610
/Game/AFL/UI/Thumbnails/T_Thumb_Beam_ToxicGreen.T_Thumb_Beam_ToxicGreen,/Script/Engine.Texture2D,8525,8525,0,0,44610
/Game/AFL/UI/Thumbnails/T_Thumb_Beam_VoidViolet.T_Thumb_Beam_VoidViolet,/Script/Engine.Texture2D,6975,6975,0,0,44610
/Game/AFL/UI/Thumbnails/T_Thumb_Body_Crimson.T_Thumb_Body_Crimson,/Script/Engine.Texture2D,7079,7079,0,0,44602
/Game/AFL/UI/Thumbnails/T_Thumb_Body_Indigo.T_Thumb_Body_Indigo,/Script/Engine.Texture2D,8169,8169,0,0,44602
/Game/AFL/UI/Thumbnails/T_Thumb_Body_Magenta.T_Thumb_Body_Magenta,/Script/Engine.Texture2D,8179,8179,0,0,44602
/Game/AFL/UI/Thumbnails/T_Thumb_Body_NeonBlue.T_Thumb_Body_NeonBlue,/Script/Engine.Texture2D,8102,8102,0,0,44610
/Game/AFL/UI/Thumbnails/T_Thumb_Body_NeonGreen.T_Thumb_Body_NeonGreen,/Script/Engine.Texture2D,8436,8436,0,0,44610
/Game/AFL/UI/Thumbnails/T_Thumb_Body_NeonPink.T_Thumb_Body_NeonPink,/Script/Engine.Texture2D,7992,7992,0,0,44610
/Game/AFL/UI/Thumbnails/T_Thumb_Body_NeonPurple.T_Thumb_Body_NeonPurple,/Script/Engine.Texture2D,7752,7752,0,0,44610
/Game/AFL/UI/Thumbnails/T_Thumb_Body_NeonRed.T_Thumb_Body_NeonRed,/Script/Engine.Texture2D,7544,7544,0,0,44602
/Game/AFL/UI/Thumbnails/T_Thumb_Body_NeonYellow.T_Thumb_Body_NeonYellow,/Script/Engine.Texture2D,8720,8720,0,0,44610
/Game/AFL/UI/Thumbnails/T_Thumb_Body_Solar.T_Thumb_Body_Solar,/Script/Engine.Texture2D,8047,8047,0,0,44602
/Game/AFL/UI/Thumbnails/T_Thumb_Character_Akuma.T_Thumb_Character_Akuma,/Script/Engine.Texture2D,45657,45657,0,0,197136
/Game/AFL/UI/Thumbnails/T_Thumb_Character_ARIA.T_Thumb_Character_ARIA,/Script/Engine.Texture2D,44537,44537,0,0,197136
/Game/AFL/UI/Thumbnails/T_Thumb_Character_Astra.T_Thumb_Character_Astra,/Script/Engine.Texture2D,44788,44788,0,0,197136
/Game/AFL/UI/Thumbnails/T_Thumb_Character_Aurelia.T_Thumb_Character_Aurelia,/Script/Engine.Texture2D,44614,44614,0,0,197144
/Game/AFL/UI/Thumbnails/T_Thumb_Character_Azura.T_Thumb_Character_Azura,/Script/Engine.Texture2D,44674,44674,0,0,197136
/Game/AFL/UI/Thumbnails/T_Thumb_Character_BigSixx.T_Thumb_Character_BigSixx,/Script/Engine.Texture2D,45439,45439,0,0,197144
/Game/AFL/UI/Thumbnails/T_Thumb_Character_Cielo.T_Thumb_Character_Cielo,/Script/Engine.Texture2D,45392,45392,0,0,197136
/Game/AFL/UI/Thumbnails/T_Thumb_Character_Draco.T_Thumb_Character_Draco,/Script/Engine.Texture2D,44606,44606,0,0,197136
/Game/AFL/UI/Thumbnails/T_Thumb_Character_Ember.T_Thumb_Character_Ember,/Script/Engine.Texture2D,44749,44749,0,0,197136
/Game/AFL/UI/Thumbnails/T_Thumb_Character_FANATICS.T_Thumb_Character_FANATICS,/Script/Engine.Texture2D,44686,44686,0,0,197144
/Game/AFL/UI/Thumbnails/T_Thumb_Character_Halo.T_Thumb_Character_Halo,/Script/Engine.Texture2D,44588,44588,0,0,197136
/Game/AFL/UI/Thumbnails/T_Thumb_Character_IRONICS.T_Thumb_Character_IRONICS,/Script/Engine.Texture2D,44500,44500,0,0,197144
/Game/AFL/UI/Thumbnails/T_Thumb_Character_Kage.T_Thumb_Character_Kage,/Script/Engine.Texture2D,44293,44293,0,0,197136
/Game/AFL/UI/Thumbnails/T_Thumb_Character_MAKHIAVELLI.T_Thumb_Character_MAKHIAVELLI,/Script/Engine.Texture2D,44573,44573,0,0,197152
/Game/AFL/UI/Thumbnails/T_Thumb_Character_NovaKai.T_Thumb_Character_NovaKai,/Script/Engine.Texture2D,44615,44615,0,0,197144
/Game/AFL/UI/Thumbnails/T_Thumb_Character_OnyxPrime.T_Thumb_Character_OnyxPrime,/Script/Engine.Texture2D,44603,44603,0,0,197144
/Game/AFL/UI/Thumbnails/T_Thumb_Character_Orion.T_Thumb_Character_Orion,/Script/Engine.Texture2D,44560,44560,0,0,197136
/Game/AFL/UI/Thumbnails/T_Thumb_Character_RiftOne.T_Thumb_Character_RiftOne,/Script/Engine.Texture2D,44459,44459,0,0,197144
/Game/AFL/UI/Thumbnails/T_Thumb_Character_Ronin.T_Thumb_Character_Ronin,/Script/Engine.Texture2D,44650,44650,0,0,197136
/Game/AFL/UI/Thumbnails/T_Thumb_Character_Ryu.T_Thumb_Character_Ryu,/Script/Engine.Texture2D,44616,44616,0,0,197136
/Game/AFL/UI/Thumbnails/T_Thumb_Character_Sable.T_Thumb_Character_Sable,/Script/Engine.Texture2D,44698,44698,0,0,197136
/Game/AFL/UI/Thumbnails/T_Thumb_Character_SCARLETT.T_Thumb_Character_SCARLETT,/Script/Engine.Texture2D,45298,45298,0,0,197144
/Game/AFL/UI/Thumbnails/T_Thumb_Character_Solara.T_Thumb_Character_Solara,/Script/Engine.Texture2D,45812,45812,0,0,197136
/Game/AFL/UI/Thumbnails/T_Thumb_Character_Talon.T_Thumb_Character_Talon,/Script/Engine.Texture2D,44887,44887,0,0,197136
/Game/AFL/UI/Thumbnails/T_Thumb_Character_Valkyr.T_Thumb_Character_Valkyr,/Script/Engine.Texture2D,44780,44780,0,0,197136
/Game/AFL/UI/Thumbnails/T_Thumb_Character_Vanta.T_Thumb_Character_Vanta,/Script/Engine.Texture2D,44786,44786,0,0,197136
/Game/AFL/UI/Thumbnails/T_Thumb_Character_Volt.T_Thumb_Character_Volt,/Script/Engine.Texture2D,44782,44782,0,0,197136
/Game/AFL/UI/Thumbnails/T_Thumb_Character_Zen.T_Thumb_Character_Zen,/Script/Engine.Texture2D,44763,44763,0,0,197136
/Game/AFL/UI/Thumbnails/T_Thumb_Edge_Black.T_Thumb_Edge_Black,/Script/Engine.Texture2D,4046,4046,0,0,44602
/Game/AFL/UI/Thumbnails/T_Thumb_Edge_Crimson.T_Thumb_Edge_Crimson,/Script/Engine.Texture2D,7079,7079,0,0,44602
/Game/AFL/UI/Thumbnails/T_Thumb_Edge_Indigo.T_Thumb_Edge_Indigo,/Script/Engine.Texture2D,8169,8169,0,0,44602
/Game/AFL/UI/Thumbnails/T_Thumb_Edge_Lime.T_Thumb_Edge_Lime,/Script/Engine.Texture2D,8502,8502,0,0,44602
/Game/AFL/UI/Thumbnails/T_Thumb_Edge_Magenta.T_Thumb_Edge_Magenta,/Script/Engine.Texture2D,8179,8179,0,0,44602
/Game/AFL/UI/Thumbnails/T_Thumb_Edge_NeonBlue.T_Thumb_Edge_NeonBlue,/Script/Engine.Texture2D,8102,8102,0,0,44610
/Game/AFL/UI/Thumbnails/T_Thumb_Edge_NeonGreen.T_Thumb_Edge_NeonGreen,/Script/Engine.Texture2D,8436,8436,0,0,44610
/Game/AFL/UI/Thumbnails/T_Thumb_Edge_NeonPink.T_Thumb_Edge_NeonPink,/Script/Engine.Texture2D,7992,7992,0,0,44610
/Game/AFL/UI/Thumbnails/T_Thumb_Edge_NeonPurple.T_Thumb_Edge_NeonPurple,/Script/Engine.Texture2D,7752,7752,0,0,44610
/Game/AFL/UI/Thumbnails/T_Thumb_Edge_NeonRed.T_Thumb_Edge_NeonRed,/Script/Engine.Texture2D,7544,7544,0,0,44602
/Game/AFL/UI/Thumbnails/T_Thumb_Edge_NeonYellow.T_Thumb_Edge_NeonYellow,/Script/Engine.Texture2D,8720,8720,0,0,44610
/Game/AFL/UI/Thumbnails/T_Thumb_Edge_Solar.T_Thumb_Edge_Solar,/Script/Engine.Texture2D,8047,8047,0,0,44602
/Game/AFL/UI/Thumbnails/T_Thumb_Facemask_Basic_Brow.T_Thumb_Facemask_Basic_Brow,/Script/Engine.Texture2D,61930,61930,0,0,197144
/Game/AFL/UI/Thumbnails/T_Thumb_Facemask_Basic_Cross.T_Thumb_Facemask_Basic_Cross,/Script/Engine.Texture2D,60553,60553,0,0,197144
/Game/AFL/UI/Thumbnails/T_Thumb_Facemask_Basic_Dot.T_Thumb_Facemask_Basic_Dot,/Script/Engine.Texture2D,60052,60052,0,0,197144
/Game/AFL/UI/Thumbnails/T_Thumb_Facemask_Basic_DotMatrix.T_Thumb_Facemask_Basic_DotMatrix,/Script/Engine.Texture2D,61528,61528,0,0,197152
/Game/AFL/UI/Thumbnails/T_Thumb_Facemask_Basic_Grille.T_Thumb_Facemask_Basic_Grille,/Script/Engine.Texture2D,61970,61970,0,0,197152
/Game/AFL/UI/Thumbnails/T_Thumb_Facemask_Basic_Slit.T_Thumb_Facemask_Basic_Slit,/Script/Engine.Texture2D,61862,61862,0,0,197144
/Game/AFL/UI/Thumbnails/T_Thumb_Facemask_Basic_Solid.T_Thumb_Facemask_Basic_Solid,/Script/Engine.Texture2D,61380,61380,0,0,197144
/Game/AFL/UI/Thumbnails/T_Thumb_Facemask_Basic_Stripe.T_Thumb_Facemask_Basic_Stripe,/Script/Engine.Texture2D,61181,61181,0,0,197152
/Game/AFL/UI/Thumbnails/T_Thumb_Facemask_Basic_Twin.T_Thumb_Facemask_Basic_Twin,/Script/Engine.Texture2D,61755,61755,0,0,197144
/Game/AFL/UI/Thumbnails/T_Thumb_Facemask_Basic_Visor.T_Thumb_Facemask_Basic_Visor,/Script/Engine.Texture2D,61094,61094,0,0,197144
/Game/AFL/UI/Thumbnails/T_Thumb_Facemask_Crew_JollyRoger.T_Thumb_Facemask_Crew_JollyRoger,/Script/Engine.Texture2D,59762,59762,0,0,197152
/Game/AFL/UI/Thumbnails/T_Thumb_Facemask_Flag_Brazil.T_Thumb_Facemask_Flag_Brazil,/Script/Engine.Texture2D,59258,59258,0,0,197144
/Game/AFL/UI/Thumbnails/T_Thumb_Facemask_Flag_Canada.T_Thumb_Facemask_Flag_Canada,/Script/Engine.Texture2D,59137,59137,0,0,197144
/Game/AFL/UI/Thumbnails/T_Thumb_Facemask_Flag_China.T_Thumb_Facemask_Flag_China,/Script/Engine.Texture2D,60529,60529,0,0,197144
/Game/AFL/UI/Thumbnails/T_Thumb_Facemask_Flag_France.T_Thumb_Facemask_Flag_France,/Script/Engine.Texture2D,61394,61394,0,0,197144
/Game/AFL/UI/Thumbnails/T_Thumb_Facemask_Flag_Germany.T_Thumb_Facemask_Flag_Germany,/Script/Engine.Texture2D,60541,60541,0,0,197152
/Game/AFL/UI/Thumbnails/T_Thumb_Facemask_Flag_India.T_Thumb_Facemask_Flag_India,/Script/Engine.Texture2D,61139,61139,0,0,197144
/Game/AFL/UI/Thumbnails/T_Thumb_Facemask_Flag_Indonesia.T_Thumb_Facemask_Flag_Indonesia,/Script/Engine.Texture2D,60724,60724,0,0,197152
/Game/AFL/UI/Thumbnails/T_Thumb_Facemask_Flag_Japan.T_Thumb_Facemask_Flag_Japan,/Script/Engine.Texture2D,60940,60940,0,0,197144
/Game/AFL/UI/Thumbnails/T_Thumb_Facemask_Flag_Korea.T_Thumb_Facemask_Flag_Korea,/Script/Engine.Texture2D,60108,60108,0,0,197144
/Game/AFL/UI/Thumbnails/T_Thumb_Facemask_Flag_Mexico.T_Thumb_Facemask_Flag_Mexico,/Script/Engine.Texture2D,62670,62670,0,0,197144
/Game/AFL/UI/Thumbnails/T_Thumb_Facemask_Flag_Philippines.T_Thumb_Facemask_Flag_Philippines,/Script/Engine.Texture2D,62583,62583,0,0,197160
/Game/AFL/UI/Thumbnails/T_Thumb_Facemask_Flag_UK.T_Thumb_Facemask_Flag_UK,/Script/Engine.Texture2D,63288,63288,0,0,197136
/Game/AFL/UI/Thumbnails/T_Thumb_Facemask_Flag_Vietnam.T_Thumb_Facemask_Flag_Vietnam,/Script/Engine.Texture2D,61490,61490,0,0,197152
/Game/AFL/UI/Thumbnails/T_Thumb_Facemask_Icon_Kawaii.T_Thumb_Facemask_Icon_Kawaii,/Script/Engine.Texture2D,61709,61709,0,0,197144
/Game/AFL/UI/Thumbnails/T_Thumb_Facemask_Icon_Orchard.T_Thumb_Facemask_Icon_Orchard,/Script/Engine.Texture2D,60337,60337,0,0,197152
/Game/AFL/UI/Thumbnails/T_Thumb_Facemask_IroVisor.T_Thumb_Facemask_IroVisor,/Script/Engine.Texture2D,72262,72262,0,0,197144
/Game/AFL/UI/Thumbnails/T_Thumb_Facemask_Nation_Liberty.T_Thumb_Facemask_Nation_Liberty,/Script/Engine.Texture2D,61614,61614,0,0,197152
/Game/AFL/UI/Thumbnails/T_Thumb_Facemask_Riot_Anarchy.T_Thumb_Facemask_Riot_Anarchy,/Script/Engine.Texture2D,61750,61750,0,0,197152
/Game/AFL/UI/Thumbnails/T_Thumb_Facemask_Riot_Freedom.T_Thumb_Facemask_Riot_Freedom,/Script/Engine.Texture2D,61707,61707,0,0,197152
/Game/AFL/UI/Thumbnails/T_Thumb_Facemask_Riot_Traitors.T_Thumb_Facemask_Riot_Traitors,/Script/Engine.Texture2D,61215,61215,0,0,197152
/Game/AFL/UI/Thumbnails/T_Thumb_Facemask_Tech_Circuit.T_Thumb_Facemask_Tech_Circuit,/Script/Engine.Texture2D,61114,61114,0,0,197152
/Game/AFL/UI/Thumbnails/T_Thumb_Finish_Black.T_Thumb_Finish_Black,/Script/Engine.Texture2D,45194,45194,0,0,197128
/Game/AFL/UI/Thumbnails/T_Thumb_Finish_Black_Akuma.T_Thumb_Finish_Black_Akuma,/Script/Engine.Texture2D,45230,45230,0,0,197144
/Game/AFL/UI/Thumbnails/T_Thumb_Finish_Black_Sable.T_Thumb_Finish_Black_Sable,/Script/Engine.Texture2D,44738,44738,0,0,197144
/Game/AFL/UI/Thumbnails/T_Thumb_Finish_Blue.T_Thumb_Finish_Blue,/Script/Engine.Texture2D,45369,45369,0,0,197128
/Game/AFL/UI/Thumbnails/T_Thumb_Finish_Blue_Cosmic.T_Thumb_Finish_Blue_Cosmic,/Script/Engine.Texture2D,45243,45243,0,0,197144
/Game/AFL/UI/Thumbnails/T_Thumb_Finish_Crimson.T_Thumb_Finish_Crimson,/Script/Engine.Texture2D,45711,45711,0,0,197136
/Game/AFL/UI/Thumbnails/T_Thumb_Finish_Cyan_Azure.T_Thumb_Finish_Cyan_Azure,/Script/Engine.Texture2D,45051,45051,0,0,197144
/Game/AFL/UI/Thumbnails/T_Thumb_Finish_Cyan_Cielo.T_Thumb_Finish_Cyan_Cielo,/Script/Engine.Texture2D,45361,45361,0,0,197144
/Game/AFL/UI/Thumbnails/T_Thumb_Finish_GlossBlack.T_Thumb_Finish_GlossBlack,/Script/Engine.Texture2D,45356,45356,0,0,197144
/Game/AFL/UI/Thumbnails/T_Thumb_Finish_Gold_Aurelia.T_Thumb_Finish_Gold_Aurelia,/Script/Engine.Texture2D,44374,44374,0,0,197144
/Game/AFL/UI/Thumbnails/T_Thumb_Finish_Green.T_Thumb_Finish_Green,/Script/Engine.Texture2D,45295,45295,0,0,197128
/Game/AFL/UI/Thumbnails/T_Thumb_Finish_Green_Jade.T_Thumb_Finish_Green_Jade,/Script/Engine.Texture2D,45699,45699,0,0,197144
/Game/AFL/UI/Thumbnails/T_Thumb_Finish_OnyxChrome.T_Thumb_Finish_OnyxChrome,/Script/Engine.Texture2D,45506,45506,0,0,197144
/Game/AFL/UI/Thumbnails/T_Thumb_Finish_Orange_Ember.T_Thumb_Finish_Orange_Ember,/Script/Engine.Texture2D,44812,44812,0,0,197144
/Game/AFL/UI/Thumbnails/T_Thumb_Finish_Orange_Solar.T_Thumb_Finish_Orange_Solar,/Script/Engine.Texture2D,44885,44885,0,0,197144
/Game/AFL/UI/Thumbnails/T_Thumb_Finish_Pink.T_Thumb_Finish_Pink,/Script/Engine.Texture2D,44823,44823,0,0,197128
/Game/AFL/UI/Thumbnails/T_Thumb_Finish_Purple.T_Thumb_Finish_Purple,/Script/Engine.Texture2D,44903,44903,0,0,197136
/Game/AFL/UI/Thumbnails/T_Thumb_Finish_Red.T_Thumb_Finish_Red,/Script/Engine.Texture2D,45037,45037,0,0,197128
/Game/AFL/UI/Thumbnails/T_Thumb_Finish_Red_Dragon.T_Thumb_Finish_Red_Dragon,/Script/Engine.Texture2D,45133,45133,0,0,197144
/Game/AFL/UI/Thumbnails/T_Thumb_Finish_Red_Talon.T_Thumb_Finish_Red_Talon,/Script/Engine.Texture2D,45046,45046,0,0,197136
/Game/AFL/UI/Thumbnails/T_Thumb_Finish_Steel_Ronin.T_Thumb_Finish_Steel_Ronin,/Script/Engine.Texture2D,44382,44382,0,0,197144
/Game/AFL/UI/Thumbnails/T_Thumb_Finish_Teal_Rift.T_Thumb_Finish_Teal_Rift,/Script/Engine.Texture2D,44552,44552,0,0,197136
/Game/AFL/UI/Thumbnails/T_Thumb_Finish_Violet_Astra.T_Thumb_Finish_Violet_Astra,/Script/Engine.Texture2D,44176,44176,0,0,197144
/Game/AFL/UI/Thumbnails/T_Thumb_Finish_Violet_Indigo.T_Thumb_Finish_Violet_Indigo,/Script/Engine.Texture2D,44854,44854,0,0,197144
/Game/AFL/UI/Thumbnails/T_Thumb_Finish_Violet_Stealth.T_Thumb_Finish_Violet_Stealth,/Script/Engine.Texture2D,44518,44518,0,0,197152
/Game/AFL/UI/Thumbnails/T_Thumb_Finish_White_Halo.T_Thumb_Finish_White_Halo,/Script/Engine.Texture2D,43492,43492,0,0,197144
/Game/AFL/UI/Thumbnails/T_Thumb_Finish_White_Valkyr.T_Thumb_Finish_White_Valkyr,/Script/Engine.Texture2D,43436,43436,0,0,197144
/Game/AFL/UI/Thumbnails/T_Thumb_Finish_Yellow.T_Thumb_Finish_Yellow,/Script/Engine.Texture2D,44575,44575,0,0,197136
/Game/AFL/UI/Thumbnails/T_Thumb_Team_ARIA.T_Thumb_Team_ARIA,/Script/Engine.Texture2D,44787,44787,0,0,197128
/Game/AFL/UI/Thumbnails/T_Thumb_Team_FANATICS.T_Thumb_Team_FANATICS,/Script/Engine.Texture2D,44660,44660,0,0,197136
/Game/AFL/UI/Thumbnails/T_Thumb_Team_IRONICS.T_Thumb_Team_IRONICS,/Script/Engine.Texture2D,44647,44647,0,0,197128
/Game/AFL/UI/Thumbnails/T_Thumb_Team_MAKHIAVELLI.T_Thumb_Team_MAKHIAVELLI,/Script/Engine.Texture2D,44793,44793,0,0,197136
/Game/AFL/UI/Thumbnails/T_Thumb_Team_SCARLETT.T_Thumb_Team_SCARLETT,/Script/Engine.Texture2D,44589,44589,0,0,197136
/Game/AFL/UI/Thumbnails/T_Thumb_Weapon_Arclight.T_Thumb_Weapon_Arclight,/Script/Engine.Texture2D,63081,63081,0,0,197136
/Game/AFL/UI/Thumbnails/T_Thumb_Weapon_Breacher.T_Thumb_Weapon_Breacher,/Script/Engine.Texture2D,65412,65412,0,0,197136
/Game/AFL/UI/Thumbnails/T_Thumb_Weapon_DE42.T_Thumb_Weapon_DE42,/Script/Engine.Texture2D,63006,63006,0,0,197128
/Game/AFL/UI/Thumbnails/T_Thumb_Weapon_GTM.T_Thumb_Weapon_GTM,/Script/Engine.Texture2D,66483,66483,0,0,197128
/Game/AFL/UI/Thumbnails/T_Thumb_Weapon_Ioncaster.T_Thumb_Weapon_Ioncaster,/Script/Engine.Texture2D,67866,67866,0,0,197136
/Game/AFL/UI/Thumbnails/T_Thumb_Weapon_Judge45.T_Thumb_Weapon_Judge45,/Script/Engine.Texture2D,65196,65196,0,0,197136
/Game/AFL/UI/Thumbnails/T_Thumb_Weapon_N90.T_Thumb_Weapon_N90,/Script/Engine.Texture2D,65554,65554,0,0,197128
/Game/AFL/UI/Thumbnails/T_Thumb_Weapon_NFP16.T_Thumb_Weapon_NFP16,/Script/Engine.Texture2D,64332,64332,0,0,197128
/Game/AFL/UI/Thumbnails/T_Thumb_Weapon_PP9.T_Thumb_Weapon_PP9,/Script/Engine.Texture2D,64413,64413,0,0,197128
/Game/AFL/UI/Thumbnails/T_Thumb_Weapon_Remore.T_Thumb_Weapon_Remore,/Script/Engine.Texture2D,65170,65170,0,0,197136
/Game/AFL/UI/Thumbnails/T_Thumb_Weapon_Tempest.T_Thumb_Weapon_Tempest,/Script/Engine.Texture2D,66048,66048,0,0,197136
/Game/AFL/UI/Thumbnails/T_Thumb_Weapon_Vanguard.T_Thumb_Weapon_Vanguard,/Script/Engine.Texture2D,65241,65241,0,0,197136
/Game/AFL/UI/Thumbnails/T_Thumb_Weapon_Voltaic.T_Thumb_Weapon_Voltaic,/Script/Engine.Texture2D,62476,62476,0,0,197136
/Game/AFL/UI/Thumbnails/T_Thumb_WeaponSkin_NeonCamo_AcidLemon.T_Thumb_WeaponSkin_NeonCamo_AcidLemon,/Script/Engine.Texture2D,67107,67107,0,0,197168
/Game/AFL/UI/Thumbnails/T_Thumb_WeaponSkin_NeonCamo_Amber.T_Thumb_WeaponSkin_NeonCamo_Amber,/Script/Engine.Texture2D,60204,60204,0,0,197160
/Game/AFL/UI/Thumbnails/T_Thumb_WeaponSkin_NeonCamo_ArcViolet.T_Thumb_WeaponSkin_NeonCamo_ArcViolet,/Script/Engine.Texture2D,72436,72436,0,0,197168
/Game/AFL/UI/Thumbnails/T_Thumb_WeaponSkin_NeonCamo_AzureSurge.T_Thumb_WeaponSkin_NeonCamo_AzureSurge,/Script/Engine.Texture2D,72233,72233,0,0,197168
/Game/AFL/UI/Thumbnails/T_Thumb_WeaponSkin_NeonCamo_Black.T_Thumb_WeaponSkin_NeonCamo_Black,/Script/Engine.Texture2D,64162,64162,0,0,197160
/Game/AFL/UI/Thumbnails/T_Thumb_WeaponSkin_NeonCamo_BloodPlasma.T_Thumb_WeaponSkin_NeonCamo_BloodPlasma,/Script/Engine.Texture2D,61626,61626,0,0,197168
/Game/AFL/UI/Thumbnails/T_Thumb_WeaponSkin_NeonCamo_BubblegumFrost.T_Thumb_WeaponSkin_NeonCamo_BubblegumFrost,/Script/Engine.Texture2D,59206,59206,0,0,197176
/Game/AFL/UI/Thumbnails/T_Thumb_WeaponSkin_NeonCamo_CobaltDeep.T_Thumb_WeaponSkin_NeonCamo_CobaltDeep,/Script/Engine.Texture2D,62143,62143,0,0,197168
/Game/AFL/UI/Thumbnails/T_Thumb_WeaponSkin_NeonCamo_CrimsonArc.T_Thumb_WeaponSkin_NeonCamo_CrimsonArc,/Script/Engine.Texture2D,60350,60350,0,0,197168
/Game/AFL/UI/Thumbnails/T_Thumb_WeaponSkin_NeonCamo_CyanMagenta.T_Thumb_WeaponSkin_NeonCamo_CyanMagenta,/Script/Engine.Texture2D,67683,67683,0,0,197168
/Game/AFL/UI/Thumbnails/T_Thumb_WeaponSkin_NeonCamo_DeepAmethyst.T_Thumb_WeaponSkin_NeonCamo_DeepAmethyst,/Script/Engine.Texture2D,67656,67656,0,0,197168
/Game/AFL/UI/Thumbnails/T_Thumb_WeaponSkin_NeonCamo_ElectricBlue.T_Thumb_WeaponSkin_NeonCamo_ElectricBlue,/Script/Engine.Texture2D,60955,60955,0,0,197168
/Game/AFL/UI/Thumbnails/T_Thumb_WeaponSkin_NeonCamo_EmeraldPlasma.T_Thumb_WeaponSkin_NeonCamo_EmeraldPlasma,/Script/Engine.Texture2D,62462,62462,0,0,197176
/Game/AFL/UI/Thumbnails/T_Thumb_WeaponSkin_NeonCamo_FuchsiaGlow.T_Thumb_WeaponSkin_NeonCamo_FuchsiaGlow,/Script/Engine.Texture2D,63309,63309,0,0,197168
/Game/AFL/UI/Thumbnails/T_Thumb_WeaponSkin_NeonCamo_GlacierFrost.T_Thumb_WeaponSkin_NeonCamo_GlacierFrost,/Script/Engine.Texture2D,60525,60525,0,0,197168
/Game/AFL/UI/Thumbnails/T_Thumb_WeaponSkin_NeonCamo_GlitchAcid.T_Thumb_WeaponSkin_NeonCamo_GlitchAcid,/Script/Engine.Texture2D,61417,61417,0,0,197168
/Game/AFL/UI/Thumbnails/T_Thumb_WeaponSkin_NeonCamo_GlitchInferno.T_Thumb_WeaponSkin_NeonCamo_GlitchInferno,/Script/Engine.Texture2D,70300,70300,0,0,197176
/Game/AFL/UI/Thumbnails/T_Thumb_WeaponSkin_NeonCamo_GlitchLegend.T_Thumb_WeaponSkin_NeonCamo_GlitchLegend,/Script/Engine.Texture2D,69959,69959,0,0,197168
/Game/AFL/UI/Thumbnails/T_Thumb_WeaponSkin_NeonCamo_GlitchMagenta.T_Thumb_WeaponSkin_NeonCamo_GlitchMagenta,/Script/Engine.Texture2D,66195,66195,0,0,197176
/Game/AFL/UI/Thumbnails/T_Thumb_WeaponSkin_NeonCamo_GlitchNova.T_Thumb_WeaponSkin_NeonCamo_GlitchNova,/Script/Engine.Texture2D,60132,60132,0,0,197168
/Game/AFL/UI/Thumbnails/T_Thumb_WeaponSkin_NeonCamo_GlitchOrchid.T_Thumb_WeaponSkin_NeonCamo_GlitchOrchid,/Script/Engine.Texture2D,62650,62650,0,0,197168
/Game/AFL/UI/Thumbnails/T_Thumb_WeaponSkin_NeonCamo_GlitchVoid.T_Thumb_WeaponSkin_NeonCamo_GlitchVoid,/Script/Engine.Texture2D,62554,62554,0,0,197168
/Game/AFL/UI/Thumbnails/T_Thumb_WeaponSkin_NeonCamo_GoldPlasma.T_Thumb_WeaponSkin_NeonCamo_GoldPlasma,/Script/Engine.Texture2D,59320,59320,0,0,197168
/Game/AFL/UI/Thumbnails/T_Thumb_WeaponSkin_NeonCamo_GreenGold.T_Thumb_WeaponSkin_NeonCamo_GreenGold,/Script/Engine.Texture2D,60297,60297,0,0,197168
/Game/AFL/UI/Thumbnails/T_Thumb_WeaponSkin_NeonCamo_HotPink.T_Thumb_WeaponSkin_NeonCamo_HotPink,/Script/Engine.Texture2D,60257,60257,0,0,197160
/Game/AFL/UI/Thumbnails/T_Thumb_WeaponSkin_NeonCamo_IceCyan.T_Thumb_WeaponSkin_NeonCamo_IceCyan,/Script/Engine.Texture2D,63276,63276,0,0,197160
/Game/AFL/UI/Thumbnails/T_Thumb_WeaponSkin_NeonCamo_InfernoRed.T_Thumb_WeaponSkin_NeonCamo_InfernoRed,/Script/Engine.Texture2D,60566,60566,0,0,197168
/Game/AFL/UI/Thumbnails/T_Thumb_WeaponSkin_NeonCamo_JadeVenom.T_Thumb_WeaponSkin_NeonCamo_JadeVenom,/Script/Engine.Texture2D,62954,62954,0,0,197168
/Game/AFL/UI/Thumbnails/T_Thumb_WeaponSkin_NeonCamo_LavenderGlow.T_Thumb_WeaponSkin_NeonCamo_LavenderGlow,/Script/Engine.Texture2D,58944,58944,0,0,197168
/Game/AFL/UI/Thumbnails/T_Thumb_WeaponSkin_NeonCamo_MintFrost.T_Thumb_WeaponSkin_NeonCamo_MintFrost,/Script/Engine.Texture2D,58643,58643,0,0,197168
/Game/AFL/UI/Thumbnails/T_Thumb_WeaponSkin_NeonCamo_NeonLime.T_Thumb_WeaponSkin_NeonCamo_NeonLime,/Script/Engine.Texture2D,60504,60504,0,0,197160
/Game/AFL/UI/Thumbnails/T_Thumb_WeaponSkin_NeonCamo_NeonMagenta.T_Thumb_WeaponSkin_NeonCamo_NeonMagenta,/Script/Engine.Texture2D,70926,70926,0,0,197168
/Game/AFL/UI/Thumbnails/T_Thumb_WeaponSkin_NeonCamo_NeonOrchid.T_Thumb_WeaponSkin_NeonCamo_NeonOrchid,/Script/Engine.Texture2D,71244,71244,0,0,197168
/Game/AFL/UI/Thumbnails/T_Thumb_WeaponSkin_NeonCamo_NeonScarlet.T_Thumb_WeaponSkin_NeonCamo_NeonScarlet,/Script/Engine.Texture2D,67425,67425,0,0,197168
/Game/AFL/UI/Thumbnails/T_Thumb_WeaponSkin_NeonCamo_NeonYellow.T_Thumb_WeaponSkin_NeonCamo_NeonYellow,/Script/Engine.Texture2D,61661,61661,0,0,197168
/Game/AFL/UI/Thumbnails/T_Thumb_WeaponSkin_NeonCamo_PaleCitrine.T_Thumb_WeaponSkin_NeonCamo_PaleCitrine,/Script/Engine.Texture2D,58346,58346,0,0,197168
/Game/AFL/UI/Thumbnails/T_Thumb_WeaponSkin_NeonCamo_PlasmaIndigo.T_Thumb_WeaponSkin_NeonCamo_PlasmaIndigo,/Script/Engine.Texture2D,62564,62564,0,0,197168
/Game/AFL/UI/Thumbnails/T_Thumb_WeaponSkin_NeonCamo_PrismAmethyst.T_Thumb_WeaponSkin_NeonCamo_PrismAmethyst,/Script/Engine.Texture2D,59827,59827,0,0,197176
/Game/AFL/UI/Thumbnails/T_Thumb_WeaponSkin_NeonCamo_PrismArc.T_Thumb_WeaponSkin_NeonCamo_PrismArc,/Script/Engine.Texture2D,60995,60995,0,0,197160
/Game/AFL/UI/Thumbnails/T_Thumb_WeaponSkin_NeonCamo_PrismCrimson.T_Thumb_WeaponSkin_NeonCamo_PrismCrimson,/Script/Engine.Texture2D,60576,60576,0,0,197168
/Game/AFL/UI/Thumbnails/T_Thumb_WeaponSkin_NeonCamo_PrismFuchsia.T_Thumb_WeaponSkin_NeonCamo_PrismFuchsia,/Script/Engine.Texture2D,63928,63928,0,0,197168
/Game/AFL/UI/Thumbnails/T_Thumb_WeaponSkin_NeonCamo_PrismSolar.T_Thumb_WeaponSkin_NeonCamo_PrismSolar,/Script/Engine.Texture2D,60225,60225,0,0,197168
/Game/AFL/UI/Thumbnails/T_Thumb_WeaponSkin_NeonCamo_PrismVenom.T_Thumb_WeaponSkin_NeonCamo_PrismVenom,/Script/Engine.Texture2D,61802,61802,0,0,197168
/Game/AFL/UI/Thumbnails/T_Thumb_WeaponSkin_NeonCamo_RoseEmber.T_Thumb_WeaponSkin_NeonCamo_RoseEmber,/Script/Engine.Texture2D,59330,59330,0,0,197168
/Game/AFL/UI/Thumbnails/T_Thumb_WeaponSkin_NeonCamo_RosePlasma.T_Thumb_WeaponSkin_NeonCamo_RosePlasma,/Script/Engine.Texture2D,59404,59404,0,0,197168
/Game/AFL/UI/Thumbnails/T_Thumb_WeaponSkin_NeonCamo_RubyGlow.T_Thumb_WeaponSkin_NeonCamo_RubyGlow,/Script/Engine.Texture2D,60317,60317,0,0,197160
/Game/AFL/UI/Thumbnails/T_Thumb_WeaponSkin_NeonCamo_SapphireNight.T_Thumb_WeaponSkin_NeonCamo_SapphireNight,/Script/Engine.Texture2D,60340,60340,0,0,197176
/Game/AFL/UI/Thumbnails/T_Thumb_WeaponSkin_NeonCamo_SolarFlare.T_Thumb_WeaponSkin_NeonCamo_SolarFlare,/Script/Engine.Texture2D,59602,59602,0,0,197168
/Game/AFL/UI/Thumbnails/T_Thumb_WeaponSkin_NeonCamo_ToxicGreen.T_Thumb_WeaponSkin_NeonCamo_ToxicGreen,/Script/Engine.Texture2D,61999,61999,0,0,197168
/Game/AFL/UI/Thumbnails/T_Thumb_WeaponSkin_NeonCamo_VoidViolet.T_Thumb_WeaponSkin_NeonCamo_VoidViolet,/Script/Engine.Texture2D,60588,60588,0,0,197168
/Game/BagMan/Abilities/EMP/Mesh/SM_AFL_EMP_Grenade_v1/Textures/Color_68595705-7be7-4983-b85a-c2cffb2e59c9.Color_68595705-7be7-4983-b85a-c2cffb2e59c9,/Script/Engine.Texture2D,1590080,1590080,0,0,2797346
/Game/BagMan/Abilities/EMP/Mesh/SM_AFL_EMP_Grenade_v1/Textures/NormalGL_68595705-7be7-4983-b85a-c2cffb2e59c9.NormalGL_68595705-7be7-4983-b85a-c2cffb2e59c9,/Script/Engine.Texture2D,1983863,1983863,0,0,5593567
/Game/BagMan/Abilities/EMP/Mesh/SM_AFL_EMP_Grenade_v1/Textures/ORM_68595705-7be7-4983-b85a-c2cffb2e59c9.ORM_68595705-7be7-4983-b85a-c2cffb2e59c9,/Script/Engine.Texture2D,738332,738332,0,0,2797341
/Game/BagMan/Characters/Cosmetics/Brand/T_AFL_Brand_FANATICS_Mask.T_AFL_Brand_FANATICS_Mask,/Script/Engine.Texture2D,16040,16040,0,0,700095
/Game/BagMan/Characters/Cosmetics/Helmet/Textures/T_AFL_Visor_Anarchy.T_AFL_Visor_Anarchy,/Script/Engine.Texture2D,265174,265174,0,0,1399123
/Game/BagMan/Characters/Cosmetics/Helmet/Textures/T_AFL_Visor_BasicVisor.T_AFL_Visor_BasicVisor,/Script/Engine.Texture2D,228161,228161,0,0,1399131
/Game/BagMan/Characters/Cosmetics/Helmet/Textures/T_AFL_Visor_BrazilVerde.T_AFL_Visor_BrazilVerde,/Script/Engine.Texture2D,231317,231317,0,0,1399131
/Game/BagMan/Characters/Cosmetics/Helmet/Textures/T_AFL_Visor_Brow.T_AFL_Visor_Brow,/Script/Engine.Texture2D,217098,217098,0,0,1399115
/Game/BagMan/Characters/Cosmetics/Helmet/Textures/T_AFL_Visor_CanadaMaple.T_AFL_Visor_CanadaMaple,/Script/Engine.Texture2D,229285,229285,0,0,1399131
/Game/BagMan/Characters/Cosmetics/Helmet/Textures/T_AFL_Visor_Cross.T_AFL_Visor_Cross,/Script/Engine.Texture2D,207567,207567,0,0,1399123
/Game/BagMan/Characters/Cosmetics/Helmet/Textures/T_AFL_Visor_Dot.T_AFL_Visor_Dot,/Script/Engine.Texture2D,228276,228276,0,0,1399115
/Game/BagMan/Characters/Cosmetics/Helmet/Textures/T_AFL_Visor_DotMatrix.T_AFL_Visor_DotMatrix,/Script/Engine.Texture2D,226748,226748,0,0,1399131
/Game/BagMan/Characters/Cosmetics/Helmet/Textures/T_AFL_Visor_DragonChina.T_AFL_Visor_DragonChina,/Script/Engine.Texture2D,288336,288336,0,0,1399131
/Game/BagMan/Characters/Cosmetics/Helmet/Textures/T_AFL_Visor_FANATICS.T_AFL_Visor_FANATICS,/Script/Engine.Texture2D,2131481,2131481,0,0,6290617
/Game/BagMan/Characters/Cosmetics/Helmet/Textures/T_AFL_Visor_FrancePhantom.T_AFL_Visor_FrancePhantom,/Script/Engine.Texture2D,254567,254567,0,0,1399139
/Game/BagMan/Characters/Cosmetics/Helmet/Textures/T_AFL_Visor_FreedomFighter.T_AFL_Visor_FreedomFighter,/Script/Engine.Texture2D,246674,246674,0,0,1399139
/Game/BagMan/Characters/Cosmetics/Helmet/Textures/T_AFL_Visor_GermanyCircuit.T_AFL_Visor_GermanyCircuit,/Script/Engine.Texture2D,266498,266498,0,0,1399139
/Game/BagMan/Characters/Cosmetics/Helmet/Textures/T_AFL_Visor_Grille.T_AFL_Visor_Grille,/Script/Engine.Texture2D,210282,210282,0,0,1399123
/Game/BagMan/Characters/Cosmetics/Helmet/Textures/T_AFL_Visor_IndiaChakra.T_AFL_Visor_IndiaChakra,/Script/Engine.Texture2D,252937,252937,0,0,1399131
/Game/BagMan/Characters/Cosmetics/Helmet/Textures/T_AFL_Visor_IndonesiaRed.T_AFL_Visor_IndonesiaRed,/Script/Engine.Texture2D,245885,245885,0,0,1399131
/Game/BagMan/Characters/Cosmetics/Helmet/Textures/T_AFL_Visor_Ironics.T_AFL_Visor_Ironics,/Script/Engine.Texture2D,739353,739353,0,0,6290620
/Game/BagMan/Characters/Cosmetics/Helmet/Textures/T_AFL_Visor_JapanSolar.T_AFL_Visor_JapanSolar,/Script/Engine.Texture2D,227510,227510,0,0,1399131
/Game/BagMan/Characters/Cosmetics/Helmet/Textures/T_AFL_Visor_JollyRoger.T_AFL_Visor_JollyRoger,/Script/Engine.Texture2D,248406,248406,0,0,1399131
/Game/BagMan/Characters/Cosmetics/Helmet/Textures/T_AFL_Visor_Kawaii.T_AFL_Visor_Kawaii,/Script/Engine.Texture2D,254078,254078,0,0,1399123
/Game/BagMan/Characters/Cosmetics/Helmet/Textures/T_AFL_Visor_Liberty1776.T_AFL_Visor_Liberty1776,/Script/Engine.Texture2D,252748,252748,0,0,1399131
/Game/BagMan/Characters/Cosmetics/Helmet/Textures/T_AFL_Visor_LotusVietnam.T_AFL_Visor_LotusVietnam,/Script/Engine.Texture2D,226202,226202,0,0,1399131
/Game/BagMan/Characters/Cosmetics/Helmet/Textures/T_AFL_Visor_MexicoEagle.T_AFL_Visor_MexicoEagle,/Script/Engine.Texture2D,232869,232869,0,0,1399131
/Game/BagMan/Characters/Cosmetics/Helmet/Textures/T_AFL_Visor_Orchard.T_AFL_Visor_Orchard,/Script/Engine.Texture2D,262569,262569,0,0,1399123
/Game/BagMan/Characters/Cosmetics/Helmet/Textures/T_AFL_Visor_PhilippinesSun.T_AFL_Visor_PhilippinesSun,/Script/Engine.Texture2D,230384,230384,0,0,1399139
/Game/BagMan/Characters/Cosmetics/Helmet/Textures/T_AFL_Visor_Slit.T_AFL_Visor_Slit,/Script/Engine.Texture2D,215241,215241,0,0,1399115
/Game/BagMan/Characters/Cosmetics/Helmet/Textures/T_AFL_Visor_Solid.T_AFL_Visor_Solid,/Script/Engine.Texture2D,221540,221540,0,0,1399123
/Game/BagMan/Characters/Cosmetics/Helmet/Textures/T_AFL_Visor_Stripe.T_AFL_Visor_Stripe,/Script/Engine.Texture2D,210474,210474,0,0,1399123
/Game/BagMan/Characters/Cosmetics/Helmet/Textures/T_AFL_Visor_TaegukKorea.T_AFL_Visor_TaegukKorea,/Script/Engine.Texture2D,227198,227198,0,0,1399131
/Game/BagMan/Characters/Cosmetics/Helmet/Textures/T_AFL_Visor_TechCircuit.T_AFL_Visor_TechCircuit,/Script/Engine.Texture2D,218552,218552,0,0,1399131
/Game/BagMan/Characters/Cosmetics/Helmet/Textures/T_AFL_Visor_TraitorsHang.T_AFL_Visor_TraitorsHang,/Script/Engine.Texture2D,238512,238512,0,0,1399131
/Game/BagMan/Characters/Cosmetics/Helmet/Textures/T_AFL_Visor_Twin.T_AFL_Visor_Twin,/Script/Engine.Texture2D,219773,219773,0,0,1399115
/Game/BagMan/Characters/Cosmetics/Helmet/Textures/T_AFL_Visor_UKUnionJack.T_AFL_Visor_UKUnionJack,/Script/Engine.Texture2D,254316,254316,0,0,1399131
/Game/BagMan/Characters/Cosmetics/IRONICS_Blank/Textures/T_AFL_IRONICS_Color.T_AFL_IRONICS_Color,/Script/Engine.Texture2D,3696731,3696731,0,0,11185946
/Game/BagMan/Characters/Cosmetics/IRONICS_Blank/Textures/T_AFL_IRONICS_NormalDX.T_AFL_IRONICS_NormalDX,/Script/Engine.Texture2D,3771912,3771912,0,0,22370786
/Game/BagMan/Characters/Cosmetics/IRONICS_Blank/Textures/T_AFL_IRONICS_ORM.T_AFL_IRONICS_ORM,/Script/Engine.Texture2D,2627998,2627998,0,0,11185952
/Game/BagMan/Equipment/Akuma/T_AFL_Akuma_Color.T_AFL_Akuma_Color,/Script/Engine.Texture2D,1087641,1087641,0,0,2797258
/Game/BagMan/Equipment/Akuma/T_AFL_Akuma_Normal.T_AFL_Akuma_Normal,/Script/Engine.Texture2D,1571613,1571613,0,0,5593482
/Game/BagMan/Equipment/Akuma/T_AFL_Akuma_ORM.T_AFL_Akuma_ORM,/Script/Engine.Texture2D,854736,854736,0,0,2797264
/Game/BagMan/Equipment/Aria/T_AFL_Aria_Chord_Color.T_AFL_Aria_Chord_Color,/Script/Engine.Texture2D,1247721,1247721,0,0,2797266
/Game/BagMan/Equipment/Aria/T_AFL_Aria_Chord_NormalGL.T_AFL_Aria_Chord_NormalGL,/Script/Engine.Texture2D,1876983,1876983,0,0,5593498
/Game/BagMan/Equipment/Aria/T_AFL_Aria_Chord_ORM.T_AFL_Aria_Chord_ORM,/Script/Engine.Texture2D,1023489,1023489,0,0,2797272
/Game/BagMan/Equipment/Astra/T_AFL_Astra_Zenith_Color.T_AFL_Astra_Zenith_Color,/Script/Engine.Texture2D,1187303,1187303,0,0,2797274
/Game/BagMan/Equipment/Astra/T_AFL_Astra_Zenith_NormalGL.T_AFL_Astra_Zenith_NormalGL,/Script/Engine.Texture2D,1526259,1526259,0,0,5593506
/Game/BagMan/Equipment/Astra/T_AFL_Astra_Zenith_ORM.T_AFL_Astra_Zenith_ORM,/Script/Engine.Texture2D,799722,799722,0,0,2797272
/Game/BagMan/Equipment/Aurelia/T_AFL_Aurelia_Nimbus_Color.T_AFL_Aurelia_Nimbus_Color,/Script/Engine.Texture2D,1262827,1262827,0,0,2797282
/Game/BagMan/Equipment/Aurelia/T_AFL_Aurelia_Nimbus_NormalGL.T_AFL_Aurelia_Nimbus_NormalGL,/Script/Engine.Texture2D,1883034,1883034,0,0,5593506
/Game/BagMan/Equipment/Aurelia/T_AFL_Aurelia_Nimbus_ORM.T_AFL_Aurelia_Nimbus_ORM,/Script/Engine.Texture2D,1001457,1001457,0,0,2797280
/Game/BagMan/Equipment/Azura/T_AFL_Azura_Prism_Color.T_AFL_Azura_Prism_Color,/Script/Engine.Texture2D,1345383,1345383,0,0,2797274
/Game/BagMan/Equipment/Azura/T_AFL_Azura_Prism_NormalGL.T_AFL_Azura_Prism_NormalGL,/Script/Engine.Texture2D,1194967,1194967,0,0,5593498
/Game/BagMan/Equipment/Azura/T_AFL_Azura_Prism_ORM.T_AFL_Azura_Prism_ORM,/Script/Engine.Texture2D,1118168,1118168,0,0,2797272
/Game/BagMan/Equipment/BeamCutter/T_AFL_BeamCutter_Color.T_AFL_BeamCutter_Color,/Script/Engine.Texture2D,3955317,3955317,0,0,11185930
/Game/BagMan/Equipment/BeamCutter/T_AFL_BeamCutter_NormalGL.T_AFL_BeamCutter_NormalGL,/Script/Engine.Texture2D,3761941,3761941,0,0,22370770
/Game/BagMan/Equipment/BeamCutter/T_AFL_BeamCutter_ORM.T_AFL_BeamCutter_ORM,/Script/Engine.Texture2D,2646798,2646798,0,0,11185936
/Game/BagMan/Equipment/BigSixx/T_AFL_BigSixx_Nest_Color.T_AFL_BigSixx_Nest_Color,/Script/Engine.Texture2D,1162893,1162893,0,0,2797274
/Game/BagMan/Equipment/BigSixx/T_AFL_BigSixx_Nest_Normal.T_AFL_BigSixx_Nest_Normal,/Script/Engine.Texture2D,1576482,1576482,0,0,5593498
/Game/BagMan/Equipment/BigSixx/T_AFL_BigSixx_Nest_ORM.T_AFL_BigSixx_Nest_ORM,/Script/Engine.Texture2D,906368,906368,0,0,2797280
/Game/BagMan/Equipment/Breachbolt/T_AFL_Breachbolt_Color.T_AFL_Breachbolt_Color,/Script/Engine.Texture2D,1286008,1286008,0,0,2797274
/Game/BagMan/Equipment/Breachbolt/T_AFL_Breachbolt_Normal.T_AFL_Breachbolt_Normal,/Script/Engine.Texture2D,2059607,2059607,0,0,5593498
/Game/BagMan/Equipment/Breachbolt/T_AFL_Breachbolt_ORM.T_AFL_Breachbolt_ORM,/Script/Engine.Texture2D,1069249,1069249,0,0,2797280
/Game/BagMan/Equipment/Cielo/T_AFL_Cielo_Vane_Color.T_AFL_Cielo_Vane_Color,/Script/Engine.Texture2D,1427953,1427953,0,0,2797266
/Game/BagMan/Equipment/Cielo/T_AFL_Cielo_Vane_NormalGL.T_AFL_Cielo_Vane_NormalGL,/Script/Engine.Texture2D,1851197,1851197,0,0,5593498
/Game/BagMan/Equipment/Cielo/T_AFL_Cielo_Vane_ORM.T_AFL_Cielo_Vane_ORM,/Script/Engine.Texture2D,782355,782355,0,0,2797272
/Game/BagMan/Equipment/Coralis/T_AFL_Coralis_Color.T_AFL_Coralis_Color,/Script/Engine.Texture2D,1254246,1254246,0,0,2797266
/Game/BagMan/Equipment/Coralis/T_AFL_Coralis_Normal.T_AFL_Coralis_Normal,/Script/Engine.Texture2D,1969308,1969308,0,0,5593490
/Game/BagMan/Equipment/Coralis/T_AFL_Coralis_ORM.T_AFL_Coralis_ORM,/Script/Engine.Texture2D,809326,809326,0,0,2797264
/Game/BagMan/Equipment/Draco/T_AFL_Draco_Wyrmfang_Color.T_AFL_Draco_Wyrmfang_Color,/Script/Engine.Texture2D,1253970,1253970,0,0,2797274
/Game/BagMan/Equipment/Draco/T_AFL_Draco_Wyrmfang_Normal.T_AFL_Draco_Wyrmfang_Normal,/Script/Engine.Texture2D,1785263,1785263,0,0,5593506
/Game/BagMan/Equipment/Draco/T_AFL_Draco_Wyrmfang_ORM.T_AFL_Draco_Wyrmfang_ORM,/Script/Engine.Texture2D,1111481,1111481,0,0,2797280
/Game/BagMan/Equipment/Duskbeam/T_AFL_Duskbeam_Color.T_AFL_Duskbeam_Color,/Script/Engine.Texture2D,936044,936044,0,0,2797266
/Game/BagMan/Equipment/Duskbeam/T_AFL_Duskbeam_Normal.T_AFL_Duskbeam_Normal,/Script/Engine.Texture2D,1598214,1598214,0,0,5593490
/Game/BagMan/Equipment/Duskbeam/T_AFL_Duskbeam_ORM.T_AFL_Duskbeam_ORM,/Script/Engine.Texture2D,611703,611703,0,0,2797272
/Game/BagMan/Equipment/Ember/T_AFL_Ember_Forgemaw_Color.T_AFL_Ember_Forgemaw_Color,/Script/Engine.Texture2D,1273726,1273726,0,0,2797274
/Game/BagMan/Equipment/Ember/T_AFL_Ember_Forgemaw_NormalGL.T_AFL_Ember_Forgemaw_NormalGL,/Script/Engine.Texture2D,1616470,1616470,0,0,5593506
/Game/BagMan/Equipment/Ember/T_AFL_Ember_Forgemaw_ORM.T_AFL_Ember_Forgemaw_ORM,/Script/Engine.Texture2D,1056656,1056656,0,0,2797280
/Game/BagMan/Equipment/Emberpulse/T_AFL_Emberpulse_Color.T_AFL_Emberpulse_Color,/Script/Engine.Texture2D,1367521,1367521,0,0,2797274
/Game/BagMan/Equipment/Emberpulse/T_AFL_Emberpulse_Normal.T_AFL_Emberpulse_Normal,/Script/Engine.Texture2D,1754587,1754587,0,0,5593498
/Game/BagMan/Equipment/Emberpulse/T_AFL_Emberpulse_ORM.T_AFL_Emberpulse_ORM,/Script/Engine.Texture2D,912952,912952,0,0,2797280
/Game/BagMan/Equipment/EMPDevice/T_AFL_Branding_C12_Mask.T_AFL_Branding_C12_Mask,/Script/Engine.Texture2D,22404,22404,0,0,1399218
/Game/BagMan/Equipment/EMPDevice/T_AFL_EMPDevice_Color.T_AFL_EMPDevice_Color,/Script/Engine.Texture2D,2735524,2735524,0,0,11185930
/Game/BagMan/Equipment/EMPDevice/T_AFL_EMPDevice_NormalGL.T_AFL_EMPDevice_NormalGL,/Script/Engine.Texture2D,978935,978935,0,0,22370762
/Game/BagMan/Equipment/EMPDevice/T_AFL_EMPDevice_ORM.T_AFL_EMPDevice_ORM,/Script/Engine.Texture2D,4182310,4182310,0,0,11185928
/Game/BagMan/Equipment/FANATICS/T_AFL_FANATICS_Color.T_AFL_FANATICS_Color,/Script/Engine.Texture2D,830159,830159,0,0,2797266
/Game/BagMan/Equipment/FANATICS/T_AFL_FANATICS_Normal.T_AFL_FANATICS_Normal,/Script/Engine.Texture2D,1009579,1009579,0,0,5593490
/Game/BagMan/Equipment/FANATICS/T_AFL_FANATICS_ORM.T_AFL_FANATICS_ORM,/Script/Engine.Texture2D,833468,833468,0,0,2797272
/Game/BagMan/Equipment/HALO/T_AFL_HALO_Color.T_AFL_HALO_Color,/Script/Engine.Texture2D,1101506,1101506,0,0,2797258
/Game/BagMan/Equipment/HALO/T_AFL_HALO_Normal.T_AFL_HALO_Normal,/Script/Engine.Texture2D,1032963,1032963,0,0,5593482
/Game/BagMan/Equipment/HALO/T_AFL_HALO_ORM.T_AFL_HALO_ORM,/Script/Engine.Texture2D,1065608,1065608,0,0,2797256
/Game/BagMan/Equipment/HandCannon/DRAGON_SOUL/T_AFL_HandCannon_DRAGON_SOUL_Color.T_AFL_HandCannon_DRAGON_SOUL_Color,/Script/Engine.Texture2D,3795886,3795886,0,0,11185970
/Game/BagMan/Equipment/HandCannon/DRAGON_SOUL/T_AFL_HandCannon_DRAGON_SOUL_NeonBlue_Color.T_AFL_HandCannon_DRAGON_SOUL_NeonBlue_Color,/Script/Engine.Texture2D,3265503,3265503,0,0,11185986
/Game/BagMan/Equipment/HandCannon/DRAGON_SOUL/T_AFL_HandCannon_DRAGON_SOUL_NeonGreen_Color.T_AFL_HandCannon_DRAGON_SOUL_NeonGreen_Color,/Script/Engine.Texture2D,3428500,3428500,0,0,11185986
/Game/BagMan/Equipment/HandCannon/DRAGON_SOUL/T_AFL_HandCannon_DRAGON_SOUL_NeonPink_Color.T_AFL_HandCannon_DRAGON_SOUL_NeonPink_Color,/Script/Engine.Texture2D,3344058,3344058,0,0,11185986
/Game/BagMan/Equipment/HandCannon/DRAGON_SOUL/T_AFL_HandCannon_DRAGON_SOUL_NeonPurple_Color.T_AFL_HandCannon_DRAGON_SOUL_NeonPurple_Color,/Script/Engine.Texture2D,3332608,3332608,0,0,11185986
/Game/BagMan/Equipment/HandCannon/DRAGON_SOUL/T_AFL_HandCannon_DRAGON_SOUL_NeonRed_Color.T_AFL_HandCannon_DRAGON_SOUL_NeonRed_Color,/Script/Engine.Texture2D,3259385,3259385,0,0,11185986
/Game/BagMan/Equipment/HandCannon/DRAGON_SOUL/T_AFL_HandCannon_DRAGON_SOUL_NeonYellow_Color.T_AFL_HandCannon_DRAGON_SOUL_NeonYellow_Color,/Script/Engine.Texture2D,3361245,3361245,0,0,11185986
/Game/BagMan/Equipment/HandCannon/DRAGON_SOUL/T_AFL_HandCannon_DRAGON_SOUL_Normal.T_AFL_HandCannon_DRAGON_SOUL_Normal,/Script/Engine.Texture2D,5738727,5738727,0,0,22370802
/Game/BagMan/Equipment/HandCannon/DRAGON_SOUL/T_AFL_HandCannon_DRAGON_SOUL_ORM.T_AFL_HandCannon_DRAGON_SOUL_ORM,/Script/Engine.Texture2D,2961131,2961131,0,0,11185968
/Game/BagMan/Equipment/HandCannon/FANATICS2/T_AFL_HandCannon_FANATICS2_NeonBlue_Color.T_AFL_HandCannon_FANATICS2_NeonBlue_Color,/Script/Engine.Texture2D,2680830,2680830,0,0,11185978
/Game/BagMan/Equipment/HandCannon/FANATICS2/T_AFL_HandCannon_FANATICS2_NeonGreen_Color.T_AFL_HandCannon_FANATICS2_NeonGreen_Color,/Script/Engine.Texture2D,2769554,2769554,0,0,11185978
/Game/BagMan/Equipment/HandCannon/FANATICS2/T_AFL_HandCannon_FANATICS2_NeonPink_Color.T_AFL_HandCannon_FANATICS2_NeonPink_Color,/Script/Engine.Texture2D,2715880,2715880,0,0,11185978
/Game/BagMan/Equipment/HandCannon/FANATICS2/T_AFL_HandCannon_FANATICS2_NeonPurple_Color.T_AFL_HandCannon_FANATICS2_NeonPurple_Color,/Script/Engine.Texture2D,2717280,2717280,0,0,11185986
/Game/BagMan/Equipment/HandCannon/FANATICS2/T_AFL_HandCannon_FANATICS2_NeonRed_Color.T_AFL_HandCannon_FANATICS2_NeonRed_Color,/Script/Engine.Texture2D,2656157,2656157,0,0,11185978
/Game/BagMan/Equipment/HandCannon/FANATICS2/T_AFL_HandCannon_FANATICS2_NeonYellow_Color.T_AFL_HandCannon_FANATICS2_NeonYellow_Color,/Script/Engine.Texture2D,2707558,2707558,0,0,11185986
/Game/BagMan/Equipment/HandCannon/FUTURE_WARRIOR/T_AFL_HandCannon_FUTURE_WARRIOR_Color.T_AFL_HandCannon_FUTURE_WARRIOR_Color,/Script/Engine.Texture2D,4178592,4178592,0,0,11185978
/Game/BagMan/Equipment/HandCannon/FUTURE_WARRIOR/T_AFL_HandCannon_FUTURE_WARRIOR_NeonBlue_Color.T_AFL_HandCannon_FUTURE_WARRIOR_NeonBlue_Color,/Script/Engine.Texture2D,3757132,3757132,0,0,11185994
/Game/BagMan/Equipment/HandCannon/FUTURE_WARRIOR/T_AFL_HandCannon_FUTURE_WARRIOR_NeonGreen_Color.T_AFL_HandCannon_FUTURE_WARRIOR_NeonGreen_Color,/Script/Engine.Texture2D,3986492,3986492,0,0,11185994
/Game/BagMan/Equipment/HandCannon/FUTURE_WARRIOR/T_AFL_HandCannon_FUTURE_WARRIOR_NeonPink_Color.T_AFL_HandCannon_FUTURE_WARRIOR_NeonPink_Color,/Script/Engine.Texture2D,3869279,3869279,0,0,11185994
/Game/BagMan/Equipment/HandCannon/FUTURE_WARRIOR/T_AFL_HandCannon_FUTURE_WARRIOR_NeonPurple_Color.T_AFL_HandCannon_FUTURE_WARRIOR_NeonPurple_Color,/Script/Engine.Texture2D,3818702,3818702,0,0,11185994
/Game/BagMan/Equipment/HandCannon/FUTURE_WARRIOR/T_AFL_HandCannon_FUTURE_WARRIOR_NeonRed_Color.T_AFL_HandCannon_FUTURE_WARRIOR_NeonRed_Color,/Script/Engine.Texture2D,3845425,3845425,0,0,11185994
/Game/BagMan/Equipment/HandCannon/FUTURE_WARRIOR/T_AFL_HandCannon_FUTURE_WARRIOR_NeonYellow_Color.T_AFL_HandCannon_FUTURE_WARRIOR_NeonYellow_Color,/Script/Engine.Texture2D,3911779,3911779,0,0,11185994
/Game/BagMan/Equipment/HandCannon/FUTURE_WARRIOR/T_AFL_HandCannon_FUTURE_WARRIOR_Normal.T_AFL_HandCannon_FUTURE_WARRIOR_Normal,/Script/Engine.Texture2D,6515565,6515565,0,0,22370810
/Game/BagMan/Equipment/HandCannon/FUTURE_WARRIOR/T_AFL_HandCannon_FUTURE_WARRIOR_ORM.T_AFL_HandCannon_FUTURE_WARRIOR_ORM,/Script/Engine.Texture2D,2807280,2807280,0,0,11185976
/Game/BagMan/Equipment/HandCannon/IRONICS/T_AFL_HandCannon_IRONICS_Color.T_AFL_HandCannon_IRONICS_Color,/Script/Engine.Texture2D,3279928,3279928,0,0,11185954
/Game/BagMan/Equipment/HandCannon/IRONICS/T_AFL_HandCannon_IRONICS_NeonBlue_Color.T_AFL_HandCannon_IRONICS_NeonBlue_Color,/Script/Engine.Texture2D,2926899,2926899,0,0,11185970
/Game/BagMan/Equipment/HandCannon/IRONICS/T_AFL_HandCannon_IRONICS_NeonGreen_Color.T_AFL_HandCannon_IRONICS_NeonGreen_Color,/Script/Engine.Texture2D,3097362,3097362,0,0,11185978
/Game/BagMan/Equipment/HandCannon/IRONICS/T_AFL_HandCannon_IRONICS_NeonPink_Color.T_AFL_HandCannon_IRONICS_NeonPink_Color,/Script/Engine.Texture2D,3005416,3005416,0,0,11185970
/Game/BagMan/Equipment/HandCannon/IRONICS/T_AFL_HandCannon_IRONICS_NeonPurple_Color.T_AFL_HandCannon_IRONICS_NeonPurple_Color,/Script/Engine.Texture2D,2983150,2983150,0,0,11185978
/Game/BagMan/Equipment/HandCannon/IRONICS/T_AFL_HandCannon_IRONICS_NeonRed_Color.T_AFL_HandCannon_IRONICS_NeonRed_Color,/Script/Engine.Texture2D,2957507,2957507,0,0,11185970
/Game/BagMan/Equipment/HandCannon/IRONICS/T_AFL_HandCannon_IRONICS_NeonYellow_Color.T_AFL_HandCannon_IRONICS_NeonYellow_Color,/Script/Engine.Texture2D,3073309,3073309,0,0,11185978
/Game/BagMan/Equipment/HandCannon/IRONICS/T_AFL_HandCannon_IRONICS_Normal.T_AFL_HandCannon_IRONICS_Normal,/Script/Engine.Texture2D,4893083,4893083,0,0,22370786
/Game/BagMan/Equipment/HandCannon/IRONICS/T_AFL_HandCannon_IRONICS_ORM.T_AFL_HandCannon_IRONICS_ORM,/Script/Engine.Texture2D,3014742,3014742,0,0,11185960
/Game/BagMan/Equipment/HandCannon/JAGUAR_NEON/T_AFL_HandCannon_JAGUAR_NEON_Color.T_AFL_HandCannon_JAGUAR_NEON_Color,/Script/Engine.Texture2D,3739040,3739040,0,0,11185970
/Game/BagMan/Equipment/HandCannon/JAGUAR_NEON/T_AFL_HandCannon_JAGUAR_NEON_NeonBlue_Color.T_AFL_HandCannon_JAGUAR_NEON_NeonBlue_Color,/Script/Engine.Texture2D,3420313,3420313,0,0,11185986
/Game/BagMan/Equipment/HandCannon/JAGUAR_NEON/T_AFL_HandCannon_JAGUAR_NEON_NeonGreen_Color.T_AFL_HandCannon_JAGUAR_NEON_NeonGreen_Color,/Script/Engine.Texture2D,3535499,3535499,0,0,11185986
/Game/BagMan/Equipment/HandCannon/JAGUAR_NEON/T_AFL_HandCannon_JAGUAR_NEON_NeonPink_Color.T_AFL_HandCannon_JAGUAR_NEON_NeonPink_Color,/Script/Engine.Texture2D,3440964,3440964,0,0,11185986
/Game/BagMan/Equipment/HandCannon/JAGUAR_NEON/T_AFL_HandCannon_JAGUAR_NEON_NeonPurple_Color.T_AFL_HandCannon_JAGUAR_NEON_NeonPurple_Color,/Script/Engine.Texture2D,3438054,3438054,0,0,11185986
/Game/BagMan/Equipment/HandCannon/JAGUAR_NEON/T_AFL_HandCannon_JAGUAR_NEON_NeonRed_Color.T_AFL_HandCannon_JAGUAR_NEON_NeonRed_Color,/Script/Engine.Texture2D,3388190,3388190,0,0,11185986
/Game/BagMan/Equipment/HandCannon/JAGUAR_NEON/T_AFL_HandCannon_JAGUAR_NEON_NeonYellow_Color.T_AFL_HandCannon_JAGUAR_NEON_NeonYellow_Color,/Script/Engine.Texture2D,3458793,3458793,0,0,11185986
/Game/BagMan/Equipment/HandCannon/JAGUAR_NEON/T_AFL_HandCannon_JAGUAR_NEON_Normal.T_AFL_HandCannon_JAGUAR_NEON_Normal,/Script/Engine.Texture2D,5766814,5766814,0,0,22370802
/Game/BagMan/Equipment/HandCannon/JAGUAR_NEON/T_AFL_HandCannon_JAGUAR_NEON_ORM.T_AFL_HandCannon_JAGUAR_NEON_ORM,/Script/Engine.Texture2D,3018156,3018156,0,0,11185968
/Game/BagMan/Equipment/HandCannon/RUN_IT_BACK/T_AFL_HandCannon_RUN_IT_BACK_Color.T_AFL_HandCannon_RUN_IT_BACK_Color,/Script/Engine.Texture2D,3553796,3553796,0,0,11185970
/Game/BagMan/Equipment/HandCannon/RUN_IT_BACK/T_AFL_HandCannon_RUN_IT_BACK_NeonBlue_Color.T_AFL_HandCannon_RUN_IT_BACK_NeonBlue_Color,/Script/Engine.Texture2D,3179968,3179968,0,0,11185986
/Game/BagMan/Equipment/HandCannon/RUN_IT_BACK/T_AFL_HandCannon_RUN_IT_BACK_NeonGreen_Color.T_AFL_HandCannon_RUN_IT_BACK_NeonGreen_Color,/Script/Engine.Texture2D,3327294,3327294,0,0,11185986
/Game/BagMan/Equipment/HandCannon/RUN_IT_BACK/T_AFL_HandCannon_RUN_IT_BACK_NeonPink_Color.T_AFL_HandCannon_RUN_IT_BACK_NeonPink_Color,/Script/Engine.Texture2D,3288889,3288889,0,0,11185986
/Game/BagMan/Equipment/HandCannon/RUN_IT_BACK/T_AFL_HandCannon_RUN_IT_BACK_NeonPurple_Color.T_AFL_HandCannon_RUN_IT_BACK_NeonPurple_Color,/Script/Engine.Texture2D,3275801,3275801,0,0,11185986
/Game/BagMan/Equipment/HandCannon/RUN_IT_BACK/T_AFL_HandCannon_RUN_IT_BACK_NeonRed_Color.T_AFL_HandCannon_RUN_IT_BACK_NeonRed_Color,/Script/Engine.Texture2D,3209819,3209819,0,0,11185986
/Game/BagMan/Equipment/HandCannon/RUN_IT_BACK/T_AFL_HandCannon_RUN_IT_BACK_NeonYellow_Color.T_AFL_HandCannon_RUN_IT_BACK_NeonYellow_Color,/Script/Engine.Texture2D,3268228,3268228,0,0,11185986
/Game/BagMan/Equipment/HandCannon/RUN_IT_BACK/T_AFL_HandCannon_RUN_IT_BACK_Normal.T_AFL_HandCannon_RUN_IT_BACK_Normal,/Script/Engine.Texture2D,5351846,5351846,0,0,22370802
/Game/BagMan/Equipment/HandCannon/RUN_IT_BACK/T_AFL_HandCannon_RUN_IT_BACK_ORM.T_AFL_HandCannon_RUN_IT_BACK_ORM,/Script/Engine.Texture2D,2664901,2664901,0,0,11185968
/Game/BagMan/Equipment/HandCannon/SIMULARENT/T_AFL_HandCannon_SIMULARENT_Color.T_AFL_HandCannon_SIMULARENT_Color,/Script/Engine.Texture2D,3976709,3976709,0,0,11185962
/Game/BagMan/Equipment/HandCannon/SIMULARENT/T_AFL_HandCannon_SIMULARENT_NeonBlue_Color.T_AFL_HandCannon_SIMULARENT_NeonBlue_Color,/Script/Engine.Texture2D,3597148,3597148,0,0,11185978
/Game/BagMan/Equipment/HandCannon/SIMULARENT/T_AFL_HandCannon_SIMULARENT_NeonGreen_Color.T_AFL_HandCannon_SIMULARENT_NeonGreen_Color,/Script/Engine.Texture2D,3693334,3693334,0,0,11185986
/Game/BagMan/Equipment/HandCannon/SIMULARENT/T_AFL_HandCannon_SIMULARENT_NeonPink_Color.T_AFL_HandCannon_SIMULARENT_NeonPink_Color,/Script/Engine.Texture2D,3633605,3633605,0,0,11185978
/Game/BagMan/Equipment/HandCannon/SIMULARENT/T_AFL_HandCannon_SIMULARENT_NeonPurple_Color.T_AFL_HandCannon_SIMULARENT_NeonPurple_Color,/Script/Engine.Texture2D,3628005,3628005,0,0,11185986
/Game/BagMan/Equipment/HandCannon/SIMULARENT/T_AFL_HandCannon_SIMULARENT_NeonRed_Color.T_AFL_HandCannon_SIMULARENT_NeonRed_Color,/Script/Engine.Texture2D,3577152,3577152,0,0,11185978
/Game/BagMan/Equipment/HandCannon/SIMULARENT/T_AFL_HandCannon_SIMULARENT_NeonYellow_Color.T_AFL_HandCannon_SIMULARENT_NeonYellow_Color,/Script/Engine.Texture2D,3659512,3659512,0,0,11185986
/Game/BagMan/Equipment/HandCannon/SIMULARENT/T_AFL_HandCannon_SIMULARENT_Normal.T_AFL_HandCannon_SIMULARENT_Normal,/Script/Engine.Texture2D,6662544,6662544,0,0,22370794
/Game/BagMan/Equipment/HandCannon/SIMULARENT/T_AFL_HandCannon_SIMULARENT_ORM.T_AFL_HandCannon_SIMULARENT_ORM,/Script/Engine.Texture2D,3234579,3234579,0,0,11185968
/Game/BagMan/Equipment/HandCannon/T_AFL_HandCannon_FANATICS2_Color.T_AFL_HandCannon_FANATICS2_Color,/Script/Engine.Texture2D,2822698,2822698,0,0,11185954
/Game/BagMan/Equipment/HandCannon/T_AFL_HandCannon_FANATICS2_Normal.T_AFL_HandCannon_FANATICS2_Normal,/Script/Engine.Texture2D,4129643,4129643,0,0,22370786
/Game/BagMan/Equipment/HandCannon/T_AFL_HandCannon_FANATICS2_ORM.T_AFL_HandCannon_FANATICS2_ORM,/Script/Engine.Texture2D,3044876,3044876,0,0,11185952
/Game/BagMan/Equipment/Homer/T_AFL_Homer_Color.T_AFL_Homer_Color,/Script/Engine.Texture2D,1004001,1004001,0,0,2797258
/Game/BagMan/Equipment/Homer/T_AFL_Homer_Normal.T_AFL_Homer_Normal,/Script/Engine.Texture2D,1654183,1654183,0,0,5593482
/Game/BagMan/Equipment/Homer/T_AFL_Homer_ORM.T_AFL_Homer_ORM,/Script/Engine.Texture2D,1001184,1001184,0,0,2797264
/Game/BagMan/Equipment/KAGE/T_AFL_KAGE_Color.T_AFL_KAGE_Color,/Script/Engine.Texture2D,816103,816103,0,0,2797258
/Game/BagMan/Equipment/KAGE/T_AFL_KAGE_Normal.T_AFL_KAGE_Normal,/Script/Engine.Texture2D,1377076,1377076,0,0,5593482
/Game/BagMan/Equipment/KAGE/T_AFL_KAGE_ORM.T_AFL_KAGE_ORM,/Script/Engine.Texture2D,738769,738769,0,0,2797256
/Game/BagMan/Equipment/Lobber/T_AFL_Lobber_Color.T_AFL_Lobber_Color,/Script/Engine.Texture2D,1374092,1374092,0,0,2797266
/Game/BagMan/Equipment/Lobber/T_AFL_Lobber_Normal.T_AFL_Lobber_Normal,/Script/Engine.Texture2D,1736415,1736415,0,0,5593490
/Game/BagMan/Equipment/Lobber/T_AFL_Lobber_ORM.T_AFL_Lobber_ORM,/Script/Engine.Texture2D,731549,731549,0,0,2797264
/Game/BagMan/Equipment/Makhiavelli/T_AFL_Makhiavelli_Gambit_Color.T_AFL_Makhiavelli_Gambit_Color,/Script/Engine.Texture2D,1329205,1329205,0,0,2797290
/Game/BagMan/Equipment/Makhiavelli/T_AFL_Makhiavelli_Gambit_Normal.T_AFL_Makhiavelli_Gambit_Normal,/Script/Engine.Texture2D,858679,858679,0,0,5593514
/Game/BagMan/Equipment/Makhiavelli/T_AFL_Makhiavelli_Gambit_ORM.T_AFL_Makhiavelli_Gambit_ORM,/Script/Engine.Texture2D,1085403,1085403,0,0,2797296
/Game/BagMan/Equipment/NovaKai/T_AFL_NovaKai_Nebula_Color.T_AFL_NovaKai_Nebula_Color,/Script/Engine.Texture2D,1430612,1430612,0,0,2797282
/Game/BagMan/Equipment/NovaKai/T_AFL_NovaKai_Nebula_NormalGL.T_AFL_NovaKai_Nebula_NormalGL,/Script/Engine.Texture2D,1934590,1934590,0,0,5593506
/Game/BagMan/Equipment/NovaKai/T_AFL_NovaKai_Nebula_ORM.T_AFL_NovaKai_Nebula_ORM,/Script/Engine.Texture2D,859517,859517,0,0,2797280
/Game/BagMan/Equipment/OnyxPrime/T_AFL_OnyxPrime_Monolith_Color.T_AFL_OnyxPrime_Monolith_Color,/Script/Engine.Texture2D,1204431,1204431,0,0,2797290
/Game/BagMan/Equipment/OnyxPrime/T_AFL_OnyxPrime_Monolith_NormalGL.T_AFL_OnyxPrime_Monolith_NormalGL,/Script/Engine.Texture2D,1672394,1672394,0,0,5593522
/Game/BagMan/Equipment/OnyxPrime/T_AFL_OnyxPrime_Monolith_ORM.T_AFL_OnyxPrime_Monolith_ORM,/Script/Engine.Texture2D,647737,647737,0,0,2797288
/Game/BagMan/Equipment/ORION/T_AFL_ORION_Color.T_AFL_ORION_Color,/Script/Engine.Texture2D,1168209,1168209,0,0,2797258
/Game/BagMan/Equipment/ORION/T_AFL_ORION_Normal.T_AFL_ORION_Normal,/Script/Engine.Texture2D,1660068,1660068,0,0,5593482
/Game/BagMan/Equipment/ORION/T_AFL_ORION_ORM.T_AFL_ORION_ORM,/Script/Engine.Texture2D,830637,830637,0,0,2797264
/Game/BagMan/Equipment/RiftOne/T_AFL_RiftOne_Fracture_Color.T_AFL_RiftOne_Fracture_Color,/Script/Engine.Texture2D,1390113,1390113,0,0,2797282
/Game/BagMan/Equipment/RiftOne/T_AFL_RiftOne_Fracture_NormalGL.T_AFL_RiftOne_Fracture_NormalGL,/Script/Engine.Texture2D,1809648,1809648,0,0,5593514
/Game/BagMan/Equipment/RiftOne/T_AFL_RiftOne_Fracture_ORM.T_AFL_RiftOne_Fracture_ORM,/Script/Engine.Texture2D,972136,972136,0,0,2797288
/Game/BagMan/Equipment/Ripsaw/T_AFL_Ripsaw_Color.T_AFL_Ripsaw_Color,/Script/Engine.Texture2D,1114621,1114621,0,0,2797266
/Game/BagMan/Equipment/Ripsaw/T_AFL_Ripsaw_Normal.T_AFL_Ripsaw_Normal,/Script/Engine.Texture2D,1497438,1497438,0,0,5593490
/Game/BagMan/Equipment/Ripsaw/T_AFL_Ripsaw_ORM.T_AFL_Ripsaw_ORM,/Script/Engine.Texture2D,782693,782693,0,0,2797264
/Game/BagMan/Equipment/Ronin/T_AFL_Ronin_Tachi_Color.T_AFL_Ronin_Tachi_Color,/Script/Engine.Texture2D,1153812,1153812,0,0,2797274
/Game/BagMan/Equipment/Ronin/T_AFL_Ronin_Tachi_NormalGL.T_AFL_Ronin_Tachi_NormalGL,/Script/Engine.Texture2D,1692484,1692484,0,0,5593498
/Game/BagMan/Equipment/Ronin/T_AFL_Ronin_Tachi_ORM.T_AFL_Ronin_Tachi_ORM,/Script/Engine.Texture2D,1021103,1021103,0,0,2797272
/Game/BagMan/Equipment/Ryu/T_AFL_Ryu_Tempest_Color.T_AFL_Ryu_Tempest_Color,/Script/Engine.Texture2D,932910,932910,0,0,2797266
/Game/BagMan/Equipment/Ryu/T_AFL_Ryu_Tempest_NormalGL.T_AFL_Ryu_Tempest_NormalGL,/Script/Engine.Texture2D,1540181,1540181,0,0,5593498
/Game/BagMan/Equipment/Ryu/T_AFL_Ryu_Tempest_ORM.T_AFL_Ryu_Tempest_ORM,/Script/Engine.Texture2D,728159,728159,0,0,2797272
/Game/BagMan/Equipment/Sable/T_AFL_Sable_Whisper_Color.T_AFL_Sable_Whisper_Color,/Script/Engine.Texture2D,568786,568786,0,0,2797274
/Game/BagMan/Equipment/Sable/T_AFL_Sable_Whisper_NormalGL.T_AFL_Sable_Whisper_NormalGL,/Script/Engine.Texture2D,935961,935961,0,0,5593506
/Game/BagMan/Equipment/Sable/T_AFL_Sable_Whisper_ORM.T_AFL_Sable_Whisper_ORM,/Script/Engine.Texture2D,563026,563026,0,0,2797280
/Game/BagMan/Equipment/Scarlett/T_AFL_Scarlett_Fatale_Color.T_AFL_Scarlett_Fatale_Color,/Script/Engine.Texture2D,1644272,1644272,0,0,2797282
/Game/BagMan/Equipment/Scarlett/T_AFL_Scarlett_Fatale_Normal.T_AFL_Scarlett_Fatale_Normal,/Script/Engine.Texture2D,2081148,2081148,0,0,5593506
/Game/BagMan/Equipment/Scarlett/T_AFL_Scarlett_Fatale_ORM.T_AFL_Scarlett_Fatale_ORM,/Script/Engine.Texture2D,432787,432787,0,0,2797288
/Game/BagMan/Equipment/Scatterhawk/T_AFL_Scatterhawk_Color.T_AFL_Scatterhawk_Color,/Script/Engine.Texture2D,933467,933467,0,0,2797274
/Game/BagMan/Equipment/Scatterhawk/T_AFL_Scatterhawk_Normal.T_AFL_Scatterhawk_Normal,/Script/Engine.Texture2D,1811226,1811226,0,0,5593506
/Game/BagMan/Equipment/Scatterhawk/T_AFL_Scatterhawk_ORM.T_AFL_Scatterhawk_ORM,/Script/Engine.Texture2D,973380,973380,0,0,2797280
/Game/BagMan/Equipment/Seeker/T_AFL_Seeker_Color.T_AFL_Seeker_Color,/Script/Engine.Texture2D,1147841,1147841,0,0,2797266
/Game/BagMan/Equipment/Seeker/T_AFL_Seeker_Normal.T_AFL_Seeker_Normal,/Script/Engine.Texture2D,1654966,1654966,0,0,5593490
/Game/BagMan/Equipment/Seeker/T_AFL_Seeker_ORM.T_AFL_Seeker_ORM,/Script/Engine.Texture2D,721932,721932,0,0,2797264
/Game/BagMan/Equipment/SOLARA/T_AFL_SOLARA_Color.T_AFL_SOLARA_Color,/Script/Engine.Texture2D,1330680,1330680,0,0,2797266
/Game/BagMan/Equipment/SOLARA/T_AFL_SOLARA_Normal.T_AFL_SOLARA_Normal,/Script/Engine.Texture2D,1805549,1805549,0,0,5593490
/Game/BagMan/Equipment/SOLARA/T_AFL_SOLARA_ORM.T_AFL_SOLARA_ORM,/Script/Engine.Texture2D,942198,942198,0,0,2797264
/Game/BagMan/Equipment/Talon/T_AFL_Talon_Stoop_Color.T_AFL_Talon_Stoop_Color,/Script/Engine.Texture2D,1247612,1247612,0,0,2797274
/Game/BagMan/Equipment/Talon/T_AFL_Talon_Stoop_Normal.T_AFL_Talon_Stoop_Normal,/Script/Engine.Texture2D,1536211,1536211,0,0,5593498
/Game/BagMan/Equipment/Talon/T_AFL_Talon_Stoop_ORM.T_AFL_Talon_Stoop_ORM,/Script/Engine.Texture2D,822082,822082,0,0,2797272
/Game/BagMan/Equipment/Valkyr/T_AFL_Valkyr_Ascendant_Color.T_AFL_Valkyr_Ascendant_Color,/Script/Engine.Texture2D,1154537,1154537,0,0,2797282
/Game/BagMan/Equipment/Valkyr/T_AFL_Valkyr_Ascendant_NormalGL.T_AFL_Valkyr_Ascendant_NormalGL,/Script/Engine.Texture2D,1703245,1703245,0,0,5593514
/Game/BagMan/Equipment/Valkyr/T_AFL_Valkyr_Ascendant_ORM.T_AFL_Valkyr_Ascendant_ORM,/Script/Engine.Texture2D,969656,969656,0,0,2797288
/Game/BagMan/Equipment/Vanta/T_AFL_Vanta_Eclipse_Color.T_AFL_Vanta_Eclipse_Color,/Script/Engine.Texture2D,847157,847157,0,0,2797274
/Game/BagMan/Equipment/Vanta/T_AFL_Vanta_Eclipse_Normal.T_AFL_Vanta_Eclipse_Normal,/Script/Engine.Texture2D,731976,731976,0,0,5593498
/Game/BagMan/Equipment/Vanta/T_AFL_Vanta_Eclipse_ORM.T_AFL_Vanta_Eclipse_ORM,/Script/Engine.Texture2D,814425,814425,0,0,2797280
/Game/BagMan/Equipment/Verdant/T_AFL_Verdant_Color.T_AFL_Verdant_Color,/Script/Engine.Texture2D,1345518,1345518,0,0,2797266
/Game/BagMan/Equipment/Verdant/T_AFL_Verdant_Normal.T_AFL_Verdant_Normal,/Script/Engine.Texture2D,1729935,1729935,0,0,5593490
/Game/BagMan/Equipment/Verdant/T_AFL_Verdant_ORM.T_AFL_Verdant_ORM,/Script/Engine.Texture2D,1031494,1031494,0,0,2797264
/Game/BagMan/Equipment/Volt/T_AFL_Volt_Coilbreaker_Color.T_AFL_Volt_Coilbreaker_Color,/Script/Engine.Texture2D,1167133,1167133,0,0,2797282
/Game/BagMan/Equipment/Volt/T_AFL_Volt_Coilbreaker_Normal.T_AFL_Volt_Coilbreaker_Normal,/Script/Engine.Texture2D,1483394,1483394,0,0,5593506
/Game/BagMan/Equipment/Volt/T_AFL_Volt_Coilbreaker_ORM.T_AFL_Volt_Coilbreaker_ORM,/Script/Engine.Texture2D,953470,953470,0,0,2797280
/Game/BagMan/Equipment/Warhead/T_AFL_Warhead_Color.T_AFL_Warhead_Color,/Script/Engine.Texture2D,879060,879060,0,0,2797266
/Game/BagMan/Equipment/Warhead/T_AFL_Warhead_Normal.T_AFL_Warhead_Normal,/Script/Engine.Texture2D,1277375,1277375,0,0,5593490
/Game/BagMan/Equipment/Warhead/T_AFL_Warhead_ORM.T_AFL_Warhead_ORM,/Script/Engine.Texture2D,707614,707614,0,0,2797264
/Game/BagMan/Equipment/ZenKoan/T_AFL_ZenKoan_Color.T_AFL_ZenKoan_Color,/Script/Engine.Texture2D,932372,932372,0,0,2797266
/Game/BagMan/Equipment/ZenKoan/T_AFL_ZenKoan_Normal.T_AFL_ZenKoan_Normal,/Script/Engine.Texture2D,1794993,1794993,0,0,5593490
/Game/BagMan/Equipment/ZenKoan/T_AFL_ZenKoan_ORM.T_AFL_ZenKoan_ORM,/Script/Engine.Texture2D,692512,692512,0,0,2797264
/Game/BagMan/Extraction/Meshes/texture_diffuse.texture_diffuse,/Script/Engine.Texture2D,2552522,2552522,0,0,11185914
/Game/BagMan/Extraction/Meshes/texture_normal.texture_normal,/Script/Engine.Texture2D,3953673,3953673,0,0,22370746
/Game/BagMan/Extraction/Meshes/texture_roughness.texture_roughness,/Script/Engine.Texture2D,1841388,1841388,0,0,11185914
/Game/BagMan/Materials/Branding/T_AFL_Branding_IRONICS_BetaLands_Mask.T_AFL_Branding_IRONICS_BetaLands_Mask,/Script/Engine.Texture2D,43941,43941,0,0,1399253
/Game/BagMan/Materials/Textures/T_AKUMA_Logo_BC.T_AKUMA_Logo_BC,/Script/Engine.Texture2D,185261,185261,0,0,1702748
/Game/BagMan/Materials/Textures/T_ARIA_Logo_BC.T_ARIA_Logo_BC,/Script/Engine.Texture2D,664172,664172,0,0,1702748
/Game/BagMan/Materials/Textures/T_ASTRA_Logo_BC.T_ASTRA_Logo_BC,/Script/Engine.Texture2D,179938,179938,0,0,1702748
/Game/BagMan/Materials/Textures/T_AURELIA_Logo_BC.T_AURELIA_Logo_BC,/Script/Engine.Texture2D,208699,208699,0,0,1702748
/Game/BagMan/Materials/Textures/T_AZURA_Logo_BC.T_AZURA_Logo_BC,/Script/Engine.Texture2D,269022,269022,0,0,1702748
/Game/BagMan/Materials/Textures/T_BigSixx_Logo_BC.T_BigSixx_Logo_BC,/Script/Engine.Texture2D,21165,21165,0,0,1702748
/Game/BagMan/Materials/Textures/T_CIELO_Logo_BC.T_CIELO_Logo_BC,/Script/Engine.Texture2D,99691,99691,0,0,1702748
/Game/BagMan/Materials/Textures/T_DRACO_Logo_BC.T_DRACO_Logo_BC,/Script/Engine.Texture2D,301588,301588,0,0,1702748
/Game/BagMan/Materials/Textures/T_EMBER_Logo_BC.T_EMBER_Logo_BC,/Script/Engine.Texture2D,300031,300031,0,0,1702748
/Game/BagMan/Materials/Textures/T_HALO_Logo_BC.T_HALO_Logo_BC,/Script/Engine.Texture2D,198031,198031,0,0,1702748
/Game/BagMan/Materials/Textures/T_IRONICS_Logo_BC.T_IRONICS_Logo_BC,/Script/Engine.Texture2D,698698,698698,0,0,1702748
/Game/BagMan/Materials/Textures/T_KAGE_Logo_BC.T_KAGE_Logo_BC,/Script/Engine.Texture2D,188647,188647,0,0,1702748
/Game/BagMan/Materials/Textures/T_MAKHIAVELLI_Logo_BC.T_MAKHIAVELLI_Logo_BC,/Script/Engine.Texture2D,252314,252314,0,0,1702756
/Game/BagMan/Materials/Textures/T_NOVAKAI_Logo_BC.T_NOVAKAI_Logo_BC,/Script/Engine.Texture2D,138381,138381,0,0,1702748
/Game/BagMan/Materials/Textures/T_ONYXPRIME_Logo_BC.T_ONYXPRIME_Logo_BC,/Script/Engine.Texture2D,279775,279775,0,0,1702756
/Game/BagMan/Materials/Textures/T_ORION_Logo_BC.T_ORION_Logo_BC,/Script/Engine.Texture2D,151071,151071,0,0,1702748
/Game/BagMan/Materials/Textures/T_RIFTONE_Logo_BC.T_RIFTONE_Logo_BC,/Script/Engine.Texture2D,187015,187015,0,0,1702748
/Game/BagMan/Materials/Textures/T_RONIN_Logo_BC.T_RONIN_Logo_BC,/Script/Engine.Texture2D,204464,204464,0,0,1702748
/Game/BagMan/Materials/Textures/T_RYU_Logo_BC.T_RYU_Logo_BC,/Script/Engine.Texture2D,196619,196619,0,0,1702740
/Game/BagMan/Materials/Textures/T_SABLE_Logo_BC.T_SABLE_Logo_BC,/Script/Engine.Texture2D,254188,254188,0,0,1702748
/Game/BagMan/Materials/Textures/T_SCARLETT_Logo_BC.T_SCARLETT_Logo_BC,/Script/Engine.Texture2D,669778,669778,0,0,1702756
/Game/BagMan/Materials/Textures/T_SOLARA_Logo_BC.T_SOLARA_Logo_BC,/Script/Engine.Texture2D,162070,162070,0,0,1702748
/Game/BagMan/Materials/Textures/T_TALON_Logo_BC.T_TALON_Logo_BC,/Script/Engine.Texture2D,166062,166062,0,0,1702748
/Game/BagMan/Materials/Textures/T_VALKYR_Logo_BC.T_VALKYR_Logo_BC,/Script/Engine.Texture2D,156896,156896,0,0,1702748
/Game/BagMan/Materials/Textures/T_VANTA_Logo_BC.T_VANTA_Logo_BC,/Script/Engine.Texture2D,191412,191412,0,0,1702748
/Game/BagMan/Materials/Textures/T_VOLT_Logo_BC.T_VOLT_Logo_BC,/Script/Engine.Texture2D,245533,245533,0,0,1702748
/Game/BagMan/Materials/Textures/T_ZEN_Logo_BC.T_ZEN_Logo_BC,/Script/Engine.Texture2D,209859,209859,0,0,1702740
/Game/BagMan/Materials/WeaponSkins/T_AFL_Flak_Color.T_AFL_Flak_Color,/Script/Engine.Texture2D,1309077,1309077,0,0,2797266
/Game/BagMan/Materials/WeaponSkins/T_AFL_Flak_Normal.T_AFL_Flak_Normal,/Script/Engine.Texture2D,1204795,1204795,0,0,5593490
/Game/BagMan/Materials/WeaponSkins/T_AFL_Flak_ORM.T_AFL_Flak_ORM,/Script/Engine.Texture2D,913801,913801,0,0,2797264
/Game/BagMan/Materials/WeaponSkins/T_AFL_Railgun_Color.T_AFL_Railgun_Color,/Script/Engine.Texture2D,1025801,1025801,0,0,2797266
/Game/BagMan/Materials/WeaponSkins/T_AFL_Railgun_Normal.T_AFL_Railgun_Normal,/Script/Engine.Texture2D,1549386,1549386,0,0,5593498
/Game/BagMan/Materials/WeaponSkins/T_AFL_Railgun_ORM.T_AFL_Railgun_ORM,/Script/Engine.Texture2D,665836,665836,0,0,2797272
/Game/BagMan/Materials/WeaponSkins/T_AFL_Shield_Color.T_AFL_Shield_Color,/Script/Engine.Texture2D,603970,603970,0,0,2797266
/Game/BagMan/Materials/WeaponSkins/T_AFL_Shield_Normal.T_AFL_Shield_Normal,/Script/Engine.Texture2D,711225,711225,0,0,5593490
/Game/BagMan/Materials/WeaponSkins/T_AFL_Shield_ORM.T_AFL_Shield_ORM,/Script/Engine.Texture2D,574729,574729,0,0,2797272
/Game/BagMan/Materials/WeaponSkins/T_AFL_SMG_Color.T_AFL_SMG_Color,/Script/Engine.Texture2D,935098,935098,0,0,2797258
/Game/BagMan/Materials/WeaponSkins/T_AFL_SMG_Normal.T_AFL_SMG_Normal,/Script/Engine.Texture2D,1448420,1448420,0,0,5593490
/Game/BagMan/Materials/WeaponSkins/T_AFL_SMG_ORM.T_AFL_SMG_ORM,/Script/Engine.Texture2D,575715,575715,0,0,2797264
/Game/BagMan/UI/Store/NeonTex/T_AFL_UI_GlowRim.T_AFL_UI_GlowRim,/Script/Engine.Texture2D,585,585,0,0,16901
/Game/BagMan/UI/Store/NeonTex/T_AFL_UI_GradRadial.T_AFL_UI_GradRadial,/Script/Engine.Texture2D,5312,5312,0,0,66063
/Game/BagMan/UI/Store/NeonTex/T_AFL_UI_GradV.T_AFL_UI_GradV,/Script/Engine.Texture2D,471,471,0,0,16903
/Game/BagMan/UI/Store/NeonTex/T_AFL_UI_Grid_v2.T_AFL_UI_Grid_v2,/Script/Engine.Texture2D,372,372,0,0,16901
/Game/BagMan/UI/Store/TabIcons/T_AFL_Tab_Bundles.T_AFL_Tab_Bundles,/Script/Engine.Texture2D,65641,65641,0,0,97879
/Game/BagMan/UI/Store/TabIcons/T_AFL_Tab_Skins.T_AFL_Tab_Skins,/Script/Engine.Texture2D,64092,64092,0,0,97871
/Game/BagMan/UI/Store/TabIcons/T_AFL_Tab_Weapons.T_AFL_Tab_Weapons,/Script/Engine.Texture2D,41000,41000,0,0,97879
/Game/BagMan/UI/Store/Thumbnails/T_AFL_EMP_Thumb.T_AFL_EMP_Thumb,/Script/Engine.Texture2D,130154,130154,0,0,392411
/Game/Characters/Cosmetics/ICON_VOLTS_COIN.ICON_VOLTS_COIN,/Script/Engine.Texture2D,2577525,2577525,0,0,6290588
/Game/Characters/Cosmetics/ICON_WATTS_COIN.ICON_WATTS_COIN,/Script/Engine.Texture2D,2930720,2930720,0,0,6290588
/Game/Characters/Cosmetics/T_IRONICS_Logo_Transparent.T_IRONICS_Logo_Transparent,/Script/Engine.Texture2D,2595894,2595894,0,0,6290615
/Game/Characters/Heroes/Mannequin/Textures/Manny/T_Manny_01_D.T_Manny_01_D,/Script/Engine.Texture2D,793005,793005,0,0,11185925
/Game/Characters/Heroes/Mannequin/Textures/Manny/T_Manny_01_MSK.T_Manny_01_MSK,/Script/Engine.Texture2D,1185417,1185417,0,0,11185939
/Game/Characters/Heroes/Mannequin/Textures/Manny/T_Manny_01_MSK1.T_Manny_01_MSK1,/Script/Engine.Texture2D,1284370,1284370,0,0,11185939
/Game/Characters/Heroes/Mannequin/Textures/Manny/T_Manny_01_MSK2.T_Manny_01_MSK2,/Script/Engine.Texture2D,1705900,1705900,0,0,11185939
/Game/Characters/Heroes/Mannequin/Textures/Manny/T_Manny_01_MSK3.T_Manny_01_MSK3,/Script/Engine.Texture2D,256684,256684,0,0,11185939
/Game/Characters/Heroes/Mannequin/Textures/Manny/T_Manny_01_N.T_Manny_01_N,/Script/Engine.Texture2D,4171182,4171182,0,0,22370754
/Game/Characters/Heroes/Mannequin/Textures/Manny/T_Manny_02_D.T_Manny_02_D,/Script/Engine.Texture2D,1203933,1203933,0,0,11185925
/Game/Characters/Heroes/Mannequin/Textures/Manny/T_Manny_02_MSK.T_Manny_02_MSK,/Script/Engine.Texture2D,1846254,1846254,0,0,11185939
/Game/Characters/Heroes/Mannequin/Textures/Manny/T_Manny_02_MSK1.T_Manny_02_MSK1,/Script/Engine.Texture2D,1729415,1729415,0,0,11185939
/Game/Characters/Heroes/Mannequin/Textures/Manny/T_Manny_02_MSK2.T_Manny_02_MSK2,/Script/Engine.Texture2D,1914483,1914483,0,0,11185939
/Game/Characters/Heroes/Mannequin/Textures/Manny/T_Manny_02_MSK3.T_Manny_02_MSK3,/Script/Engine.Texture2D,479870,479870,0,0,11185939
/Game/Characters/Heroes/Mannequin/Textures/Manny/T_Manny_02_N.T_Manny_02_N,/Script/Engine.Texture2D,5510484,5510484,0,0,22370754
/Game/Characters/Heroes/Mannequin/Textures/Quinn/T_Quinn_01_D.T_Quinn_01_D,/Script/Engine.Texture2D,793757,793757,0,0,11185925
/Game/Characters/Heroes/Mannequin/Textures/Quinn/T_Quinn_01_MSK.T_Quinn_01_MSK,/Script/Engine.Texture2D,1007536,1007536,0,0,11185939
/Game/Characters/Heroes/Mannequin/Textures/Quinn/T_Quinn_01_MSK1.T_Quinn_01_MSK1,/Script/Engine.Texture2D,904974,904974,0,0,11185939
/Game/Characters/Heroes/Mannequin/Textures/Quinn/T_Quinn_01_MSK2.T_Quinn_01_MSK2,/Script/Engine.Texture2D,1624382,1624382,0,0,11185939
/Game/Characters/Heroes/Mannequin/Textures/Quinn/T_Quinn_01_MSK3.T_Quinn_01_MSK3,/Script/Engine.Texture2D,241086,241086,0,0,11185939
/Game/Characters/Heroes/Mannequin/Textures/Quinn/T_Quinn_01_N.T_Quinn_01_N,/Script/Engine.Texture2D,3372327,3372327,0,0,22370754
/Game/Characters/Heroes/Mannequin/Textures/Quinn/T_Quinn_02_D.T_Quinn_02_D,/Script/Engine.Texture2D,1251400,1251400,0,0,11185925
/Game/Characters/Heroes/Mannequin/Textures/Quinn/T_Quinn_02_MSK.T_Quinn_02_MSK,/Script/Engine.Texture2D,1453006,1453006,0,0,11185939
/Game/Characters/Heroes/Mannequin/Textures/Quinn/T_Quinn_02_MSK1.T_Quinn_02_MSK1,/Script/Engine.Texture2D,1274012,1274012,0,0,11185939
/Game/Characters/Heroes/Mannequin/Textures/Quinn/T_Quinn_02_MSK2.T_Quinn_02_MSK2,/Script/Engine.Texture2D,1812843,1812843,0,0,11185939
/Game/Characters/Heroes/Mannequin/Textures/Quinn/T_Quinn_02_MSK3.T_Quinn_02_MSK3,/Script/Engine.Texture2D,498488,498488,0,0,11185939
/Game/Characters/Heroes/Mannequin/Textures/Quinn/T_Quinn_02_N.T_Quinn_02_N,/Script/Engine.Texture2D,5114804,5114804,0,0,22370754
/Game/Characters/Heroes/Mannequin/Textures/Shared/T_Detail_Normal.T_Detail_Normal,/Script/Engine.Texture2D,476278,476278,0,0,1399146
/Game/Characters/Heroes/Mannequin/Textures/Shared/T_OrangePeel_N.T_OrangePeel_N,/Script/Engine.Texture2D,759858,759858,0,0,1399146
/Game/Characters/Heroes/Mannequin/Textures/Shared/T_UE_Logo_V2.T_UE_Logo_V2,/Script/Engine.Texture2D,62628,62628,0,0,1399113
/Game/Characters/Heroes/Mannequin_UE4/Materials/Textures/T_ML_Rubber_Blue_01_N.T_ML_Rubber_Blue_01_N,/Script/Engine.Texture2D,57091,57091,0,0,350546
/Game/CyberPunkAssets/Textures01/T_Barrel03.T_Barrel03,/Script/Engine.Texture2D,4371846,4371846,0,0,11185906
/Game/CyberPunkAssets/Textures01/T_Barrel03LOD00_Emissive.T_Barrel03LOD00_Emissive,/Script/Engine.Texture2D,44301,44301,0,0,11185930
/Game/CyberPunkAssets/Textures01/T_Barrel03LOD00_Normal.T_Barrel03LOD00_Normal,/Script/Engine.Texture2D,10843272,10843272,0,0,22370762
/Game/CyberPunkAssets/Textures01/T_Barrel03LOD00_ORM.T_Barrel03LOD00_ORM,/Script/Engine.Texture2D,4450662,4450662,0,0,11185922
/Game/CyberPunkAssets/Textures01/T_CardBoards01_Base.T_CardBoards01_Base,/Script/Engine.Texture2D,1073670,1073670,0,0,2797266
/Game/CyberPunkAssets/Textures01/T_CardBoards01_Normal.T_CardBoards01_Normal,/Script/Engine.Texture2D,2989735,2989735,0,0,5593498
/Game/CyberPunkAssets/Textures01/T_CardBoards01_ORM.T_CardBoards01_ORM,/Script/Engine.Texture2D,668171,668171,0,0,2797269
/Game/CyberPunkAssets/Textures01/T_Column01_Base.T_Column01_Base,/Script/Engine.Texture2D,712509,712509,0,0,2797258
/Game/CyberPunkAssets/Textures01/T_Column01_Normal.T_Column01_Normal,/Script/Engine.Texture2D,2367817,2367817,0,0,5593490
/Game/CyberPunkAssets/Textures01/T_Column01_ORM.T_Column01_ORM,/Script/Engine.Texture2D,845090,845090,0,0,2797261
/Game/CyberPunkAssets/Textures01/T_CyberCar01_02_Base.T_CyberCar01_02_Base,/Script/Engine.Texture2D,2513551,2513551,0,0,11185922
/Game/CyberPunkAssets/Textures01/T_CyberCar01_02_Emissive.T_CyberCar01_02_Emissive,/Script/Engine.Texture2D,92619,92619,0,0,11185930
/Game/CyberPunkAssets/Textures01/T_CyberCar01_02_Normal.T_CyberCar01_02_Normal,/Script/Engine.Texture2D,5266611,5266611,0,0,22370762
/Game/CyberPunkAssets/Textures01/T_CyberCar01_02_ORM.T_CyberCar01_02_ORM,/Script/Engine.Texture2D,4449126,4449126,0,0,11185925
/Game/CyberPunkAssets/Textures01/T_Helicopter01_Base.T_Helicopter01_Base,/Script/Engine.Texture2D,2997335,2997335,0,0,11185922
/Game/CyberPunkAssets/Textures01/T_Helicopter01_Emissive.T_Helicopter01_Emissive,/Script/Engine.Texture2D,262371,262371,0,0,11185930
/Game/CyberPunkAssets/Textures01/T_Helicopter01_Normal.T_Helicopter01_Normal,/Script/Engine.Texture2D,6742318,6742318,0,0,22370762
/Game/CyberPunkAssets/Textures01/T_Helicopter01_ORM.T_Helicopter01_ORM,/Script/Engine.Texture2D,4459530,4459530,0,0,11185925
/Game/DeepWaterStation/Textures/T_Container_BC.T_Container_BC,/Script/Engine.Texture2D,8037162,8037162,0,0,50643461
/Game/DeepWaterStation/Textures/T_Container_E.T_Container_E,/Script/Engine.Texture2D,74892,74892,0,0,25322437
/Game/DeepWaterStation/Textures/T_Container_N.T_Container_N,/Script/Engine.Texture2D,4131428,4131428,0,0,50643460
/Game/DeepWaterStation/Textures/T_Container_ORM.T_Container_ORM,/Script/Engine.Texture2D,6433623,6433623,0,0,25322440
/Game/DeepWaterStation/Textures/T_Ladder01_BC.T_Ladder01_BC,/Script/Engine.Texture2D,8400529,8400529,0,0,37955309
/Game/DeepWaterStation/Textures/T_Ladder01_N.T_Ladder01_N,/Script/Engine.Texture2D,18193416,18193416,0,0,75909100
/Game/DeepWaterStation/Textures/T_Ladder01_ORM.T_Ladder01_ORM,/Script/Engine.Texture2D,10077739,10077739,0,0,37955312
/Game/DeepWaterStation/Textures/T_MetalWall07_BC.T_MetalWall07_BC,/Script/Engine.Texture2D,6423018,6423018,0,0,50588186
/Game/DeepWaterStation/Textures/T_MetalWall07_N.T_MetalWall07_N,/Script/Engine.Texture2D,15508719,15508719,0,0,101174753
/Game/DeepWaterStation/Textures/T_MetalWall07_ORM.T_MetalWall07_ORM,/Script/Engine.Texture2D,7920608,7920608,0,0,50588197
/Game/DeepWaterStation/Textures/T_MOD02_BC.T_MOD02_BC,/Script/Engine.Texture2D,18186280,18186280,0,0,75853834
/Game/DeepWaterStation/Textures/T_Mod02_Int_BC.T_Mod02_Int_BC,/Script/Engine.Texture2D,19271358,19271358,0,0,277978166
/Game/DeepWaterStation/Textures/T_Mod02_Int_E.T_Mod02_Int_E,/Script/Engine.Texture2D,52824,52824,0,0,138989974
/Game/DeepWaterStation/Textures/T_Mod02_Int_N.T_Mod02_Int_N,/Script/Engine.Texture2D,36269312,36269312,0,0,277978165
/Game/DeepWaterStation/Textures/T_Mod02_Int_ORM.T_Mod02_Int_ORM,/Script/Engine.Texture2D,22215285,22215285,0,0,138989977
/Game/DeepWaterStation/Textures/T_MOD02_N.T_MOD02_N,/Script/Engine.Texture2D,13001291,13001291,0,0,151705929
/Game/DeepWaterStation/Textures/T_MOD02_ORM.T_MOD02_ORM,/Script/Engine.Texture2D,20147863,20147863,0,0,75853837
/Game/DeepWaterStation/Textures/T_Mod03_BC.T_Mod03_BC,/Script/Engine.Texture2D,11360095,11360095,0,0,63230314
/Game/DeepWaterStation/Textures/T_Mod03_N.T_Mod03_N,/Script/Engine.Texture2D,6997397,6997397,0,0,126458889
/Game/DeepWaterStation/Textures/T_Mod03_ORM.T_Mod03_ORM,/Script/Engine.Texture2D,16480961,16480961,0,0,63230317
/Game/DeepWaterStation/Textures/T_Wall09_BC.T_Wall09_BC,/Script/Engine.Texture2D,4050239,4050239,0,0,37955301
/Game/DeepWaterStation/Textures/T_Wall09_N.T_Wall09_N,/Script/Engine.Texture2D,8620835,8620835,0,0,75909100
/Game/DeepWaterStation/Textures/T_Wall09_ORM.T_Wall09_ORM,/Script/Engine.Texture2D,5063841,5063841,0,0,37955304
/Game/Effects/Camera/Damage/Textures/Hit_Regular_Glitch.Hit_Regular_Glitch,/Script/Engine.Texture2D,265404,265404,0,0,5593482
/Game/Effects/Textures/BlastGraphics/T_ExplosionFlare.T_ExplosionFlare,/Script/Engine.Texture2D,33464,33464,0,0,175733
/Game/Effects/Textures/BlastGraphics/T_Graphics.T_Graphics,/Script/Engine.Texture2D,169014,169014,0,0,1399117
/Game/Effects/Textures/Cutouts/T_cutout_gradient_vertical.T_cutout_gradient_vertical,/Script/Engine.Texture2D,1787,1787,0,0,4053
/Game/Effects/Textures/Decals/chippedcracks.chippedcracks,/Script/Engine.Texture2D,169812,169812,0,0,350498
/Game/Effects/Textures/Decals/concrete_depth2x2.concrete_depth2x2,/Script/Engine.Texture2D,50015,50015,0,0,1399125
/Game/Effects/Textures/Decals/concrete_normal2x2.concrete_normal2x2,/Script/Engine.Texture2D,204813,204813,0,0,1399130
/Game/Effects/Textures/Decals/glass_mask2x2.glass_mask2x2,/Script/Engine.Texture2D,56787,56787,0,0,700053
/Game/Effects/Textures/Decals/glass_normal2x2.glass_normal2x2,/Script/Engine.Texture2D,78102,78102,0,0,1399130
/Game/Effects/Textures/Decals/hexagon.hexagon,/Script/Engine.Texture2D,14136,14136,0,0,175709
/Game/Effects/Textures/Decals/T_ExplosionDecal.T_ExplosionDecal,/Script/Engine.Texture2D,183536,183536,0,0,700061
/Game/Effects/Textures/Decals/T_ExplsionDigital.T_ExplsionDigital,/Script/Engine.Texture2D,15607,15607,0,0,175725
/Game/Effects/Textures/Flipbooks/LDR_Squib_2_rop_comp1_0001_flipbook.LDR_Squib_2_rop_comp1_0001_flipbook,/Script/Engine.Texture2D,4583232,4583232,0,0,22370783
/Game/Effects/Textures/Flipbooks/numbers_color.numbers_color,/Script/Engine.Texture2D,143077,143077,0,0,2797160
/Game/Effects/Textures/Flipbooks/rotatingcube_sprite_Cd_0.rotatingcube_sprite_Cd_0,/Script/Engine.Texture2D,4283320,4283320,0,0,22370688
/Game/Effects/Textures/Flipbooks/rotatingcube_sprite_N_0.rotatingcube_sprite_N_0,/Script/Engine.Texture2D,732861,732861,0,0,5593498
/Game/Effects/Textures/Flipbooks/SmokeSwirl_3_Flipbook_CHANNELPACK.SmokeSwirl_3_Flipbook_CHANNELPACK,/Script/Engine.Texture2D,1887976,1887976,0,0,5593526
/Game/Effects/Textures/Flipbooks/T_Explosion_Areal_E64.T_Explosion_Areal_E64,/Script/Engine.Texture2D,3039745,3039745,0,0,22370757
/Game/Effects/Textures/FootPrint/T_FootPrint_01_MSK.T_FootPrint_01_MSK,/Script/Engine.Texture2D,148008,148008,0,0,5593528
/Game/Effects/Textures/FootPrint/T_FootPrint_01_N.T_FootPrint_01_N,/Script/Engine.Texture2D,555955,555955,0,0,11185943
/Game/Effects/Textures/General/blurry_texture.blurry_texture,/Script/Engine.Texture2D,26223,26223,0,0,175725
/Game/Effects/Textures/General/Good64x64TilingNoiseHighFreq.Good64x64TilingNoiseHighFreq,/Script/Engine.Texture2D,2433,2433,0,0,3573
/Game/Effects/Textures/General/squares.squares,/Script/Engine.Texture2D,18857,18857,0,0,350485
/Game/Effects/Textures/General/T_Cube_BW.T_Cube_BW,/Script/Engine.Texture2D,11576,11576,0,0,1399109
/Game/Effects/Textures/General/T_Inky_Smoke_Tile.T_Inky_Smoke_Tile,/Script/Engine.Texture2D,46370,46370,0,0,175731
/Game/Effects/Textures/General/T_NanoFiber_Pattern_N.T_NanoFiber_Pattern_N,/Script/Engine.Texture2D,324514,324514,0,0,5593490
/Game/Effects/Textures/General/textureNoise.textureNoise,/Script/Engine.Texture2D,346908,346908,0,0,700053
/Game/Effects/Textures/LaunchPad/launchbar_mask.launchbar_mask,/Script/Engine.Texture2D,28612,28612,0,0,528912
/Game/Effects/Textures/LaunchPad/launchbar_normal.launchbar_normal,/Script/Engine.Texture2D,36799,36799,0,0,1057309
/Game/Effects/Textures/MuzzleFlash/T_MuzzleFlash_Directional_01_MSK.T_MuzzleFlash_Directional_01_MSK,/Script/Engine.Texture2D,739607,739607,0,0,2797330
/Game/Effects/Textures/Rocks/Debris_Chunk1_BaseColor.Debris_Chunk1_BaseColor,/Script/Engine.Texture2D,92485,92485,0,0,175741
/Game/Effects/Textures/Rocks/Debris_Chunk2_BaseColor.Debris_Chunk2_BaseColor,/Script/Engine.Texture2D,89683,89683,0,0,175741
/Game/Effects/Textures/Rocks/Debris_Chunk3_BaseColor.Debris_Chunk3_BaseColor,/Script/Engine.Texture2D,82138,82138,0,0,175741
/Game/Effects/Textures/Rocks/ultkedqjw_4K_Albedo.ultkedqjw_4K_Albedo,/Script/Engine.Texture2D,23834,23834,0,0,111961
/Game/Effects/Textures/Rocks/ultkedqjw_4K_Normal_LOD0.ultkedqjw_4K_Normal_LOD0,/Script/Engine.Texture2D,32540,32540,0,0,111969
/Game/Effects/Textures/Rocks/ultkedqjw_4K_Roughness.ultkedqjw_4K_Roughness,/Script/Engine.Texture2D,3257,3257,0,0,74933
/Game/Effects/Textures/Rocks/WhiteSquareTexture.WhiteSquareTexture,/Script/Engine.Texture2D,412,412,0,0,2126
/Game/Effects/Textures/Teleporter/rounderCorner.rounderCorner,/Script/Engine.Texture2D,5400,5400,0,0,175725
/Game/LaserFX_BP/Resource/Texture/T_AFL_Cloud_03.T_AFL_Cloud_03,/Script/Engine.Texture2D,619251,619251,0,0,2797258
/Game/LaserFX_BP/Resource/Texture/T_AFL_Cloud_Smooth_01.T_AFL_Cloud_Smooth_01,/Script/Engine.Texture2D,35222,35222,0,0,175738
/Game/LaserFX_BP/Resource/Texture/T_AFL_Electric_4x4.T_AFL_Electric_4x4,/Script/Engine.Texture2D,12106,12106,0,0,175730
/Game/LaserFX_BP/Resource/Texture/T_AFL_Gra_01.T_AFL_Gra_01,/Script/Engine.Texture2D,1924,1924,0,0,175725
/Game/LaserFX_BP/Resource/Texture/T_AFL_Gra_02.T_AFL_Gra_02,/Script/Engine.Texture2D,1940,1940,0,0,175725
/Game/LaserFX_BP/Resource/Texture/T_AFL_Laser_01.T_AFL_Laser_01,/Script/Engine.Texture2D,19602,19602,0,0,175722
/Game/LaserFX_BP/Resource/Texture/T_AFL_Noise_02.T_AFL_Noise_02,/Script/Engine.Texture2D,45374,45374,0,0,175722
/Game/LaserFX_BP/Resource/Texture/T_AFL_Spark_M.T_AFL_Spark_M,/Script/Engine.Texture2D,2474,2474,0,0,44602
/Game/Sci_FI_Valley_Village/Textures/T_architecture_prop_02/T_architecture_prop_02_AORM.T_architecture_prop_02_AORM,/Script/Engine.Texture2D,1718210,1718210,0,0,2797314
/Game/Sci_FI_Valley_Village/Textures/T_architecture_prop_02/T_architecture_prop_02_D.T_architecture_prop_02_D,/Script/Engine.Texture2D,1301605,1301605,0,0,2797306
/Game/Sci_FI_Valley_Village/Textures/T_architecture_prop_02/T_architecture_prop_02_N.T_architecture_prop_02_N,/Script/Engine.Texture2D,3977633,3977633,0,0,5593530
/Game/Sci_FI_Valley_Village/Textures/T_architecture_props/T_architecture_props_AORM.T_architecture_props_AORM,/Script/Engine.Texture2D,1691921,1691921,0,0,2797306
/Game/Sci_FI_Valley_Village/Textures/T_architecture_props/T_architecture_props_D.T_architecture_props_D,/Script/Engine.Texture2D,1452228,1452228,0,0,5593514
/Game/Sci_FI_Valley_Village/Textures/T_architecture_props/T_architecture_props_N.T_architecture_props_N,/Script/Engine.Texture2D,2275055,2275055,0,0,5593522
/Game/Sci_FI_Valley_Village/Textures/T_architecture_props/T_architecture_props_O.T_architecture_props_O,/Script/Engine.Texture2D,74723,74723,0,0,2797298
/Game/Sci_FI_Valley_Village/Textures/T_boulder_rocks/T_boulder_rocks_AORM.T_boulder_rocks_AORM,/Script/Engine.Texture2D,1336259,1336259,0,0,2797290
/Game/Sci_FI_Valley_Village/Textures/T_boulder_rocks/T_boulder_rocks_D.T_boulder_rocks_D,/Script/Engine.Texture2D,1477333,1477333,0,0,2797282
/Game/Sci_FI_Valley_Village/Textures/T_boulder_rocks/T_boulder_rocks_N.T_boulder_rocks_N,/Script/Engine.Texture2D,4851428,4851428,0,0,5593506
/Game/Sci_FI_Valley_Village/Textures/T_circular_bridge/T_circular_bridge_AORM.T_circular_bridge_AORM,/Script/Engine.Texture2D,2813755,2813755,0,0,11185954
/Game/Sci_FI_Valley_Village/Textures/T_circular_bridge/T_circular_bridge_D.T_circular_bridge_D,/Script/Engine.Texture2D,2869744,2869744,0,0,22370770
/Game/Sci_FI_Valley_Village/Textures/T_circular_bridge/T_circular_bridge_E.T_circular_bridge_E,/Script/Engine.Texture2D,3340,3340,0,0,11185946
/Game/Sci_FI_Valley_Village/Textures/T_circular_bridge/T_circular_bridge_N.T_circular_bridge_N,/Script/Engine.Texture2D,1279308,1279308,0,0,22370778
/Game/Sci_FI_Valley_Village/Textures/T_circular_bridge/T_circular_bridge_O.T_circular_bridge_O,/Script/Engine.Texture2D,261592,261592,0,0,11185946
/Game/Sci_FI_Valley_Village/Textures/T_cliff_01/T_cliff_01_AORM.T_cliff_01_AORM,/Script/Engine.Texture2D,5199379,5199379,0,0,11185930
/Game/Sci_FI_Valley_Village/Textures/T_cliff_01/T_cliff_01_D.T_cliff_01_D,/Script/Engine.Texture2D,3800917,3800917,0,0,11185922
/Game/Sci_FI_Valley_Village/Textures/T_cliff_01/T_cliff_01_N.T_cliff_01_N,/Script/Engine.Texture2D,20302521,20302521,0,0,22370754
/Game/Sci_FI_Valley_Village/Textures/T_cliff_01/T_stone_N.T_stone_N,/Script/Engine.Texture2D,5469743,5469743,0,0,5593482
/Game/Sci_FI_Valley_Village/Textures/T_decals/T_grunge_alpha.T_grunge_alpha,/Script/Engine.Texture2D,285462,285462,0,0,2797277
/Game/Sci_FI_Valley_Village/Textures/T_decals/T_grunge_Decal_01.T_grunge_Decal_01,/Script/Engine.Texture2D,385580,385580,0,0,2797277
/Game/Sci_FI_Valley_Village/Textures/T_decals/T_grunge_decal_02.T_grunge_decal_02,/Script/Engine.Texture2D,202548,202548,0,0,700077
/Game/Sci_FI_Valley_Village/Textures/T_decals/T_square.T_square,/Script/Engine.Texture2D,1474,1474,0,0,700061
/Game/Sci_FI_Valley_Village/Textures/T_decals/T_Text_02.T_Text_02,/Script/Engine.Texture2D,98239,98239,0,0,2797258
/Game/Sci_FI_Valley_Village/Textures/T_default_texture/T_default_AORM.T_default_AORM,/Script/Engine.Texture2D,158893,158893,0,0,2797282
/Game/Sci_FI_Valley_Village/Textures/T_default_texture/T_default_normal.T_default_normal,/Script/Engine.Texture2D,741,741,0,0,350530
/Game/Sci_FI_Valley_Village/Textures/T_desert_plant/T_desert_plant_AORM.T_desert_plant_AORM,/Script/Engine.Texture2D,174589,174589,0,0,2797290
/Game/Sci_FI_Valley_Village/Textures/T_desert_plant/T_desert_plant_D.T_desert_plant_D,/Script/Engine.Texture2D,486153,486153,0,0,2797282
/Game/Sci_FI_Valley_Village/Textures/T_desert_plant/T_desert_plant_N.T_desert_plant_N,/Script/Engine.Texture2D,794864,794864,0,0,5593506
/Game/Sci_FI_Valley_Village/Textures/T_desert_plant/T_desert_plant_O.T_desert_plant_O,/Script/Engine.Texture2D,120028,120028,0,0,2797285
/Game/Sci_FI_Valley_Village/Textures/T_door/T_door_AORM.T_door_AORM,/Script/Engine.Texture2D,1448606,1448606,0,0,2797266
/Game/Sci_FI_Valley_Village/Textures/T_door/T_door_D.T_door_D,/Script/Engine.Texture2D,1238828,1238828,0,0,2797258
/Game/Sci_FI_Valley_Village/Textures/T_door/T_door_N.T_door_N,/Script/Engine.Texture2D,3174412,3174412,0,0,5593482
/Game/Sci_FI_Valley_Village/Textures/T_exterior_pipe/T_exterior_pipe_AORM.T_exterior_pipe_AORM,/Script/Engine.Texture2D,1303827,1303827,0,0,2797290
/Game/Sci_FI_Valley_Village/Textures/T_exterior_pipe/T_exterior_pipe_D.T_exterior_pipe_D,/Script/Engine.Texture2D,1283860,1283860,0,0,5593498
/Game/Sci_FI_Valley_Village/Textures/T_exterior_pipe/T_exterior_pipe_N.T_exterior_pipe_N,/Script/Engine.Texture2D,3172243,3172243,0,0,5593506
/Game/Sci_FI_Valley_Village/Textures/T_exterior_pipe/T_exterior_pipe_O.T_exterior_pipe_O,/Script/Engine.Texture2D,54051,54051,0,0,2797282
/Game/Sci_FI_Valley_Village/Textures/T_foot_bridge/T_Bridge_AORM.T_Bridge_AORM,/Script/Engine.Texture2D,3274975,3274975,0,0,11185930
/Game/Sci_FI_Valley_Village/Textures/T_foot_bridge/T_Bridge_D.T_Bridge_D,/Script/Engine.Texture2D,4162142,4162142,0,0,22370746
/Game/Sci_FI_Valley_Village/Textures/T_foot_bridge/T_Bridge_N.T_Bridge_N,/Script/Engine.Texture2D,55335,55335,0,0,22370754
/Game/Sci_FI_Valley_Village/Textures/T_foot_bridge/T_Bridge_O.T_Bridge_O,/Script/Engine.Texture2D,427340,427340,0,0,11185922
/Game/Sci_FI_Valley_Village/Textures/T_ground_01/T_ground_01_AORM.T_ground_01_AORM,/Script/Engine.Texture2D,1701318,1701318,0,0,2797274
/Game/Sci_FI_Valley_Village/Textures/T_ground_01/T_ground_01_D.T_ground_01_D,/Script/Engine.Texture2D,109433,109433,0,0,2797274
/Game/Sci_FI_Valley_Village/Textures/T_ground_01/T_ground_01_N.T_ground_01_N,/Script/Engine.Texture2D,3226287,3226287,0,0,5593498
/Game/Sci_FI_Valley_Village/Textures/T_ground_02/T_ground_02_AORM.T_ground_02_AORM,/Script/Engine.Texture2D,7800084,7800084,0,0,11185930
/Game/Sci_FI_Valley_Village/Textures/T_ground_02/T_ground_02_D.T_ground_02_D,/Script/Engine.Texture2D,2572720,2572720,0,0,11185930
/Game/Sci_FI_Valley_Village/Textures/T_ground_02/T_ground_02_N.T_ground_02_N,/Script/Engine.Texture2D,15228728,15228728,0,0,22370762
/Game/Sci_FI_Valley_Village/Textures/T_ground_03/T_ground_03_AORM.T_ground_03_AORM,/Script/Engine.Texture2D,1736082,1736082,0,0,2797274
/Game/Sci_FI_Valley_Village/Textures/T_ground_03/T_ground_03_D.T_ground_03_D,/Script/Engine.Texture2D,410137,410137,0,0,2797274
/Game/Sci_FI_Valley_Village/Textures/T_ground_03/T_ground_03_N.T_ground_03_N,/Script/Engine.Texture2D,3197519,3197519,0,0,5593498
/Game/Sci_FI_Valley_Village/Textures/T_ground_mesh/T_ground_mesh_AORM.T_ground_mesh_AORM,/Script/Engine.Texture2D,1888601,1888601,0,0,2797282
/Game/Sci_FI_Valley_Village/Textures/T_ground_mesh/T_ground_mesh_D.T_ground_mesh_D,/Script/Engine.Texture2D,1290203,1290203,0,0,2797274
/Game/Sci_FI_Valley_Village/Textures/T_ground_mesh/T_ground_mesh_N.T_ground_mesh_N,/Script/Engine.Texture2D,3153633,3153633,0,0,5593498
/Game/Sci_FI_Valley_Village/Textures/T_Height.T_Height,/Script/Engine.Texture2D,722005,722005,0,0,2797253
/Game/Sci_FI_Valley_Village/Textures/T_house_01/T_house_01_AORM.T_house_01_AORM,/Script/Engine.Texture2D,1658667,1658667,0,0,11185930
/Game/Sci_FI_Valley_Village/Textures/T_house_01/T_house_01_D.T_house_01_D,/Script/Engine.Texture2D,2461210,2461210,0,0,11185922
/Game/Sci_FI_Valley_Village/Textures/T_house_01/T_house_01_N.T_house_01_N,/Script/Engine.Texture2D,14595031,14595031,0,0,22370754
/Game/Sci_FI_Valley_Village/Textures/T_house_01/T_house_02_D.T_house_02_D,/Script/Engine.Texture2D,2653067,2653067,0,0,11185922
/Game/Sci_FI_Valley_Village/Textures/T_house_03/T_house_03_AORM.T_house_03_AORM,/Script/Engine.Texture2D,2128949,2128949,0,0,11185930
/Game/Sci_FI_Valley_Village/Textures/T_house_03/T_house_03_D.T_house_03_D,/Script/Engine.Texture2D,2714594,2714594,0,0,11185922
/Game/Sci_FI_Valley_Village/Textures/T_house_03/T_house_03_N.T_house_03_N,/Script/Engine.Texture2D,12941345,12941345,0,0,22370754
/Game/Sci_FI_Valley_Village/Textures/T_house_details/T_house_details_AORM.T_house_details_AORM,/Script/Engine.Texture2D,1116866,1116866,0,0,2797290
/Game/Sci_FI_Valley_Village/Textures/T_house_details/T_house_details_D.T_house_details_D,/Script/Engine.Texture2D,1177973,1177973,0,0,2797282
/Game/Sci_FI_Valley_Village/Textures/T_house_details/T_house_details_N.T_house_details_N,/Script/Engine.Texture2D,1990363,1990363,0,0,5593506
/Game/Sci_FI_Valley_Village/Textures/T_house_silo/T_house_silo_AORM.T_house_silo_AORM,/Script/Engine.Texture2D,995166,995166,0,0,11185938
/Game/Sci_FI_Valley_Village/Textures/T_house_silo/T_house_silo_D.T_house_silo_D,/Script/Engine.Texture2D,2639271,2639271,0,0,11185930
/Game/Sci_FI_Valley_Village/Textures/T_house_silo/T_house_silo_N.T_house_silo_N,/Script/Engine.Texture2D,14934645,14934645,0,0,22370762
/Game/Sci_FI_Valley_Village/Textures/T_large_beam/T_large_beam_AORM.T_large_beam_AORM,/Script/Engine.Texture2D,1590559,1590559,0,0,2797282
/Game/Sci_FI_Valley_Village/Textures/T_large_beam/T_large_beam_D.T_large_beam_D,/Script/Engine.Texture2D,1536502,1536502,0,0,2797274
/Game/Sci_FI_Valley_Village/Textures/T_large_beam/T_large_beam_N.T_large_beam_N,/Script/Engine.Texture2D,3434523,3434523,0,0,5593498
/Game/Sci_FI_Valley_Village/Textures/T_leaves/T_flying_leave_AORM.T_flying_leave_AORM,/Script/Engine.Texture2D,382159,382159,0,0,2797285
/Game/Sci_FI_Valley_Village/Textures/T_leaves/T_flying_leave_D.T_flying_leave_D,/Script/Engine.Texture2D,88111,88111,0,0,2797274
/Game/Sci_FI_Valley_Village/Textures/T_leaves/T_flying_leave_N.T_flying_leave_N,/Script/Engine.Texture2D,264973,264973,0,0,5593498
/Game/Sci_FI_Valley_Village/Textures/T_leaves/T_flying_leave_O.T_flying_leave_O,/Script/Engine.Texture2D,134163,134163,0,0,2797277
/Game/Sci_FI_Valley_Village/Textures/T_lift/T_lift_AORM.T_lift_AORM,/Script/Engine.Texture2D,2267962,2267962,0,0,11185922
/Game/Sci_FI_Valley_Village/Textures/T_lift/T_lift_D.T_lift_D,/Script/Engine.Texture2D,3802502,3802502,0,0,11185914
/Game/Sci_FI_Valley_Village/Textures/T_lift/T_lift_E.T_lift_E,/Script/Engine.Texture2D,158081,158081,0,0,11185914
/Game/Sci_FI_Valley_Village/Textures/T_lift/T_lift_N.T_lift_N,/Script/Engine.Texture2D,1797275,1797275,0,0,22370746
/Game/Sci_FI_Valley_Village/Textures/T_Mask/T_Black.T_Black,/Script/Engine.Texture2D,375,375,0,0,1434
/Game/Sci_FI_Valley_Village/Textures/T_Mask/T_clouds_mask.T_clouds_mask,/Script/Engine.Texture2D,735588,735588,0,0,2797269
/Game/Sci_FI_Valley_Village/Textures/T_Mask/T_grunge_03.T_grunge_03,/Script/Engine.Texture2D,6314934,6314934,0,0,11185925
/Game/Sci_FI_Valley_Village/Textures/T_Mask/T_grunge_mask.T_grunge_mask,/Script/Engine.Texture2D,647767,647767,0,0,2797269
/Game/Sci_FI_Valley_Village/Textures/T_Mask/T_white.T_white,/Script/Engine.Texture2D,2325,2325,0,0,2797258
/Game/Sci_FI_Valley_Village/Textures/T_metal_trim/T_floor_trim_AORM.T_floor_trim_AORM,/Script/Engine.Texture2D,578058,578058,0,0,2797282
/Game/Sci_FI_Valley_Village/Textures/T_metal_trim/T_floor_trim_D.T_floor_trim_D,/Script/Engine.Texture2D,1420178,1420178,0,0,2797274
/Game/Sci_FI_Valley_Village/Textures/T_metal_trim/T_floor_trim_N.T_floor_trim_N,/Script/Engine.Texture2D,145392,145392,0,0,5593498
/Game/Sci_FI_Valley_Village/Textures/T_normals/T_detail__02_N.T_detail__02_N,/Script/Engine.Texture2D,5980429,5980429,0,0,22370762
/Game/Sci_FI_Valley_Village/Textures/T_normals/T_detail_N.T_detail_N,/Script/Engine.Texture2D,3759285,3759285,0,0,5593487
/Game/Sci_FI_Valley_Village/Textures/T_pipes/T_big_pipe_AORM.T_big_pipe_AORM,/Script/Engine.Texture2D,5918758,5918758,0,0,11185930
/Game/Sci_FI_Valley_Village/Textures/T_pipes/T_big_pipe_D.T_big_pipe_D,/Script/Engine.Texture2D,3934950,3934950,0,0,11185922
/Game/Sci_FI_Valley_Village/Textures/T_pipes/T_big_pipe_N.T_big_pipe_N,/Script/Engine.Texture2D,1780968,1780968,0,0,22370754
/Game/Sci_FI_Valley_Village/Textures/T_pipes/T_pipes_AORM.T_pipes_AORM,/Script/Engine.Texture2D,5509131,5509131,0,0,11185922
/Game/Sci_FI_Valley_Village/Textures/T_pipes/T_pipes_D.T_pipes_D,/Script/Engine.Texture2D,5562992,5562992,0,0,22370738
/Game/Sci_FI_Valley_Village/Textures/T_pipes/T_pipes_N.T_pipes_N,/Script/Engine.Texture2D,5647639,5647639,0,0,22370746
/Game/Sci_FI_Valley_Village/Textures/T_pipes/T_pipes_O.T_pipes_O,/Script/Engine.Texture2D,20458,20458,0,0,11185914
/Game/Sci_FI_Valley_Village/Textures/T_props/T_props_01_AORM.T_props_01_AORM,/Script/Engine.Texture2D,5726955,5726955,0,0,11185930
/Game/Sci_FI_Valley_Village/Textures/T_props/T_props_01_D.T_props_01_D,/Script/Engine.Texture2D,3253489,3253489,0,0,11185922
/Game/Sci_FI_Valley_Village/Textures/T_props/T_props_01_N.T_props_01_N,/Script/Engine.Texture2D,4066047,4066047,0,0,22370754
/Game/Sci_FI_Valley_Village/Textures/T_rectangular_house/T_rectangular_house_AORM.T_rectangular_house_AORM,/Script/Engine.Texture2D,3009111,3009111,0,0,11185954
/Game/Sci_FI_Valley_Village/Textures/T_rectangular_house/T_rectangular_house_D.T_rectangular_house_D,/Script/Engine.Texture2D,5018605,5018605,0,0,11185954
/Game/Sci_FI_Valley_Village/Textures/T_rectangular_house/T_rectangular_house_N.T_rectangular_house_N,/Script/Engine.Texture2D,19460088,19460088,0,0,22370786
/Game/Sci_FI_Valley_Village/Textures/T_rock_01/T_rock_01_AORM.T_rock_01_AORM,/Script/Engine.Texture2D,841212,841212,0,0,2797274
/Game/Sci_FI_Valley_Village/Textures/T_rock_01/T_rock_01_D.T_rock_01_D,/Script/Engine.Texture2D,586210,586210,0,0,2797266
/Game/Sci_FI_Valley_Village/Textures/T_rock_01/T_rock_01_N.T_rock_01_N,/Script/Engine.Texture2D,2784107,2784107,0,0,5593490
/Game/Sci_FI_Valley_Village/Textures/T_rock_02/T_rock_02_AORM.T_rock_02_AORM,/Script/Engine.Texture2D,4262999,4262999,0,0,11185930
/Game/Sci_FI_Valley_Village/Textures/T_rock_02/T_rock_02_D.T_rock_02_D,/Script/Engine.Texture2D,4757860,4757860,0,0,11185922
/Game/Sci_FI_Valley_Village/Textures/T_rock_02/T_rock_02_N.T_rock_02_N,/Script/Engine.Texture2D,17706810,17706810,0,0,22370754
/Game/Sci_FI_Valley_Village/Textures/T_rock_04/T_rock_04_AORM.T_rock_04_AORM,/Script/Engine.Texture2D,4100742,4100742,0,0,11185930
/Game/Sci_FI_Valley_Village/Textures/T_rock_04/T_rock_04_D.T_rock_04_D,/Script/Engine.Texture2D,4721525,4721525,0,0,11185922
/Game/Sci_FI_Valley_Village/Textures/T_rock_04/T_rock_04_N.T_rock_04_N,/Script/Engine.Texture2D,17363397,17363397,0,0,22370754
/Game/Sci_FI_Valley_Village/Textures/T_ship/T_ship_body_AORM.T_ship_body_AORM,/Script/Engine.Texture2D,4053672,4053672,0,0,11185930
/Game/Sci_FI_Valley_Village/Textures/T_ship/T_ship_body_D.T_ship_body_D,/Script/Engine.Texture2D,2356574,2356574,0,0,11185922
/Game/Sci_FI_Valley_Village/Textures/T_ship/T_ship_body_E.T_ship_body_E,/Script/Engine.Texture2D,9184,9184,0,0,11185922
/Game/Sci_FI_Valley_Village/Textures/T_ship/T_ship_body_N.T_ship_body_N,/Script/Engine.Texture2D,3507017,3507017,0,0,22370754
/Game/Sci_FI_Valley_Village/Textures/T_ship/T_ship_wings_AORM.T_ship_wings_AORM,/Script/Engine.Texture2D,4802938,4802938,0,0,11185930
/Game/Sci_FI_Valley_Village/Textures/T_ship/T_ship_wings_D.T_ship_wings_D,/Script/Engine.Texture2D,2781370,2781370,0,0,11185922
/Game/Sci_FI_Valley_Village/Textures/T_ship/T_ship_wings_E.T_ship_wings_E,/Script/Engine.Texture2D,1980,1980,0,0,700066
/Game/Sci_FI_Valley_Village/Textures/T_ship/T_ship_wings_N.T_ship_wings_N,/Script/Engine.Texture2D,3115967,3115967,0,0,22370754
/Game/Sci_FI_Valley_Village/Textures/T_sky/T_cloud.T_cloud,/Script/Engine.Texture2D,220166,220166,0,0,1399157
/Game/Sci_FI_Valley_Village/Textures/T_sky/T_cloud_04.T_cloud_04,/Script/Engine.Texture2D,210524,210524,0,0,1399165
/Game/Sci_FI_Valley_Village/Textures/T_sky/T_cloud_06.T_cloud_06,/Script/Engine.Texture2D,429324,429324,0,0,1399162
/Game/Sci_FI_Valley_Village/Textures/T_sky/T_cloud_09.T_cloud_09,/Script/Engine.Texture2D,560315,560315,0,0,2797261
/Game/Sci_FI_Valley_Village/Textures/T_small_house/T_small_house_02_D.T_small_house_02_D,/Script/Engine.Texture2D,3041773,3041773,0,0,11185938
/Game/Sci_FI_Valley_Village/Textures/T_small_house/T_small_house_AORM.T_small_house_AORM,/Script/Engine.Texture2D,5022479,5022479,0,0,11185938
/Game/Sci_FI_Valley_Village/Textures/T_small_house/T_small_house_D.T_small_house_D,/Script/Engine.Texture2D,3154263,3154263,0,0,11185930
/Game/Sci_FI_Valley_Village/Textures/T_small_house/T_small_house_E.T_small_house_E,/Script/Engine.Texture2D,40485,40485,0,0,11185930
/Game/Sci_FI_Valley_Village/Textures/T_small_house/T_small_house_N.T_small_house_N,/Script/Engine.Texture2D,8227413,8227413,0,0,22370762
/Game/Sci_FI_Valley_Village/Textures/T_speeder/T_speeder_AORM.T_speeder_AORM,/Script/Engine.Texture2D,4880909,4880909,0,0,11185930
/Game/Sci_FI_Valley_Village/Textures/T_speeder/T_speeder_D.T_speeder_D,/Script/Engine.Texture2D,2776353,2776353,0,0,11185922
/Game/Sci_FI_Valley_Village/Textures/T_speeder/T_speeder_E.T_speeder_E,/Script/Engine.Texture2D,21716,21716,0,0,11185922
/Game/Sci_FI_Valley_Village/Textures/T_speeder/T_speeder_N.T_speeder_N,/Script/Engine.Texture2D,4568051,4568051,0,0,22370754
/Game/Sci_FI_Valley_Village/Textures/T_water/T_wave.T_wave,/Script/Engine.Texture2D,512207,512207,0,0,2797253
/Game/Sci_FI_Valley_Village/Textures/T_water/T_wave_N.T_wave_N,/Script/Engine.Texture2D,630595,630595,0,0,5593482
/Game/Sci_FI_Valley_Village/Textures/T_wind_turbine/T_Wind_turbine_AORM.T_Wind_turbine_AORM,/Script/Engine.Texture2D,6428250,6428250,0,0,11185946
/Game/Sci_FI_Valley_Village/Textures/T_wind_turbine/T_Wind_turbine_D.T_Wind_turbine_D,/Script/Engine.Texture2D,4659433,4659433,0,0,11185938
/Game/Sci_FI_Valley_Village/Textures/T_wind_turbine/T_Wind_turbine_N.T_Wind_turbine_N,/Script/Engine.Texture2D,16050233,16050233,0,0,22370770
/Game/Sci_FI_Valley_Village/Textures/T_wood/T_wood_AORM.T_wood_AORM,/Script/Engine.Texture2D,1641904,1641904,0,0,2797266
/Game/Sci_FI_Valley_Village/Textures/T_wood/T_wood_D.T_wood_D,/Script/Engine.Texture2D,335271,335271,0,0,2797258
/Game/Sci_FI_Valley_Village/Textures/T_wood/T_wood_N.T_wood_N,/Script/Engine.Texture2D,4757949,4757949,0,0,5593482
/Game/Sci_FI_Valley_Village/Textures/T_world_cloud.T_world_cloud,/Script/Engine.Texture2D,1068460,1068460,0,0,2797261
/Game/ShantyTown/DKO_Widget/Textures/T_Albedo_Placeholder.T_Albedo_Placeholder,/Script/Engine.Texture2D,1111,1111,0,0,3562
/Game/ShantyTown/DKO_Widget/Textures/T_Dokyo_01.T_Dokyo_01,/Script/Engine.Texture2D,31668,31668,0,0,2797256
/Game/ShantyTown/DKO_Widget/Textures/T_Dokyo_01_NRM.T_Dokyo_01_NRM,/Script/Engine.Texture2D,688618,688618,0,0,5593486
/Game/ShantyTown/DKO_Widget/Textures/T_Dokyo_01_RMA.T_Dokyo_01_RMA,/Script/Engine.Texture2D,177731,177731,0,0,2797267
/Game/ShantyTown/DKO_Widget/Textures/T_NRM_Placeholder.T_NRM_Placeholder,/Script/Engine.Texture2D,421,421,0,0,2162
/Game/ShantyTown/DKO_Widget/Textures/T_RMA_Placeholder.T_RMA_Placeholder,/Script/Engine.Texture2D,415,415,0,0,1461
/Game/ShantyTown/Textures/Landscape/T_Grass_01.T_Grass_01,/Script/Engine.Texture2D,8075997,8075997,0,0,11185906
/Game/ShantyTown/Textures/Landscape/T_Grass_01_NRM.T_Grass_01_NRM,/Script/Engine.Texture2D,19517985,19517985,0,0,22370746
/Game/ShantyTown/Textures/Landscape/T_Grass_01_RHA.T_Grass_01_RHA,/Script/Engine.Texture2D,6446636,6446636,0,0,11185917
/Game/ShantyTown/Textures/Landscape/T_Gravel_01.T_Gravel_01,/Script/Engine.Texture2D,7356105,7356105,0,0,11185914
/Game/ShantyTown/Textures/Landscape/T_Gravel_01_NRM.T_Gravel_01_NRM,/Script/Engine.Texture2D,18811102,18811102,0,0,22370746
/Game/ShantyTown/Textures/Landscape/T_Gravel_01_RHA.T_Gravel_01_RHA,/Script/Engine.Texture2D,4081320,4081320,0,0,11185925
/Game/ShantyTown/Textures/Landscape/T_Wet_Mud_01.T_Wet_Mud_01,/Script/Engine.Texture2D,4022271,4022271,0,0,11185914
/Game/ShantyTown/Textures/Landscape/T_Wet_Mud_01_NRM.T_Wet_Mud_01_NRM,/Script/Engine.Texture2D,11245569,11245569,0,0,22370754
/Game/ShantyTown/Textures/Landscape/T_Wet_Mud_01_RHA.T_Wet_Mud_01_RHA,/Script/Engine.Texture2D,4105820,4105820,0,0,11185925
/Game/ShantyTown/Textures/T_BarbWire_01.T_BarbWire_01,/Script/Engine.Texture2D,148660,148660,0,0,700080
/Game/ShantyTown/Textures/T_BarbWire_01_NRM.T_BarbWire_01_NRM,/Script/Engine.Texture2D,285828,285828,0,0,700094
/Game/ShantyTown/Textures/T_BarbWire_01_RMA.T_BarbWire_01_RMA,/Script/Engine.Texture2D,27133,27133,0,0,350547
/Game/ShantyTown/Textures/T_Bark_Detail_01.T_Bark_Detail_01,/Script/Engine.Texture2D,350357,350357,0,0,700064
/Game/ShantyTown/Textures/T_Bark_Detail_01_NRM.T_Bark_Detail_01_NRM,/Script/Engine.Texture2D,888418,888418,0,0,1399134
/Game/ShantyTown/Textures/T_Bark_Detail_01_RMA.T_Bark_Detail_01_RMA,/Script/Engine.Texture2D,202830,202830,0,0,700075
/Game/ShantyTown/Textures/T_Boat_01.T_Boat_01,/Script/Engine.Texture2D,4572297,4572297,0,0,11185898
/Game/ShantyTown/Textures/T_Boat_MASK.T_Boat_MASK,/Script/Engine.Texture2D,2777309,2777309,0,0,11185904
/Game/ShantyTown/Textures/T_Boat_NRM.T_Boat_NRM,/Script/Engine.Texture2D,16745588,16745588,0,0,22370730
/Game/ShantyTown/Textures/T_Boat_RMA.T_Boat_RMA,/Script/Engine.Texture2D,4814296,4814296,0,0,11185901
/Game/ShantyTown/Textures/T_Chain_Fence_01.T_Chain_Fence_01,/Script/Engine.Texture2D,129243,129243,0,0,350504
/Game/ShantyTown/Textures/T_Chain_Fence_01_NRM.T_Chain_Fence_01_NRM,/Script/Engine.Texture2D,38307,38307,0,0,350510
/Game/ShantyTown/Textures/T_Chain_Fence_01_RMA.T_Chain_Fence_01_RMA,/Script/Engine.Texture2D,19334,19334,0,0,175739
/Game/ShantyTown/Textures/T_Chain_Fence_Posts_01.T_Chain_Fence_Posts_01,/Script/Engine.Texture2D,13281,13281,0,0,44680
/Game/ShantyTown/Textures/T_Chain_Fence_Posts_01_NRM.T_Chain_Fence_Posts_01_NRM,/Script/Engine.Texture2D,40381,40381,0,0,350606
/Game/ShantyTown/Textures/T_Chain_Fence_Posts_01_RMA.T_Chain_Fence_Posts_01_RMA,/Script/Engine.Texture2D,64810,64810,0,0,175811
/Game/ShantyTown/Textures/T_Cinderblock_01.T_Cinderblock_01,/Script/Engine.Texture2D,977529,977529,0,0,2797264
/Game/ShantyTown/Textures/T_Cinderblock_01_NRM.T_Cinderblock_01_NRM,/Script/Engine.Texture2D,3373153,3373153,0,0,5593486
/Game/ShantyTown/Textures/T_Cinderblock_01_RMA.T_Cinderblock_01_RMA,/Script/Engine.Texture2D,818169,818169,0,0,2797275
/Game/ShantyTown/Textures/T_Cladding_01.T_Cladding_01,/Script/Engine.Texture2D,556526,556526,0,0,2797259
/Game/ShantyTown/Textures/T_Cladding_01_NRM.T_Cladding_01_NRM,/Script/Engine.Texture2D,920433,920433,0,0,5593486
/Game/ShantyTown/Textures/T_Cladding_01_RMA.T_Cladding_01_RMA,/Script/Engine.Texture2D,294595,294595,0,0,2797267
/Game/ShantyTown/Textures/T_Concrete_Bare_01.T_Concrete_Bare_01,/Script/Engine.Texture2D,1129444,1129444,0,0,2797258
/Game/ShantyTown/Textures/T_Concrete_Bare_01_NRM.T_Concrete_Bare_01_NRM,/Script/Engine.Texture2D,2709586,2709586,0,0,5593490
/Game/ShantyTown/Textures/T_Concrete_Bare_01_RMA.T_Concrete_Bare_01_RMA,/Script/Engine.Texture2D,1354336,1354336,0,0,2797269
/Game/ShantyTown/Textures/T_Concrete_Pillars_01.T_Concrete_Pillars_01,/Script/Engine.Texture2D,1391303,1391303,0,0,2797272
/Game/ShantyTown/Textures/T_Concrete_Pillars_01_NRM.T_Concrete_Pillars_01_NRM,/Script/Engine.Texture2D,4039717,4039717,0,0,5593502
/Game/ShantyTown/Textures/T_Concrete_Pillars_01_RMA.T_Concrete_Pillars_01_RMA,/Script/Engine.Texture2D,631378,631378,0,0,2797283
/Game/ShantyTown/Textures/T_Dirt_01.T_Dirt_01,/Script/Engine.Texture2D,113711,113711,0,0,175712
/Game/ShantyTown/Textures/T_Door_01.T_Door_01,/Script/Engine.Texture2D,4466455,4466455,0,0,11185898
/Game/ShantyTown/Textures/T_Door_01_NRM.T_Door_01_NRM,/Script/Engine.Texture2D,7642351,7642351,0,0,22370738
/Game/ShantyTown/Textures/T_Door_01_RMA.T_Door_01_RMA,/Script/Engine.Texture2D,3293751,3293751,0,0,11185909
/Game/ShantyTown/Textures/T_Falling_Leaf_01.T_Falling_Leaf_01,/Script/Engine.Texture2D,25293,25293,0,0,66053
/Game/ShantyTown/Textures/T_Falling_Leaf_01_NRM.T_Falling_Leaf_01_NRM,/Script/Engine.Texture2D,38127,38127,0,0,66069
/Game/ShantyTown/Textures/T_Fence_02.T_Fence_02,/Script/Engine.Texture2D,2051285,2051285,0,0,2797242
/Game/ShantyTown/Textures/T_Fence_02_NRM.T_Fence_02_NRM,/Script/Engine.Texture2D,2446595,2446595,0,0,5593474
/Game/ShantyTown/Textures/T_Fence_02_RMA.T_Fence_02_RMA,/Script/Engine.Texture2D,914731,914731,0,0,2797253
/Game/ShantyTown/Textures/T_Foliage_01.T_Foliage_01,/Script/Engine.Texture2D,3337693,3337693,0,0,16777728
/Game/ShantyTown/Textures/T_Foliage_01_NRM.T_Foliage_01_NRM,/Script/Engine.Texture2D,1642517,1642517,0,0,5593478
/Game/ShantyTown/Textures/T_Foliage_01_RSA.T_Foliage_01_RSA,/Script/Engine.Texture2D,802479,802479,0,0,2797267
/Game/ShantyTown/Textures/T_Forest_01_MASK.T_Forest_01_MASK,/Script/Engine.Texture2D,1038782,1038782,0,0,1399128
/Game/ShantyTown/Textures/T_Forest_Mountain_01_NRM.T_Forest_Mountain_01_NRM,/Script/Engine.Texture2D,630656,630656,0,0,1399142
/Game/ShantyTown/Textures/T_Forest_Mountain_03_NRM.T_Forest_Mountain_03_NRM,/Script/Engine.Texture2D,951278,951278,0,0,1399142
/Game/ShantyTown/Textures/T_Grass_01.T_Grass_01,/Script/Engine.Texture2D,905882,905882,0,0,5593464
/Game/ShantyTown/Textures/T_Grass_01_NRM.T_Grass_01_NRM,/Script/Engine.Texture2D,1628446,1628446,0,0,5593478
/Game/ShantyTown/Textures/T_Grass_02.T_Grass_02,/Script/Engine.Texture2D,1019576,1019576,0,0,5593464
/Game/ShantyTown/Textures/T_Grass_02_NRM.T_Grass_02_NRM,/Script/Engine.Texture2D,1851157,1851157,0,0,5593478
/Game/ShantyTown/Textures/T_Island_Map_01.T_Island_Map_01,/Script/Engine.Texture2D,4711007,4711007,0,0,11185906
/Game/ShantyTown/Textures/T_Leaf_Dead_01.T_Leaf_Dead_01,/Script/Engine.Texture2D,3515,3515,0,0,6288
/Game/ShantyTown/Textures/T_Leaf_Dead_01_NRM.T_Leaf_Dead_01_NRM,/Script/Engine.Texture2D,5710,5710,0,0,6302
/Game/ShantyTown/Textures/T_Mask_Mix_01.T_Mask_Mix_01,/Script/Engine.Texture2D,12274586,12274586,0,0,22370736
/Game/ShantyTown/Textures/T_Metal_Roof_01.T_Metal_Roof_01,/Script/Engine.Texture2D,1486664,1486664,0,0,5593472
/Game/ShantyTown/Textures/T_Metal_Roof_01_MASK.T_Metal_Roof_01_MASK,/Script/Engine.Texture2D,1567736,1567736,0,0,11185928
/Game/ShantyTown/Textures/T_Metal_Roof_01_NRM.T_Metal_Roof_01_NRM,/Script/Engine.Texture2D,2689154,2689154,0,0,5593486
/Game/ShantyTown/Textures/T_Metal_Roof_02_RMA.T_Metal_Roof_02_RMA,/Script/Engine.Texture2D,2509927,2509927,0,0,11185917
/Game/ShantyTown/Textures/T_MetalPlates_01.T_MetalPlates_01,/Script/Engine.Texture2D,1721933,1721933,0,0,2797264
/Game/ShantyTown/Textures/T_MetalPlates_01_MASK.T_MetalPlates_01_MASK,/Script/Engine.Texture2D,3415546,3415546,0,0,22370752
/Game/ShantyTown/Textures/T_MetalPlates_01_NRM.T_MetalPlates_01_NRM,/Script/Engine.Texture2D,2273223,2273223,0,0,5593486
/Game/ShantyTown/Textures/T_MetalPlates_01_RMA.T_MetalPlates_01_RMA,/Script/Engine.Texture2D,725852,725852,0,0,2797275
/Game/ShantyTown/Textures/T_Plants_02.T_Plants_02,/Script/Engine.Texture2D,1166615,1166615,0,0,5593464
/Game/ShantyTown/Textures/T_Plants_02_NRM.T_Plants_02_NRM,/Script/Engine.Texture2D,1936247,1936247,0,0,5593478
/Game/ShantyTown/Textures/T_Power_Pole_01.T_Power_Pole_01,/Script/Engine.Texture2D,5200931,5200931,0,0,11185906
/Game/ShantyTown/Textures/T_Power_Pole_01_NRM.T_Power_Pole_01_NRM,/Script/Engine.Texture2D,13872185,13872185,0,0,22370746
/Game/ShantyTown/Textures/T_Power_Pole_01_RMA.T_Power_Pole_01_RMA,/Script/Engine.Texture2D,4819142,4819142,0,0,11185917
/Game/ShantyTown/Textures/T_River_Junk_01.T_River_Junk_01,/Script/Engine.Texture2D,669966,669966,0,0,2797256
/Game/ShantyTown/Textures/T_River_Junk_01_NRM.T_River_Junk_01_NRM,/Script/Engine.Texture2D,2107225,2107225,0,0,5593486
/Game/ShantyTown/Textures/T_Road_01.T_Road_01,/Script/Engine.Texture2D,5887924,5887924,0,0,11185898
/Game/ShantyTown/Textures/T_Road_01_NRM.T_Road_01_NRM,/Script/Engine.Texture2D,14708246,14708246,0,0,22370738
/Game/ShantyTown/Textures/T_Road_01_RMA.T_Road_01_RMA,/Script/Engine.Texture2D,6516853,6516853,0,0,11185909
/Game/ShantyTown/Textures/T_Rock_Face_01.T_Rock_Face_01,/Script/Engine.Texture2D,1652903,1652903,0,0,2797256
/Game/ShantyTown/Textures/T_Rock_Face_01_NRM.T_Rock_Face_01_NRM,/Script/Engine.Texture2D,4535169,4535169,0,0,5593486
/Game/ShantyTown/Textures/T_Rock_Face_01_RHA.T_Rock_Face_01_RHA,/Script/Engine.Texture2D,7431738,7431738,0,0,11185917
/Game/ShantyTown/Textures/T_Rock_Rough_01.T_Rock_Rough_01,/Script/Engine.Texture2D,396520,396520,0,0,700050
/Game/ShantyTown/Textures/T_Rock_Rough_01_NRM.T_Rock_Rough_01_NRM,/Script/Engine.Texture2D,830979,830979,0,0,1399130
/Game/ShantyTown/Textures/T_Rock_Rough_01_RMA.T_Rock_Rough_01_RMA,/Script/Engine.Texture2D,440455,440455,0,0,700061
/Game/ShantyTown/Textures/T_Sand_01.T_Sand_01,/Script/Engine.Texture2D,5318390,5318390,0,0,11185898
/Game/ShantyTown/Textures/T_Sand_01_NRM.T_Sand_01_NRM,/Script/Engine.Texture2D,16250729,16250729,0,0,22370738
/Game/ShantyTown/Textures/T_Sand_01_RHA.T_Sand_01_RHA,/Script/Engine.Texture2D,4505160,4505160,0,0,11185909
/Game/ShantyTown/Textures/T_Shore_Waves_01.T_Shore_Waves_01,/Script/Engine.Texture2D,1778439,1778439,0,0,2797264
/Game/ShantyTown/Textures/T_Stairs_01.T_Stairs_01,/Script/Engine.Texture2D,6421303,6421303,0,0,11185898
/Game/ShantyTown/Textures/T_Stairs_01_NRM.T_Stairs_01_NRM,/Script/Engine.Texture2D,12834264,12834264,0,0,22370738
/Game/ShantyTown/Textures/T_Stairs_01_RMA.T_Stairs_01_RMA,/Script/Engine.Texture2D,5418567,5418567,0,0,11185909
/Game/ShantyTown/Textures/T_Steps_Stone_01.T_Steps_Stone_01,/Script/Engine.Texture2D,1561614,1561614,0,0,2797264
/Game/ShantyTown/Textures/T_Steps_Stone_01_NRM.T_Steps_Stone_01_NRM,/Script/Engine.Texture2D,3704269,3704269,0,0,5593486
/Game/ShantyTown/Textures/T_Steps_Stone_01_RMA.T_Steps_Stone_01_RMA,/Script/Engine.Texture2D,525319,525319,0,0,2797275
/Game/ShantyTown/Textures/T_Tarpaulin_01.T_Tarpaulin_01,/Script/Engine.Texture2D,1296253,1296253,0,0,2797256
/Game/ShantyTown/Textures/T_Tarpaulin_01_MASK.T_Tarpaulin_01_MASK,/Script/Engine.Texture2D,326897,326897,0,0,22370744
/Game/ShantyTown/Textures/T_Tarpaulin_01_NRM.T_Tarpaulin_01_NRM,/Script/Engine.Texture2D,7582315,7582315,0,0,22370746
/Game/ShantyTown/Textures/T_Tarpaulin_01_RMA.T_Tarpaulin_01_RMA,/Script/Engine.Texture2D,2720251,2720251,0,0,11185917
/Game/ShantyTown/Textures/T_Tyre_01.T_Tyre_01,/Script/Engine.Texture2D,240661,240661,0,0,700048
/Game/ShantyTown/Textures/T_Tyre_01_NRM.T_Tyre_01_NRM,/Script/Engine.Texture2D,1756511,1756511,0,0,5593478
/Game/ShantyTown/Textures/T_Tyre_01_RMA.T_Tyre_01_RMA,/Script/Engine.Texture2D,936593,936593,0,0,2797259
/Game/ShantyTown/Textures/T_Variation_01.T_Variation_01,/Script/Engine.Texture2D,261490,261490,0,0,700056
/Game/ShantyTown/Textures/T_Water_Blockage_01.T_Water_Blockage_01,/Script/Engine.Texture2D,1505347,1505347,0,0,2797264
/Game/ShantyTown/Textures/T_Water_Blockage_01_NRM.T_Water_Blockage_01_NRM,/Script/Engine.Texture2D,3333474,3333474,0,0,5593494
/Game/ShantyTown/Textures/T_Water_Blockage_01_RMA.T_Water_Blockage_01_RMA,/Script/Engine.Texture2D,809714,809714,0,0,2797275
/Game/ShantyTown/Textures/T_Water_Foam_01.T_Water_Foam_01,/Script/Engine.Texture2D,150889,150889,0,0,350490
/Game/ShantyTown/Textures/T_Wave_01_NRM.T_Wave_01_NRM,/Script/Engine.Texture2D,129957,129957,0,0,350498
/Game/ShantyTown/Textures/T_Wave_Depth_01.T_Wave_Depth_01,/Script/Engine.Texture2D,370539,370539,0,0,1399053
/Game/ShantyTown/Textures/T_WoodFrames_01.T_WoodFrames_01,/Script/Engine.Texture2D,1587993,1587993,0,0,2797256
/Game/ShantyTown/Textures/T_WoodFrames_01_Mask.T_WoodFrames_01_Mask,/Script/Engine.Texture2D,1728334,1728334,0,0,11185928
/Game/ShantyTown/Textures/T_WoodFrames_01_NRM.T_WoodFrames_01_NRM,/Script/Engine.Texture2D,1400516,1400516,0,0,5593486
/Game/ShantyTown/Textures/T_WoodFrames_01_RMA.T_WoodFrames_01_RMA,/Script/Engine.Texture2D,65469,65469,0,0,2797267
/Game/SpaceshipInterior/Textures/T_Scifi_Bag_AO.T_Scifi_Bag_AO,/Script/Engine.Texture2D,518969,518969,0,0,2797258
/Game/SpaceshipInterior/Textures/T_Scifi_Bag_BC.T_Scifi_Bag_BC,/Script/Engine.Texture2D,684503,684503,0,0,2797258
/Game/SpaceshipInterior/Textures/T_Scifi_Bag_N.T_Scifi_Bag_N,/Script/Engine.Texture2D,2683221,2683221,0,0,5593482
/Game/SpaceshipInterior/Textures/T_Scifi_Bag_R.T_Scifi_Bag_R,/Script/Engine.Texture2D,1070375,1070375,0,0,2797258
/Game/SpaceshipInterior/Textures/T_Scifi_Bag_S.T_Scifi_Bag_S,/Script/Engine.Texture2D,228059,228059,0,0,2797258
/Game/SpaceshipInterior/Textures/T_Scifi_Chair_AO.T_Scifi_Chair_AO,/Script/Engine.Texture2D,635060,635060,0,0,2797258
/Game/SpaceshipInterior/Textures/T_Scifi_Chair_BC.T_Scifi_Chair_BC,/Script/Engine.Texture2D,735948,735948,0,0,2797258
/Game/SpaceshipInterior/Textures/T_Scifi_Chair_N.T_Scifi_Chair_N,/Script/Engine.Texture2D,2465207,2465207,0,0,5593482
/Game/SpaceshipInterior/Textures/T_Scifi_Chair_R.T_Scifi_Chair_R,/Script/Engine.Texture2D,1426956,1426956,0,0,2797258
/Game/SpaceshipInterior/Textures/T_Scifi_Chair_S.T_Scifi_Chair_S,/Script/Engine.Texture2D,289724,289724,0,0,2797258
/Game/SpaceshipInterior/Textures/T_Scifi_Crate_AO.T_Scifi_Crate_AO,/Script/Engine.Texture2D,246751,246751,0,0,2797258
/Game/SpaceshipInterior/Textures/T_Scifi_Crate_BC.T_Scifi_Crate_BC,/Script/Engine.Texture2D,210157,210157,0,0,2797258
/Game/SpaceshipInterior/Textures/T_Scifi_Crate_N.T_Scifi_Crate_N,/Script/Engine.Texture2D,1045523,1045523,0,0,5593482
/Game/SpaceshipInterior/Textures/T_Scifi_Crate_R.T_Scifi_Crate_R,/Script/Engine.Texture2D,573726,573726,0,0,2797258
/Game/SpaceshipInterior/Textures/T_Scifi_Crate_S.T_Scifi_Crate_S,/Script/Engine.Texture2D,298418,298418,0,0,2797258
/Game/SpaceshipInterior/Textures/T_Scifi_Decal_01_BC.T_Scifi_Decal_01_BC,/Script/Engine.Texture2D,28605,28605,0,0,1399130
/Game/SpaceshipInterior/Textures/T_Scifi_Door_01_AO.T_Scifi_Door_01_AO,/Script/Engine.Texture2D,391130,391130,0,0,2797266
/Game/SpaceshipInterior/Textures/T_Scifi_Door_01_BC.T_Scifi_Door_01_BC,/Script/Engine.Texture2D,740921,740921,0,0,2797266
/Game/SpaceshipInterior/Textures/T_Scifi_Door_01_N.T_Scifi_Door_01_N,/Script/Engine.Texture2D,1164401,1164401,0,0,5593490
/Game/SpaceshipInterior/Textures/T_Scifi_Door_01_R.T_Scifi_Door_01_R,/Script/Engine.Texture2D,998315,998315,0,0,2797266
/Game/SpaceshipInterior/Textures/T_Scifi_Door_01_S.T_Scifi_Door_01_S,/Script/Engine.Texture2D,464624,464624,0,0,2797266
/Game/SpaceshipInterior/Textures/T_Scifi_Door_02_AO.T_Scifi_Door_02_AO,/Script/Engine.Texture2D,149504,149504,0,0,2797266
/Game/SpaceshipInterior/Textures/T_Scifi_Door_02_BC.T_Scifi_Door_02_BC,/Script/Engine.Texture2D,1016861,1016861,0,0,2797266
/Game/SpaceshipInterior/Textures/T_Scifi_Door_02_N.T_Scifi_Door_02_N,/Script/Engine.Texture2D,1441478,1441478,0,0,5593490
/Game/SpaceshipInterior/Textures/T_Scifi_Door_02_R.T_Scifi_Door_02_R,/Script/Engine.Texture2D,1140525,1140525,0,0,2797266
/Game/SpaceshipInterior/Textures/T_Scifi_Door_02_S.T_Scifi_Door_02_S,/Script/Engine.Texture2D,508498,508498,0,0,2797266
/Game/SpaceshipInterior/Textures/T_Scifi_Fence_AO.T_Scifi_Fence_AO,/Script/Engine.Texture2D,77465,77465,0,0,700058
/Game/SpaceshipInterior/Textures/T_Scifi_Fence_BC.T_Scifi_Fence_BC,/Script/Engine.Texture2D,146801,146801,0,0,700058
/Game/SpaceshipInterior/Textures/T_Scifi_Fence_M.T_Scifi_Fence_M,/Script/Engine.Texture2D,50998,50998,0,0,700058
/Game/SpaceshipInterior/Textures/T_Scifi_Fence_N.T_Scifi_Fence_N,/Script/Engine.Texture2D,285628,285628,0,0,1399130
/Game/SpaceshipInterior/Textures/T_Scifi_Fence_R.T_Scifi_Fence_R,/Script/Engine.Texture2D,137316,137316,0,0,700058
/Game/SpaceshipInterior/Textures/T_Scifi_Fence_S.T_Scifi_Fence_S,/Script/Engine.Texture2D,213564,213564,0,0,700058
/Game/SpaceshipInterior/Textures/T_Scifi_Floor_01_AO.T_Scifi_Floor_01_AO,/Script/Engine.Texture2D,367757,367757,0,0,2797266
/Game/SpaceshipInterior/Textures/T_Scifi_Floor_01_BC.T_Scifi_Floor_01_BC,/Script/Engine.Texture2D,360326,360326,0,0,2797266
/Game/SpaceshipInterior/Textures/T_Scifi_Floor_01_N.T_Scifi_Floor_01_N,/Script/Engine.Texture2D,727772,727772,0,0,5593490
/Game/SpaceshipInterior/Textures/T_Scifi_Floor_01_R.T_Scifi_Floor_01_R,/Script/Engine.Texture2D,927213,927213,0,0,2797266
/Game/SpaceshipInterior/Textures/T_Scifi_Floor_01_S.T_Scifi_Floor_01_S,/Script/Engine.Texture2D,699562,699562,0,0,2797266
/Game/SpaceshipInterior/Textures/T_Scifi_Floor_02_AO.T_Scifi_Floor_02_AO,/Script/Engine.Texture2D,158025,158025,0,0,2797266
/Game/SpaceshipInterior/Textures/T_Scifi_Floor_02_BC.T_Scifi_Floor_02_BC,/Script/Engine.Texture2D,624033,624033,0,0,2797266
/Game/SpaceshipInterior/Textures/T_Scifi_Floor_02_N.T_Scifi_Floor_02_N,/Script/Engine.Texture2D,127646,127646,0,0,5593490
/Game/SpaceshipInterior/Textures/T_Scifi_Floor_02_R.T_Scifi_Floor_02_R,/Script/Engine.Texture2D,1129856,1129856,0,0,2797266
/Game/SpaceshipInterior/Textures/T_Scifi_Floor_02_S.T_Scifi_Floor_02_S,/Script/Engine.Texture2D,373928,373928,0,0,2797269
/Game/SpaceshipInterior/Textures/T_Scifi_Floor_03_AO.T_Scifi_Floor_03_AO,/Script/Engine.Texture2D,248540,248540,0,0,2797266
/Game/SpaceshipInterior/Textures/T_Scifi_Floor_03_BC.T_Scifi_Floor_03_BC,/Script/Engine.Texture2D,172918,172918,0,0,2797266
/Game/SpaceshipInterior/Textures/T_Scifi_Floor_03_M.T_Scifi_Floor_03_M,/Script/Engine.Texture2D,9919,9919,0,0,2797266
/Game/SpaceshipInterior/Textures/T_Scifi_Floor_03_N.T_Scifi_Floor_03_N,/Script/Engine.Texture2D,2201455,2201455,0,0,5593490
/Game/SpaceshipInterior/Textures/T_Scifi_Floor_03_R.T_Scifi_Floor_03_R,/Script/Engine.Texture2D,1325687,1325687,0,0,2797266
/Game/SpaceshipInterior/Textures/T_Scifi_Floor_03_S.T_Scifi_Floor_03_S,/Script/Engine.Texture2D,91871,91871,0,0,2797266
/Game/SpaceshipInterior/Textures/T_Scifi_Floor_04_AO.T_Scifi_Floor_04_AO,/Script/Engine.Texture2D,153017,153017,0,0,2797266
/Game/SpaceshipInterior/Textures/T_Scifi_Floor_04_BC.T_Scifi_Floor_04_BC,/Script/Engine.Texture2D,562831,562831,0,0,2797266
/Game/SpaceshipInterior/Textures/T_Scifi_Floor_04_N.T_Scifi_Floor_04_N,/Script/Engine.Texture2D,1067880,1067880,0,0,5593490
/Game/SpaceshipInterior/Textures/T_Scifi_Floor_04_R.T_Scifi_Floor_04_R,/Script/Engine.Texture2D,1434006,1434006,0,0,2797266
/Game/SpaceshipInterior/Textures/T_Scifi_Floor_04_S.T_Scifi_Floor_04_S,/Script/Engine.Texture2D,427913,427913,0,0,2797266
/Game/SpaceshipInterior/Textures/T_Scifi_Floor_Grid_AO.T_Scifi_Floor_Grid_AO,/Script/Engine.Texture2D,464608,464608,0,0,2797274
/Game/SpaceshipInterior/Textures/T_Scifi_Floor_Grid_BC.T_Scifi_Floor_Grid_BC,/Script/Engine.Texture2D,495090,495090,0,0,2797274
/Game/SpaceshipInterior/Textures/T_Scifi_Floor_Grid_M.T_Scifi_Floor_Grid_M,/Script/Engine.Texture2D,113976,113976,0,0,2797266
/Game/SpaceshipInterior/Textures/T_Scifi_Floor_Grid_N.T_Scifi_Floor_Grid_N,/Script/Engine.Texture2D,2145910,2145910,0,0,5593490
/Game/SpaceshipInterior/Textures/T_Scifi_Floor_Grid_R.T_Scifi_Floor_Grid_R,/Script/Engine.Texture2D,942009,942009,0,0,2797266
/Game/SpaceshipInterior/Textures/T_Scifi_Floor_Grid_S.T_Scifi_Floor_Grid_S,/Script/Engine.Texture2D,352002,352002,0,0,2797266
/Game/SpaceshipInterior/Textures/T_Scifi_Lamp_AO.T_Scifi_Lamp_AO,/Script/Engine.Texture2D,62320,62320,0,0,700058
/Game/SpaceshipInterior/Textures/T_Scifi_Lamp_BC.T_Scifi_Lamp_BC,/Script/Engine.Texture2D,79968,79968,0,0,700058
/Game/SpaceshipInterior/Textures/T_Scifi_Lamp_N.T_Scifi_Lamp_N,/Script/Engine.Texture2D,206405,206405,0,0,1399130
/Game/SpaceshipInterior/Textures/T_Scifi_Lamp_R.T_Scifi_Lamp_R,/Script/Engine.Texture2D,113740,113740,0,0,700058
/Game/SpaceshipInterior/Textures/T_Scifi_Lamp_S.T_Scifi_Lamp_S,/Script/Engine.Texture2D,87960,87960,0,0,700058
/Game/SpaceshipInterior/Textures/T_Scifi_Net_AO.T_Scifi_Net_AO,/Script/Engine.Texture2D,726932,726932,0,0,2797258
/Game/SpaceshipInterior/Textures/T_Scifi_Net_BC.T_Scifi_Net_BC,/Script/Engine.Texture2D,567429,567429,0,0,2797258
/Game/SpaceshipInterior/Textures/T_Scifi_Net_M.T_Scifi_Net_M,/Script/Engine.Texture2D,49015,49015,0,0,2797258
/Game/SpaceshipInterior/Textures/T_Scifi_Net_N.T_Scifi_Net_N,/Script/Engine.Texture2D,1713121,1713121,0,0,5593482
/Game/SpaceshipInterior/Textures/T_Scifi_Net_R.T_Scifi_Net_R,/Script/Engine.Texture2D,377395,377395,0,0,2797258
/Game/SpaceshipInterior/Textures/T_Scifi_Net_S.T_Scifi_Net_S,/Script/Engine.Texture2D,71945,71945,0,0,2797258
/Game/SpaceshipInterior/Textures/T_Scifi_Panel_02_AO.T_Scifi_Panel_02_AO,/Script/Engine.Texture2D,341794,341794,0,0,2797266
/Game/SpaceshipInterior/Textures/T_Scifi_Panel_02_BC.T_Scifi_Panel_02_BC,/Script/Engine.Texture2D,362469,362469,0,0,2797266
/Game/SpaceshipInterior/Textures/T_Scifi_Panel_02_N.T_Scifi_Panel_02_N,/Script/Engine.Texture2D,329411,329411,0,0,5593490
/Game/SpaceshipInterior/Textures/T_Scifi_Panel_02_R.T_Scifi_Panel_02_R,/Script/Engine.Texture2D,590763,590763,0,0,2797266
/Game/SpaceshipInterior/Textures/T_Scifi_Panel_02_S.T_Scifi_Panel_02_S,/Script/Engine.Texture2D,360254,360254,0,0,2797266
/Game/SpaceshipInterior/Textures/T_Scifi_Panel_A.T_Scifi_Panel_A,/Script/Engine.Texture2D,412625,412625,0,0,2797258
/Game/SpaceshipInterior/Textures/T_Scifi_Panel_AO.T_Scifi_Panel_AO,/Script/Engine.Texture2D,372031,372031,0,0,2797258
/Game/SpaceshipInterior/Textures/T_Scifi_Panel_N.T_Scifi_Panel_N,/Script/Engine.Texture2D,1318184,1318184,0,0,5593482
/Game/SpaceshipInterior/Textures/T_Scifi_Panel_R.T_Scifi_Panel_R,/Script/Engine.Texture2D,1143564,1143564,0,0,2797258
/Game/SpaceshipInterior/Textures/T_Scifi_Panel_S.T_Scifi_Panel_S,/Script/Engine.Texture2D,297084,297084,0,0,2797258
/Game/SpaceshipInterior/Textures/T_Scifi_Pillar_01_AO.T_Scifi_Pillar_01_AO,/Script/Engine.Texture2D,296770,296770,0,0,2797266
/Game/SpaceshipInterior/Textures/T_Scifi_Pillar_01_BC.T_Scifi_Pillar_01_BC,/Script/Engine.Texture2D,981455,981455,0,0,2797266
/Game/SpaceshipInterior/Textures/T_Scifi_Pillar_01_N.T_Scifi_Pillar_01_N,/Script/Engine.Texture2D,1030033,1030033,0,0,5593490
/Game/SpaceshipInterior/Textures/T_Scifi_Pillar_01_R.T_Scifi_Pillar_01_R,/Script/Engine.Texture2D,910978,910978,0,0,2797266
/Game/SpaceshipInterior/Textures/T_Scifi_Pillar_01_S.T_Scifi_Pillar_01_S,/Script/Engine.Texture2D,274075,274075,0,0,2797266
/Game/SpaceshipInterior/Textures/T_Scifi_Pipe_01_A.T_Scifi_Pipe_01_A,/Script/Engine.Texture2D,659237,659237,0,0,2797269
/Game/SpaceshipInterior/Textures/T_Scifi_Pipe_01_AO.T_Scifi_Pipe_01_AO,/Script/Engine.Texture2D,299747,299747,0,0,2797269
/Game/SpaceshipInterior/Textures/T_Scifi_Pipe_01_N.T_Scifi_Pipe_01_N,/Script/Engine.Texture2D,1717302,1717302,0,0,5593490
/Game/SpaceshipInterior/Textures/T_Scifi_Pipe_01_R.T_Scifi_Pipe_01_R,/Script/Engine.Texture2D,1329491,1329491,0,0,2797269
/Game/SpaceshipInterior/Textures/T_Scifi_Pipe_01_S.T_Scifi_Pipe_01_S,/Script/Engine.Texture2D,874764,874764,0,0,2797269
/Game/SpaceshipInterior/Textures/T_Scifi_Signs_Decal_BC.T_Scifi_Signs_Decal_BC,/Script/Engine.Texture2D,339420,339420,0,0,5593490
/Game/SpaceshipInterior/Textures/T_Scifi_Wall_01_A.T_Scifi_Wall_01_A,/Script/Engine.Texture2D,481050,481050,0,0,2797266
/Game/SpaceshipInterior/Textures/T_Scifi_Wall_01_AO.T_Scifi_Wall_01_AO,/Script/Engine.Texture2D,368957,368957,0,0,2797266
/Game/SpaceshipInterior/Textures/T_Scifi_Wall_01_N.T_Scifi_Wall_01_N,/Script/Engine.Texture2D,1289655,1289655,0,0,5593490
/Game/SpaceshipInterior/Textures/T_Scifi_Wall_01_R.T_Scifi_Wall_01_R,/Script/Engine.Texture2D,1120478,1120478,0,0,2797266
/Game/SpaceshipInterior/Textures/T_Scifi_Wall_01_S.T_Scifi_Wall_01_S,/Script/Engine.Texture2D,612385,612385,0,0,2797266
/Game/SpaceshipInterior/Textures/T_Scifi_Wall_02_A.T_Scifi_Wall_02_A,/Script/Engine.Texture2D,760569,760569,0,0,2797266
/Game/SpaceshipInterior/Textures/T_Scifi_Wall_02_AO.T_Scifi_Wall_02_AO,/Script/Engine.Texture2D,273095,273095,0,0,2797266
/Game/SpaceshipInterior/Textures/T_Scifi_Wall_02_N.T_Scifi_Wall_02_N,/Script/Engine.Texture2D,906866,906866,0,0,5593490
/Game/SpaceshipInterior/Textures/T_Scifi_Wall_02_R.T_Scifi_Wall_02_R,/Script/Engine.Texture2D,1259209,1259209,0,0,2797266
/Game/SpaceshipInterior/Textures/T_Scifi_Wall_02_S.T_Scifi_Wall_02_S,/Script/Engine.Texture2D,486304,486304,0,0,2797266
/Game/SpaceshipInterior/Textures/T_Scifi_Wall_02_White_BC.T_Scifi_Wall_02_White_BC,/Script/Engine.Texture2D,683475,683475,0,0,2797274
/Game/SpaceshipInterior/Textures/T_Scifi_Wall_03_AO.T_Scifi_Wall_03_AO,/Script/Engine.Texture2D,286786,286786,0,0,2797266
/Game/SpaceshipInterior/Textures/T_Scifi_Wall_03_BC.T_Scifi_Wall_03_BC,/Script/Engine.Texture2D,626596,626596,0,0,2797266
/Game/SpaceshipInterior/Textures/T_Scifi_Wall_03_N.T_Scifi_Wall_03_N,/Script/Engine.Texture2D,1463139,1463139,0,0,5593490
/Game/SpaceshipInterior/Textures/T_Scifi_Wall_03_R.T_Scifi_Wall_03_R,/Script/Engine.Texture2D,972804,972804,0,0,2797269
/Game/SpaceshipInterior/Textures/T_Scifi_Wall_03_S.T_Scifi_Wall_03_S,/Script/Engine.Texture2D,640607,640607,0,0,2797269
/Game/SpaceshipInterior/Textures/T_Scifi_Wall_04_AO.T_Scifi_Wall_04_AO,/Script/Engine.Texture2D,365140,365140,0,0,2797266
/Game/SpaceshipInterior/Textures/T_Scifi_Wall_04_BC.T_Scifi_Wall_04_BC,/Script/Engine.Texture2D,575830,575830,0,0,2797266
/Game/SpaceshipInterior/Textures/T_Scifi_Wall_04_N.T_Scifi_Wall_04_N,/Script/Engine.Texture2D,1033787,1033787,0,0,5593490
/Game/SpaceshipInterior/Textures/T_Scifi_Wall_04_R.T_Scifi_Wall_04_R,/Script/Engine.Texture2D,914041,914041,0,0,2797266
/Game/SpaceshipInterior/Textures/T_Scifi_Wall_04_S.T_Scifi_Wall_04_S,/Script/Engine.Texture2D,436290,436290,0,0,2797266
/Game/SpaceshipInterior/Textures/T_Scifi_Wall_05_AO.T_Scifi_Wall_05_AO,/Script/Engine.Texture2D,293362,293362,0,0,2797266
/Game/SpaceshipInterior/Textures/T_Scifi_Wall_05_BC.T_Scifi_Wall_05_BC,/Script/Engine.Texture2D,312075,312075,0,0,2797266
/Game/SpaceshipInterior/Textures/T_Scifi_Wall_05_N.T_Scifi_Wall_05_N,/Script/Engine.Texture2D,958342,958342,0,0,5593490
/Game/SpaceshipInterior/Textures/T_Scifi_Wall_05_R.T_Scifi_Wall_05_R,/Script/Engine.Texture2D,1175644,1175644,0,0,2797266
/Game/SpaceshipInterior/Textures/T_Scifi_Wall_05_S.T_Scifi_Wall_05_S,/Script/Engine.Texture2D,417637,417637,0,0,2797266
/Game/UI/Foundation/Icons/T-Icon-Warning-64.T-Icon-Warning-64,/Script/Engine.Texture2D,839,839,0,0,4615
/Game/UI/Foundation/Platform/Input/GamepadPS4/ControllerConfig.ControllerConfig,/Script/Engine.Texture2D,15490,15490,0,0,524824
/Game/UI/Foundation/Platform/Input/GamepadPS4/T_PS4_Circle.T_PS4_Circle,/Script/Engine.Texture2D,1577,1577,0,0,4623
/Game/UI/Foundation/Platform/Input/GamepadPS4/T_PS4_Cross.T_PS4_Cross,/Script/Engine.Texture2D,1287,1287,0,0,4623
/Game/UI/Foundation/Platform/Input/GamepadPS4/T_PS4_DPad_Down.T_PS4_DPad_Down,/Script/Engine.Texture2D,899,899,0,0,4631
/Game/UI/Foundation/Platform/Input/GamepadPS4/T_PS4_DPad_Left.T_PS4_DPad_Left,/Script/Engine.Texture2D,897,897,0,0,4631
/Game/UI/Foundation/Platform/Input/GamepadPS4/T_PS4_DPad_Right.T_PS4_DPad_Right,/Script/Engine.Texture2D,907,907,0,0,4631
/Game/UI/Foundation/Platform/Input/GamepadPS4/T_PS4_DPad_Up.T_PS4_DPad_Up,/Script/Engine.Texture2D,916,916,0,0,4623
/Game/UI/Foundation/Platform/Input/GamepadPS4/T_PS4_L1.T_PS4_L1,/Script/Engine.Texture2D,936,936,0,0,4615
/Game/UI/Foundation/Platform/Input/GamepadPS4/T_PS4_L2.T_PS4_L2,/Script/Engine.Texture2D,1095,1095,0,0,4615
/Game/UI/Foundation/Platform/Input/GamepadPS4/T_PS4_LStick.T_PS4_LStick,/Script/Engine.Texture2D,1145,1145,0,0,4623
/Game/UI/Foundation/Platform/Input/GamepadPS4/T_PS4_LStick_Down.T_PS4_LStick_Down,/Script/Engine.Texture2D,1207,1207,0,0,4631
/Game/UI/Foundation/Platform/Input/GamepadPS4/T_PS4_LStick_Left.T_PS4_LStick_Left,/Script/Engine.Texture2D,1225,1225,0,0,4631
/Game/UI/Foundation/Platform/Input/GamepadPS4/T_PS4_LStick_Pan.T_PS4_LStick_Pan,/Script/Engine.Texture2D,1328,1328,0,0,4631
/Game/UI/Foundation/Platform/Input/GamepadPS4/T_PS4_LStick_Press.T_PS4_LStick_Press,/Script/Engine.Texture2D,1231,1231,0,0,4639
/Game/UI/Foundation/Platform/Input/GamepadPS4/T_PS4_LStick_Right.T_PS4_LStick_Right,/Script/Engine.Texture2D,1241,1241,0,0,4639
/Game/UI/Foundation/Platform/Input/GamepadPS4/T_PS4_LStick_Scroll.T_PS4_LStick_Scroll,/Script/Engine.Texture2D,1285,1285,0,0,4639
/Game/UI/Foundation/Platform/Input/GamepadPS4/T_PS4_LStick_Up.T_PS4_LStick_Up,/Script/Engine.Texture2D,1194,1194,0,0,4631
/Game/UI/Foundation/Platform/Input/GamepadPS4/T_PS4_Options.T_PS4_Options,/Script/Engine.Texture2D,895,895,0,0,4623
/Game/UI/Foundation/Platform/Input/GamepadPS4/T_PS4_R1.T_PS4_R1,/Script/Engine.Texture2D,1104,1104,0,0,4615
/Game/UI/Foundation/Platform/Input/GamepadPS4/T_PS4_R2.T_PS4_R2,/Script/Engine.Texture2D,1264,1264,0,0,4615
/Game/UI/Foundation/Platform/Input/GamepadPS4/T_PS4_RStick.T_PS4_RStick,/Script/Engine.Texture2D,1359,1359,0,0,4623
/Game/UI/Foundation/Platform/Input/GamepadPS4/T_PS4_RStick_Down.T_PS4_RStick_Down,/Script/Engine.Texture2D,1439,1439,0,0,4631
/Game/UI/Foundation/Platform/Input/GamepadPS4/T_PS4_RStick_Left.T_PS4_RStick_Left,/Script/Engine.Texture2D,1439,1439,0,0,4631
/Game/UI/Foundation/Platform/Input/GamepadPS4/T_PS4_RStick_Pan.T_PS4_RStick_Pan,/Script/Engine.Texture2D,1536,1536,0,0,4631
/Game/UI/Foundation/Platform/Input/GamepadPS4/T_PS4_RStick_Press.T_PS4_RStick_Press,/Script/Engine.Texture2D,1449,1449,0,0,4639
/Game/UI/Foundation/Platform/Input/GamepadPS4/T_PS4_RStick_Right.T_PS4_RStick_Right,/Script/Engine.Texture2D,1462,1462,0,0,4639
/Game/UI/Foundation/Platform/Input/GamepadPS4/T_PS4_RStick_Scroll.T_PS4_RStick_Scroll,/Script/Engine.Texture2D,1525,1525,0,0,4639
/Game/UI/Foundation/Platform/Input/GamepadPS4/T_PS4_RStick_Up.T_PS4_RStick_Up,/Script/Engine.Texture2D,1426,1426,0,0,4631
/Game/UI/Foundation/Platform/Input/GamepadPS4/T_PS4_Share.T_PS4_Share,/Script/Engine.Texture2D,945,945,0,0,4623
/Game/UI/Foundation/Platform/Input/GamepadPS4/T_PS4_Square.T_PS4_Square,/Script/Engine.Texture2D,1221,1221,0,0,4623
/Game/UI/Foundation/Platform/Input/GamepadPS4/T_PS4_Triangle.T_PS4_Triangle,/Script/Engine.Texture2D,1489,1489,0,0,4631
/Game/UI/Foundation/Platform/Input/GamepadPS5/ControllerConfig.ControllerConfig,/Script/Engine.Texture2D,15490,15490,0,0,524824
/Game/UI/Foundation/Platform/Input/GamepadXboxOne/T_XB1_A.T_XB1_A,/Script/Engine.Texture2D,1341,1341,0,0,4615
/Game/UI/Foundation/Platform/Input/GamepadXboxOne/T_XB1_B.T_XB1_B,/Script/Engine.Texture2D,1423,1423,0,0,4615
/Game/UI/Foundation/Platform/Input/GamepadXboxOne/T_XB1_DPad.T_XB1_DPad,/Script/Engine.Texture2D,683,683,0,0,4623
/Game/UI/Foundation/Platform/Input/GamepadXboxOne/T_XB1_DPad_Down.T_XB1_DPad_Down,/Script/Engine.Texture2D,815,815,0,0,4631
/Game/UI/Foundation/Platform/Input/GamepadXboxOne/T_XB1_DPad_Left.T_XB1_DPad_Left,/Script/Engine.Texture2D,786,786,0,0,4631
/Game/UI/Foundation/Platform/Input/GamepadXboxOne/T_XB1_Dpad_LeftRight.T_XB1_DPad_LeftRight,/Script/Engine.Texture2D,896,896,0,0,4647
/Game/UI/Foundation/Platform/Input/GamepadXboxOne/T_XB1_DPad_Right.T_XB1_DPad_Right,/Script/Engine.Texture2D,796,796,0,0,4639
/Game/UI/Foundation/Platform/Input/GamepadXboxOne/T_XB1_DPad_Up.T_XB1_DPad_Up,/Script/Engine.Texture2D,801,801,0,0,4631
/Game/UI/Foundation/Platform/Input/GamepadXboxOne/T_XB1_DPad_UpDown.T_XB1_DPad_UpDown,/Script/Engine.Texture2D,912,912,0,0,4639
/Game/UI/Foundation/Platform/Input/GamepadXboxOne/T_XB1_LB.T_XB1_LB,/Script/Engine.Texture2D,1028,1028,0,0,4623
/Game/UI/Foundation/Platform/Input/GamepadXboxOne/T_XB1_LStick.T_XB1_LStick,/Script/Engine.Texture2D,1121,1121,0,0,4631
/Game/UI/Foundation/Platform/Input/GamepadXboxOne/T_XB1_LStick_Down.T_XB1_LStick_Down,/Script/Engine.Texture2D,1241,1241,0,0,4639
/Game/UI/Foundation/Platform/Input/GamepadXboxOne/T_XB1_LStick_Left.T_XB1_LStick_Left,/Script/Engine.Texture2D,1234,1234,0,0,4639
/Game/UI/Foundation/Platform/Input/GamepadXboxOne/T_XB1_LStick_Pan.T_XB1_LStick_Pan,/Script/Engine.Texture2D,1336,1336,0,0,4639
/Game/UI/Foundation/Platform/Input/GamepadXboxOne/T_XB1_LStick_Press.T_XB1_LStick_Press,/Script/Engine.Texture2D,1237,1237,0,0,4639
/Game/UI/Foundation/Platform/Input/GamepadXboxOne/T_XB1_LStick_Right.T_XB1_LStick_Right,/Script/Engine.Texture2D,1247,1247,0,0,4639
/Game/UI/Foundation/Platform/Input/GamepadXboxOne/T_XB1_LStick_Scroll.T_XB1_LStick_Scroll,/Script/Engine.Texture2D,1288,1288,0,0,4639
/Game/UI/Foundation/Platform/Input/GamepadXboxOne/T_XB1_LStick_Up.T_XB1_LStick_Up,/Script/Engine.Texture2D,1197,1197,0,0,4631
/Game/UI/Foundation/Platform/Input/GamepadXboxOne/T_XB1_LT.T_XB1_LT,/Script/Engine.Texture2D,973,973,0,0,4623
/Game/UI/Foundation/Platform/Input/GamepadXboxOne/T_XB1_Menu.T_XB1_Menu,/Script/Engine.Texture2D,1388,1388,0,0,4623
/Game/UI/Foundation/Platform/Input/GamepadXboxOne/T_XB1_RB.T_XB1_RB,/Script/Engine.Texture2D,1193,1193,0,0,4623
/Game/UI/Foundation/Platform/Input/GamepadXboxOne/T_XB1_RStick.T_XB1_RStick,/Script/Engine.Texture2D,1358,1358,0,0,4631
/Game/UI/Foundation/Platform/Input/GamepadXboxOne/T_XB1_RStick_Down.T_XB1_RStick_Down,/Script/Engine.Texture2D,1447,1447,0,0,4639
/Game/UI/Foundation/Platform/Input/GamepadXboxOne/T_XB1_RStick_Left.T_XB1_RStick_Left,/Script/Engine.Texture2D,1447,1447,0,0,4639
/Game/UI/Foundation/Platform/Input/GamepadXboxOne/T_XB1_RStick_Pan.T_XB1_RStick_Pan,/Script/Engine.Texture2D,1542,1542,0,0,4639
/Game/UI/Foundation/Platform/Input/GamepadXboxOne/T_XB1_RStick_Press.T_XB1_RStick_Press,/Script/Engine.Texture2D,1460,1460,0,0,4639
/Game/UI/Foundation/Platform/Input/GamepadXboxOne/T_XB1_RStick_Right.T_XB1_RStick_Right,/Script/Engine.Texture2D,1467,1467,0,0,4639
/Game/UI/Foundation/Platform/Input/GamepadXboxOne/T_XB1_RStick_Scroll.T_XB1_RStick_Scroll,/Script/Engine.Texture2D,1524,1524,0,0,4639
/Game/UI/Foundation/Platform/Input/GamepadXboxOne/T_XB1_RStick_Up.T_XB1_RStick_Up,/Script/Engine.Texture2D,1428,1428,0,0,4631
/Game/UI/Foundation/Platform/Input/GamepadXboxOne/T_XB1_RT.T_XB1_RT,/Script/Engine.Texture2D,1144,1144,0,0,4623
/Game/UI/Foundation/Platform/Input/GamepadXboxOne/T_XB1_Windows.T_XB1_Windows,/Script/Engine.Texture2D,1175,1175,0,0,4631
/Game/UI/Foundation/Platform/Input/GamepadXboxOne/T_XB1_X.T_XB1_X,/Script/Engine.Texture2D,1628,1628,0,0,4615
/Game/UI/Foundation/Platform/Input/GamepadXboxOne/T_XB1_Y.T_XB1_Y,/Script/Engine.Texture2D,1476,1476,0,0,4615
/Game/UI/Foundation/Platform/Input/GamepadXboxSeriesX/ControllerConfig.ControllerConfig,/Script/Engine.Texture2D,15498,15498,0,0,524832
/Game/UI/Foundation/Platform/Input/KeyboardMouse/Mouse1_T.Mouse1_T,/Script/Engine.Texture2D,1162,1162,0,0,4616
/Game/UI/Foundation/Platform/Input/KeyboardMouse/Mouse2_T.Mouse2_T,/Script/Engine.Texture2D,1175,1175,0,0,4616
/Game/UI/Foundation/Platform/Input/KeyboardMouse/Mouse3_T.Mouse3_T,/Script/Engine.Texture2D,1230,1230,0,0,4616
/Game/UI/Foundation/Platform/Input/KeyboardMouse/Mouse4_T.Mouse4_T,/Script/Engine.Texture2D,1310,1310,0,0,4616
/Game/UI/Foundation/Platform/Input/KeyboardMouse/Mouse5_T.Mouse5_T,/Script/Engine.Texture2D,1346,1346,0,0,4616
/Game/UI/Foundation/Platform/Input/KeyboardMouse/MouseAxis-X.MouseAxis-X,/Script/Engine.Texture2D,1365,1365,0,0,4621
/Game/UI/Foundation/Platform/Input/KeyboardMouse/MouseScrollAxis_T.MouseScrollAxis_T,/Script/Engine.Texture2D,1205,1205,0,0,4639
/Game/UI/Foundation/Platform/Input/KeyboardMouse/MouseWheelDown_T.MouseWheelDown_T,/Script/Engine.Texture2D,1232,1232,0,0,4629
/Game/UI/Foundation/Platform/Input/KeyboardMouse/MouseWheelUp_T.MouseWheelUp_T,/Script/Engine.Texture2D,1258,1258,0,0,4629
/Game/UI/Foundation/SoftwareCursors/CursorArrow.CursorArrow,/Script/Engine.Texture2D,2610,2610,0,0,9743
/Game/UI/Hud/Art/T_UI_Effects_TriHalftone_Mask.T_UI_Effects_TriHalftone_Mask,/Script/Engine.Texture2D,5708,5708,0,0,131611
/Game/UI/Hud/Art/T_UI_Icon_Accolade_DoubleElimination.T_UI_Icon_Accolade_DoubleElimination,/Script/Engine.Texture2D,2330,2330,0,0,8741
/Game/UI/Hud/Art/T_UI_Icon_Accolade_QuadrupleElimination.T_UI_Icon_Accolade_QuadrupleElimination,/Script/Engine.Texture2D,2426,2426,0,0,8749
/Game/UI/Hud/Art/T_UI_Icon_Accolade_Streak10.T_UI_Icon_Accolade_Streak10,/Script/Engine.Texture2D,3224,3224,0,0,8725
/Game/UI/Hud/Art/T_UI_Icon_Accolade_Streak15.T_UI_Icon_Accolade_Streak15,/Script/Engine.Texture2D,3390,3390,0,0,8725
/Game/UI/Hud/Art/T_UI_Icon_Accolade_Streak20.T_UI_Icon_Accolade_Streak20,/Script/Engine.Texture2D,3504,3504,0,0,8725
/Game/UI/Hud/Art/T_UI_Icon_Accolade_Streak5.T_UI_Icon_Accolade_Streak5,/Script/Engine.Texture2D,3075,3075,0,0,8725
/Game/UI/Hud/Art/T_UI_Icon_Accolade_TripleElimination.T_UI_Icon_Accolade_TripleElimination,/Script/Engine.Texture2D,2512,2512,0,0,8741
/Game/UI/Hud/Art/T_UI_Icon_MobileOnly_ADS.T_UI_Icon_MobileOnly_ADS,/Script/Engine.Texture2D,4604,4604,0,0,33293
/Game/UI/Hud/Art/T_UI_Icon_MobileOnly_Crouch.T_UI_Icon_MobileOnly_Crouch,/Script/Engine.Texture2D,5634,5634,0,0,33301
/Game/UI/Hud/Art/T_UI_Icon_MobileOnly_Dash.T_UI_Icon_MobileOnly_Dash,/Script/Engine.Texture2D,4538,4538,0,0,33301
/Game/UI/Hud/Art/T_UI_Icon_MobileOnly_Emote.T_UI_Icon_MobileOnly_Emote,/Script/Engine.Texture2D,5081,5081,0,0,33301
/Game/UI/Hud/Art/T_UI_Icon_MobileOnly_Jump.T_UI_Icon_MobileOnly_Jump,/Script/Engine.Texture2D,5389,5389,0,0,33301
/Game/UI/Hud/Art/T_UI_Icon_OtherWeapons_Grenade.T_UI_Icon_OtherWeapons_Grenade,/Script/Engine.Texture2D,5079,5079,0,0,33309
/Game/UI/Hud/Art/T_UI_Icon_OtherWeapons_Melee.T_UI_Icon_OtherWeapons_Melee,/Script/Engine.Texture2D,7427,7427,0,0,33301
/Game/UI/Hud/Art/T_UI_Icon_OtherWeapons_SelfElimination.T_UI_Icon_OtherWeapons_SelfElimination,/Script/Engine.Texture2D,4010,4010,0,0,33325
/Game/UI/Hud/Art/T_UI_Icon_RangedWeapons_Pistol.T_UI_Icon_RangedWeapons_Pistol,/Script/Engine.Texture2D,6224,6224,0,0,66077
/Game/UI/Hud/Art/T_UI_Icon_RangedWeapons_Pistol_Ammo.T_UI_Icon_RangedWeapons_Pistol_Ammo,/Script/Engine.Texture2D,1551,1551,0,0,2597
/Game/UI/Hud/Art/T_UI_Icon_RangedWeapons_Rifle.T_UI_Icon_RangedWeapons_Rifle,/Script/Engine.Texture2D,10706,10706,0,0,66077
/Game/UI/Hud/Art/T_UI_Icon_RangedWeapons_Rifle_Ammo.T_UI_Icon_RangedWeapons_Rifle_Ammo,/Script/Engine.Texture2D,1632,1632,0,0,2597
/Game/UI/Hud/Art/T_UI_Icon_RangedWeapons_Shotgun.T_UI_Icon_RangedWeapons_Shotgun,/Script/Engine.Texture2D,10250,10250,0,0,66077
/Game/UI/Hud/Art/T_UI_Icon_RangedWeapons_Shotgun_Ammo.T_UI_Icon_RangedWeapons_Shotgun_Ammo,/Script/Engine.Texture2D,1608,1608,0,0,2597
/Game/UI/Hud/Textures/T_Crosshair_Dot.T_Crosshair_Dot,/Script/Engine.Texture2D,5600,5600,0,0,250516
/Game/UI/IRONICS/Venues/T_Venue_Arcaneon.T_Venue_Arcaneon,/Script/Engine.Texture2D,490192,490192,0,0,1843712
/Game/UI/Menu/Art/Emblem3D/SM_IRONICS_Emblem_BaseColor.SM_IRONICS_Emblem_BaseColor,/Script/Engine.Texture2D,4427204,4427204,0,0,11185930
/Game/UI/Menu/Art/Emblem3D/SM_IRONICS_Emblem_Metallic.SM_IRONICS_Emblem_Metallic,/Script/Engine.Texture2D,1542514,1542514,0,0,11185933
/Game/UI/Menu/Art/Emblem3D/SM_IRONICS_Emblem_Normal.SM_IRONICS_Emblem_Normal,/Script/Engine.Texture2D,4766026,4766026,0,0,22370762
/Game/UI/Menu/Art/Emblem3D/SM_IRONICS_Emblem_Roughness.SM_IRONICS_Emblem_Roughness,/Script/Engine.Texture2D,1343162,1343162,0,0,11185933
/Game/UI/Menu/Art/MapTiles/T_IRONICS_MapTile_Infineon.T_IRONICS_MapTile_Infineon,/Script/Engine.Texture2D,70559,70559,0,0,262677
/Game/UI/Menu/Art/MapTiles/T_IRONICS_MapTile_NanoWatt.T_IRONICS_MapTile_NanoWatt,/Script/Engine.Texture2D,65619,65619,0,0,262677
/Game/UI/Menu/Art/T_UI_Icon_SimpleArrow.T_UI_Icon_SimpleArrow,/Script/Engine.Texture2D,874,874,0,0,8717
/Game/UI/Menu/Art/T_UI_Icon_SimpleDiamond.T_UI_Icon_SimpleDiamond,/Script/Engine.Texture2D,873,873,0,0,8717
/Game/UI/Menu/Art/T_UI_Icon_SimpleMenu.T_UI_Icon_SimpleMenu,/Script/Engine.Texture2D,735,735,0,0,8717
/Game/UI/Menu/Art/T_UI_Icon_SimpleXMark.T_UI_Icon_SimpleXMark,/Script/Engine.Texture2D,1411,1411,0,0,8717
/Game/UI/Menu/Art/T_UI_Icon_Team_Art.T_UI_Icon_Team_Art,/Script/Engine.Texture2D,12112,12112,0,0,131589
/Game/UI/Menu/Art/T_UI_Icon_Team_Art_Glow.T_UI_Icon_Team_Art_Glow,/Script/Engine.Texture2D,24374,24374,0,0,131597
/Game/UI/Menu/Art/T_UI_Icon_Team_Art_Small.T_UI_Icon_Team_Art_Small,/Script/Engine.Texture2D,7077,7077,0,0,33301
/Game/UI/Menu/Art/T_UI_Icon_Team_Engineering.T_UI_Icon_Team_Engineering,/Script/Engine.Texture2D,12878,12878,0,0,131605
/Game/UI/Menu/Art/T_UI_Icon_Team_Engineering_Glow.T_UI_Icon_Team_Engineering_Glow,/Script/Engine.Texture2D,26912,26912,0,0,131613
/Game/UI/Menu/Art/T_UI_Icon_Team_Engineering_Mini.T_UI_Icon_Team_Engineering_Mini,/Script/Engine.Texture2D,2920,2920,0,0,8733
/Game/UI/Menu/Art/T_UI_Icon_Team_Engineering_Small.T_UI_Icon_Team_Engineering_Small,/Script/Engine.Texture2D,7926,7926,0,0,33317
/Game/UI/Menu/Art/T_UI_LyraLogo.T_UI_LyraLogo,/Script/Engine.Texture2D,30211,30211,0,0,524797
/Game/UI/Menu/Art/T_UI_LyraLogo_2K.T_UI_LyraLogo_2K,/Script/Engine.Texture2D,60546,60546,0,0,1049093
/Game/UI/Menu/Art/T_UI_MapTile_Convolution.T_UI_MapTile_Convolution,/Script/Engine.Texture2D,688667,688667,0,0,2097686
/Game/UI/Menu/Art/T_UI_MapTile_Expanse.T_UI_MapTile_Expanse,/Script/Engine.Texture2D,766873,766873,0,0,2097678
/Game/UI/Menu/Art/T_UI_MapTile_NoIcon.T_UI_MapTile_NoIcon,/Script/Engine.Texture2D,9927,9927,0,0,262658
/Game/UI/Menu/Art/T_UI_TileArt_Host.T_UI_TileArt_Host,/Script/Engine.Texture2D,472639,472639,0,0,1049094
/Game/UI/Settings/Extensions/ColorBlind/ishihara_all.ishihara_all,/Script/Engine.Texture2D,92802,92802,0,0,262664
/Game/UI/Settings/Extensions/ColorBlind/ishihara_g1.ishihara_g1,/Script/Engine.Texture2D,110910,110910,0,0,262664
/Game/UI/Settings/Extensions/ColorBlind/ishihara_g2.ishihara_g2,/Script/Engine.Texture2D,113391,113391,0,0,262664
/Game/UI/Settings/Extensions/ColorBlind/ishihara_g3.ishihara_g3,/Script/Engine.Texture2D,114950,114950,0,0,262664
/Game/UI/Settings/Extensions/ColorBlind/ishihara_protanoomaly.ishihara_protanoomaly,/Script/Engine.Texture2D,112409,112409,0,0,262688
/Game/UI/Settings/Extensions/ColorBlind/ishihara_protanopia.ishihara_protanopia,/Script/Engine.Texture2D,110083,110083,0,0,262680
/Game/UI/Settings/Screens/Gamma/T_GammaTestImage.T_GammaTestImage,/Script/Engine.Texture2D,6622,6622,0,0,66053
/Game/Weapons/Generic/Textures/T_NoiseSpeckle_01.T_NoiseSpeckle_01,/Script/Engine.Texture2D,687031,687031,0,0,1399131
/Game/Weapons/Generic/Textures/T_SoftNoise.T_SoftNoise,/Script/Engine.Texture2D,285677,285677,0,0,700062
/Game/Weapons/Generic/Textures/T_vk1iehhc_4K_Roughness.T_vk1iehhc_4K_Roughness,/Script/Engine.Texture2D,1741368,1741368,0,0,2797280
/Game/Weapons/Generic/Textures/T_Weapon_AORM.T_Weapon_AORM,/Script/Engine.Texture2D,399,399,0,0,1448
/Game/Weapons/Generic/Textures/T_Weapon_D.T_Weapon_D,/Script/Engine.Texture2D,394,394,0,0,1442
/Game/Weapons/Generic/Textures/T_Weapon_Mask.T_Weapon_Mask,/Script/Engine.Texture2D,392,392,0,0,1448
/Game/Weapons/Generic/Textures/T_Weapon_N.T_Weapon_N,/Script/Engine.Texture2D,399,399,0,0,2146
/Game/Weapons/Grenade/Textures/T_Grenade_AORM.T_Grenade_AORM,/Script/Engine.Texture2D,246578,246578,0,0,700071
/Game/Weapons/Grenade/Textures/T_Grenade_D.T_Grenade_D,/Script/Engine.Texture2D,52803,52803,0,0,700059
/Game/Weapons/Grenade/Textures/T_Grenade_Masks.T_Grenade_Masks,/Script/Engine.Texture2D,18821,18821,0,0,700067
/Game/Weapons/Grenade/Textures/T_Grenade_N.T_Grenade_N,/Script/Engine.Texture2D,326494,326494,0,0,1399126
/Game/Weapons/Healthpack/Texture/T_HealthPackFull_AORM.T_HealthPackFull_AORM,/Script/Engine.Texture2D,254683,254683,0,0,700087
/Game/Weapons/Healthpack/Texture/T_HealthPackFull_D.T_HealthPackFull_D,/Script/Engine.Texture2D,63587,63587,0,0,700075
/Game/Weapons/Healthpack/Texture/T_HealthPackFull_Mask.T_HealthPackFull_Mask,/Script/Engine.Texture2D,21710,21710,0,0,700087
/Game/Weapons/Healthpack/Texture/T_HealthPackFull_N.T_HealthPackFull_N,/Script/Engine.Texture2D,370131,370131,0,0,1399142
/Game/Weapons/Healthpack/Texture/T_HealthPackPart_AORM.T_HealthPackPart_AORM,/Script/Engine.Texture2D,231410,231410,0,0,700087
/Game/Weapons/Healthpack/Texture/T_HealthPackPart_D.T_HealthPackPart_D,/Script/Engine.Texture2D,61890,61890,0,0,700075
/Game/Weapons/Healthpack/Texture/T_HealthPackPart_Mask.T_HealthPackPart_Mask,/Script/Engine.Texture2D,11701,11701,0,0,700087
/Game/Weapons/Healthpack/Texture/T_HealthPackPart_N.T_HealthPackPart_N,/Script/Engine.Texture2D,295386,295386,0,0,1399142
/Game/Weapons/Pistol/Textures/T_Pistol_AORM.T_Pistol_AORM,/Script/Engine.Texture2D,1123515,1123515,0,0,2797263
/Game/Weapons/Pistol/Textures/T_Pistol_D.T_Pistol_D,/Script/Engine.Texture2D,343576,343576,0,0,2797259
/Game/Weapons/Pistol/Textures/T_Pistol_Masks.T_Pistol_Masks,/Script/Engine.Texture2D,65013,65013,0,0,2797271
/Game/Weapons/Pistol/Textures/T_Pistol_N.T_Pistol_N,/Script/Engine.Texture2D,1366152,1366152,0,0,5593470
/Game/Weapons/Rifle/Textures/T_Rifle_AORM.T_Rifle_AORM,/Script/Engine.Texture2D,1146774,1146774,0,0,2797263
/Game/Weapons/Rifle/Textures/T_Rifle_Combined_N.T_Rifle_Combined_N,/Script/Engine.Texture2D,1647704,1647704,0,0,5593486
/Game/Weapons/Rifle/Textures/T_Rifle_D.T_Rifle_D,/Script/Engine.Texture2D,373744,373744,0,0,2797251
/Game/Weapons/Rifle/Textures/T_Rifle_Masks.T_Rifle_Masks,/Script/Engine.Texture2D,68781,68781,0,0,2797263
/Game/Weapons/Shotgun/Texture/T_Shotgun_AORM.T_Shotgun_AORM,/Script/Engine.Texture2D,1156751,1156751,0,0,2797271
/Game/Weapons/Shotgun/Texture/T_Shotgun_D.T_Shotgun_D,/Script/Engine.Texture2D,358988,358988,0,0,2797259
/Game/Weapons/Shotgun/Texture/T_Shotgun_Mask.T_Shotgun_Mask,/Script/Engine.Texture2D,73821,73821,0,0,2797271
/Game/Weapons/Shotgun/Texture/T_Shotgun_N.T_Shotgun_N,/Script/Engine.Texture2D,1815218,1815218,0,0,5593478
/Game/Weapons/Spawnpad/Texture/T_LaunchPadShape.T_LaunchPadShape,/Script/Engine.Texture2D,81783,81783,0,0,524821
/Game/Weapons/Textures/SkinMaterial/T_InsulationFoil_Skin_BaseColor.T_InsulationFoil_Skin_BaseColor,/Script/Engine.Texture2D,5649,5649,0,0,2797298
/Game/Weapons/Textures/SkinMaterial/T_InsulationFoil_Skin_Normal.T_InsulationFoil_Skin_Normal,/Script/Engine.Texture2D,1559976,1559976,0,0,5593514
/Game/Weapons/Textures/SkinMaterial/T_InsulationFoil_Skin_OcclusionRoughnessMetallic.T_InsulationFoil_Skin_OcclusionRoughnessMetallic,/Script/Engine.Texture2D,665030,665030,0,0,2797333
/Game/Weapons/Textures/SkinMaterial/T_Marble_Skin_BaseColor.T_Marble_Skin_BaseColor,/Script/Engine.Texture2D,1830950,1830950,0,0,2797282
/Game/Weapons/Textures/SkinTexture/T_Cloud2Mask.T_Cloud2Mask,/Script/Engine.Texture2D,622160,622160,0,0,2797261
/Game/Weapons/Textures/SkinTexture/T_Distortion.T_Distortion,/Script/Engine.Texture2D,398392,398392,0,0,700058
/Game/Weapons/Textures/SkinTexture/T_Tiger_Skin.T_Tiger_Skin,/Script/Engine.Texture2D,209400,209400,0,0,700058
/Game/Weapons/Textures/T_GrenadeLauncher_BaseColor.T_GrenadeLauncher_BaseColor,/Script/Engine.Texture2D,2330094,2330094,0,0,11185930
/Game/Weapons/Textures/T_GrenadeLauncher_Mask.T_GrenadeLauncher_Mask,/Script/Engine.Texture2D,909831,909831,0,0,11185922
/Game/Weapons/Textures/T_GrenadeLauncher_Normal.T_GrenadeLauncher_Normal,/Script/Engine.Texture2D,6938595,6938595,0,0,22370754
/Game/Weapons/Textures/T_GrenadeLauncher_OcclusionRoughnessMetallic.T_GrenadeLauncher_OcclusionRoughnessMetallic,/Script/Engine.Texture2D,4700245,4700245,0,0,11185965
/Game/Weapons/Textures/T_HOLO_BaseColor.T_HOLO_BaseColor,/Script/Engine.Texture2D,428465,428465,0,0,2797250
/Game/Weapons/Textures/T_HOLO_Normal.T_HOLO_Normal,/Script/Engine.Texture2D,1648668,1648668,0,0,5593466
/Game/Weapons/Textures/T_HOLO_OcclusionRoughnessMetallic.T_HOLO_OcclusionRoughnessMetallic,/Script/Engine.Texture2D,869617,869617,0,0,2797285
/Game/Weapons/Textures/T_Sight_Holographic_BaseColor.T_Sight_Holographic_BaseColor,/Script/Engine.Texture2D,7501,7501,0,0,1399138
/Game/Weapons/Textures/T_Sight_Holographic_Emissive.T_Sight_Holographic_Emissive,/Script/Engine.Texture2D,3361,3361,0,0,700074
/Game/Weapons/Textures/T_Sight_Holographic_OcclusionRoughnessMetallic.T_Sight_Holographic_OcclusionRoughnessMetallic,/Script/Engine.Texture2D,966,966,0,0,700117
/Game/Weapons/Textures/T_SquareSuppressor_BasColor.T_SquareSuppressor_BasColor,/Script/Engine.Texture2D,654814,654814,0,0,2797274
/Game/Weapons/Textures/T_SquareSuppressor_Normal.T_SquareSuppressor_Normal,/Script/Engine.Texture2D,513052,513052,0,0,5593490
/Game/Weapons/Textures/T_SquareSuppressor_OcclusionRoughnessMetallic.T_SquareSuppressor_OcclusionRoughnessMetallic,/Script/Engine.Texture2D,1119823,1119823,0,0,2797309
/Game/Weapons/Textures/T_Tripmine_Emissive.T_Tripmine_Emissive,/Script/Engine.Texture2D,2610,2610,0,0,2797258
/HairStrands/Materials/HairGroupColors.HairGroupColors,/Script/Engine.Texture2D,565,565,0,0,565
/InterchangeAssets/gltf/Textures/T_Anisotropy_Direction_Linear.T_Anisotropy_Direction_Linear,/Script/Engine.Texture2D,557,557,0,0,557
/InterchangeAssets/gltf/Textures/T_Generic_N.T_Generic_N,/Script/Engine.Texture2D,531,531,0,0,531
/InterchangeAssets/gltf/Textures/T_White_Linear.T_White_Linear,/Script/Engine.Texture2D,525,525,0,0,525
/InterchangeAssets/gltf/Textures/T_White_srgb.T_White_srgb,/Script/Engine.Texture2D,522,522,0,0,522
/InterchangeAssets/Utilities/New_LUT.New_LUT,/Script/Engine.Texture2D,2202513,2202513,0,0,9088324
/LyraExampleContent/Materials/Textures/GlassPattern/T_Glass_Opacity_Tiled.T_Glass_Opacity_Tiled,/Script/Engine.Texture2D,5888,5888,0,0,2797296
/LyraExampleContent/Materials/Textures/GlassPattern/T_Glass_Pattern_Option_05.T_Glass_Pattern_Option_05,/Script/Engine.Texture2D,3118124,3118124,0,0,22370786
/LyraExampleContent/Materials/Textures/GlassPattern/T_GlassTiles_N_1.T_GlassTiles_N_1,/Script/Engine.Texture2D,487217,487217,0,0,22370762
/LyraExampleContent/Materials/Textures/T_Concrete_Diffuse.T_Concrete_Diffuse,/Script/Engine.Texture2D,1328220,1328220,0,0,2797274
/LyraExampleContent/Materials/Textures/T_Concrete_Glossiness.T_Concrete_Glossiness,/Script/Engine.Texture2D,2416188,2416188,0,0,5594548
/LyraExampleContent/Materials/Textures/T_Concrete_Normal.T_Concrete_Normal,/Script/Engine.Texture2D,3804410,3804410,0,0,11186980
/LyraExampleContent/Materials/Textures/T_GrungySurface_slnneipc_4K_MR.T_GrungySurface_slnneipc_4K_MR,/Script/Engine.Texture2D,6876337,6876337,0,0,11185960
/LyraExampleContent/Materials/Textures/T_Paint_Diffuse.T_Paint_Diffuse,/Script/Engine.Texture2D,706704,706704,0,0,2797266
/LyraExampleContent/Materials/Textures/T_Paint_Glossiness.T_Paint_Glossiness,/Script/Engine.Texture2D,329206,329206,0,0,700080
/LyraExampleContent/Materials/Textures/T_Paint_Normal.T_Paint_Normal,/Script/Engine.Texture2D,1674625,1674625,0,0,5593490
/LyraExampleContent/Materials/Textures/T_Paint_Opacity.T_Paint_Opacity,/Script/Engine.Texture2D,2326,2326,0,0,2797266
/LyraExampleContent/Materials/Textures/T_ReflectorHexagon_N.T_ReflectorHexagon_N,/Script/Engine.Texture2D,3481,3481,0,0,22746
/LyraExampleContent/Materials/Textures/T_Rough_Concrete_Floor_ulmmbiuo_4K_N.T_Rough_Concrete_Floor_ulmmbiuo_4K_N,/Script/Engine.Texture2D,4602574,4602574,0,0,5593531
/LyraExampleContent/Materials/Textures/T_StainlessBrushed_2K_normal.T_StainlessBrushed_2K_normal,/Script/Engine.Texture2D,1057726,1057726,0,0,5593514
/LyraExampleContent/Megascans/Surfaces/Dirty_Painted_Concrete_Wall_vdqfcg3/T_Dirty_Painted_Concrete_Wall_vdqfcg3_4K_D.T_Dirty_Painted_Concrete_Wall_vdqfcg3_4K_D,/Script/Engine.Texture2D,975921,975921,0,0,2797360
/LyraExampleContent/Megascans/Surfaces/Dirty_Painted_Concrete_Wall_vdqfcg3/T_Dirty_Painted_Concrete_Wall_vdqfcg3_4K_N.T_Dirty_Painted_Concrete_Wall_vdqfcg3_4K_N,/Script/Engine.Texture2D,1495125,1495125,0,0,5593579
/LyraExampleContent/Megascans/Surfaces/Dirty_Painted_Concrete_Wall_vdqfcg3/T_DirtyPaintedConcreteWall_vdqfcg3_4K_ORDp.T_DirtyPaintedConcreteWall_vdqfcg3_4K_ORDp,/Script/Engine.Texture2D,129946,129946,0,0,700164
/LyraExampleContent/Megascans/Surfaces/Fortified_Shelter_Wall_ubimbhrdy/T_FortifiedShelterWall_ubimbhrdy_4K_ORDp.T_FortifiedShelterWall_ubimbhrdy_4K_ORDp,/Script/Engine.Texture2D,594882,594882,0,0,2797356
/LyraExampleContent/MSPresets/MSTextures/BlackPlaceholder.BlackPlaceholder,/Script/Engine.Texture2D,403,403,0,0,1461
/LyraExampleContent/MSPresets/MSTextures/Placeholder_Normal.Placeholder_Normal,/Script/Engine.Texture2D,430,430,0,0,2167
/LyraExampleContent/MSPresets/MSTextures/WhitePlaceholder.WhitePlaceholder,/Script/Engine.Texture2D,404,404,0,0,1461
/MetaHumanCharacter/Textures/T_BodyHideMask.T_BodyHideMask,/Script/Engine.Texture2D,18857,18857,0,0,700056
/MetaHumanCharacter/Textures/T_Default_BaseColor_White.T_Default_BaseColor_White,/Script/Engine.Texture2D,730,730,0,0,730
/MetaHumanCharacter/Textures/T_Gray_Body_D.T_Gray_Body_D,/Script/Engine.Texture2D,613044,613044,0,0,2797250
/MetaHumanCharacter/Textures/T_Gray_Body_R.T_Gray_Body_R,/Script/Engine.Texture2D,100518,100518,0,0,700050
/MetaHumanCharacter/Textures/T_Gray_N.T_Gray_N,/Script/Engine.Texture2D,5430,5430,0,0,6282
/MovieRenderPipeline/Blueprints/Graph/T_MovieGraph_TransparencyBG.T_MovieGraph_TransparencyBG,/Script/Engine.Texture2D,906,906,0,0,22685
/nDisplay/Icons/S_nDisplayViewOrigin.S_nDisplayViewOrigin,/Script/Engine.Texture2D,41458,41458,0,0,350432
/nDisplay/LightCard/T_UVIndicator.T_UVIndicator,/Script/Engine.Texture2D,1752,1752,0,0,6274
/nDisplay/Textures/T_TrackingMarker_A.T_TrackingMarker_A,/Script/Engine.Texture2D,2495,2495,0,0,1049082
/Niagara/Icons/Modules/T_Icon_Particle_InfiniteLife.T_Icon_Particle_InfiniteLife,/Script/Engine.Texture2D,1600,1600,0,0,16932
/Niagara/Icons/Modules/T_Icon_Scalability_Emitter.T_Icon_Scalability_Emitter,/Script/Engine.Texture2D,1898,1898,0,0,16924
/Niagara/Icons/Modules/T_Icon_Scalability_System.T_Icon_Scalability_System,/Script/Engine.Texture2D,1980,1980,0,0,16924
/Niagara/Icons/Modules/T_Icon_Solver_LimitAccel.T_Icon_Solver_LimitAccel,/Script/Engine.Texture2D,1186,1186,0,0,16924
/Niagara/Icons/Modules/T_Icon_Solver_LimitSpeed.T_Icon_Solver_LimitSpeed,/Script/Engine.Texture2D,1803,1803,0,0,16924
/Niagara/Icons/Modules/T_Icon_Solver_RotationalSolve.T_Icon_Solver_RotationalSolve,/Script/Engine.Texture2D,1521,1521,0,0,16932
/Paper2D/PlaceholderTextures/DummySpriteTexture.DummySpriteTexture,/Script/Engine.Texture2D,3860,3860,0,0,22722
/ShooterMaps/System/Playlists/T_UI_LoadingScreen_ControlGame.T_UI_LoadingScreen_ControlGame,/Script/Engine.Texture2D,2625829,2625829,0,0,8389166
/ShooterMaps/System/Playlists/T_UI_LoadingScreen_ShooterGame.T_UI_LoadingScreen_ShooterGame,/Script/Engine.Texture2D,3207348,3207348,0,0,8389166
/SpeedTreeImporter/SpeedTree9/Empty.Empty,/Script/Engine.Texture2D,634,634,0,0,634
/SpeedTreeImporter/SpeedTree9/EmptyNormal.EmptyNormal,/Script/Engine.Texture2D,632,632,0,0,632
/SpeedTreeImporter/SpeedTree9/game_wind_noise.game_wind_noise,/Script/Engine.Texture2D,548470,548470,0,0,1399056
/TopDownArena/Game/Effects/PickUp/T_BombPickUp.T_BombPickUp,/Script/Engine.Texture2D,1955,1955,0,0,700061
/TopDownArena/Game/Pickups/T_BombCountUp.T_BombCountUp,/Script/Engine.Texture2D,2639,2639,0,0,22714
/TopDownArena/Game/Pickups/T_BombRangeUp.T_BombRangeUp,/Script/Engine.Texture2D,3341,3341,0,0,22714
/TopDownArena/UserInterface/Player/Texture/T_Bombs.T_Bombs,/Script/Engine.Texture2D,6460,6460,0,0,66060
/TopDownArena/UserInterface/Player/Texture/T_Range.T_Range,/Script/Engine.Texture2D,3063,3063,0,0,16893
/TopDownArena/UserInterface/Player/Texture/T_Speed.T_Speed,/Script/Engine.Texture2D,3034,3034,0,0,16893
/Water/Icons/WaterBodyExclusionVolumeSprite.WaterBodyExclusionVolumeSprite,/Script/Engine.Texture2D,5135,5135,0,0,66061
/Water/Icons/WaterBodyIslandSprite.WaterBodyIslandSprite,/Script/Engine.Texture2D,5962,5962,0,0,66045
/Water/Icons/WaterErrorSprite.WaterErrorSprite,/Script/Engine.Texture2D,9997,9997,0,0,88290
/Water/Icons/WaterLandscapeBrushSprite.WaterLandscapeBrushSprite,/Script/Engine.Texture2D,8628,8628,0,0,88306
/Water/Icons/WaterSprite.WaterSprite,/Script/Engine.Texture2D,5320,5320,0,0,66029
/Water/Icons/WaterZoneActorSprite.WaterZoneActorSprite,/Script/Engine.Texture2D,7738,7738,0,0,88298
/CloudsLighting/Material/RT_LightDataMap.RT_LightDataMap,/Script/Engine.TextureRenderTarget2D,355,355,0,0,355
/CommonUI/GenericInputActionDataTable.GenericInputActionDataTable,/Script/CommonUI.CommonGenericInputActionDataTable,1241,1241,0,0,6481
/ControlRig/Controls/ControlRig_Arrow2_1mm.ControlRig_Arrow2_1mm,/Script/Engine.StaticMesh,4651,4651,0,0,17870
/ControlRig/Controls/ControlRig_Arrow2_3mm.ControlRig_Arrow2_3mm,/Script/Engine.StaticMesh,4683,4683,0,0,17992
/ControlRig/Controls/ControlRig_Arrow2_solid.ControlRig_Arrow2_solid,/Script/Engine.StaticMesh,3577,3577,0,0,12992
/ControlRig/Controls/ControlRig_Arrow4_1mm.ControlRig_Arrow4_1mm,/Script/Engine.StaticMesh,7707,7707,0,0,32978
/ControlRig/Controls/ControlRig_Arrow4_3mm.ControlRig_Arrow4_3mm,/Script/Engine.StaticMesh,7926,7926,0,0,33100
/ControlRig/Controls/ControlRig_Arrow4_solid.ControlRig_Arrow4_solid,/Script/Engine.StaticMesh,5556,5556,0,0,22668
/ControlRig/Controls/ControlRig_Arrow_1mm.ControlRig_Arrow_1mm,/Script/Engine.StaticMesh,4230,4230,0,0,15948
/ControlRig/Controls/ControlRig_Arrow_3mm.ControlRig_Arrow_3mm,/Script/Engine.StaticMesh,4285,4285,0,0,16070
/ControlRig/Controls/ControlRig_Arrow_solid.ControlRig_Arrow_solid,/Script/Engine.StaticMesh,3475,3475,0,0,12902
/ControlRig/Controls/ControlRig_Box_1mm.ControlRig_Box_1mm,/Script/Engine.StaticMesh,38971,38971,0,0,194238
/ControlRig/Controls/ControlRig_Box_3mm.ControlRig_Box_3mm,/Script/Engine.StaticMesh,21885,21885,0,0,102826
/ControlRig/Controls/ControlRig_Box_solid.ControlRig_Box_solid,/Script/Engine.StaticMesh,2831,2831,0,0,24700
/ControlRig/Controls/ControlRig_Circle_1mm.ControlRig_Circle_1mm,/Script/Engine.StaticMesh,12276,12276,0,0,45858
/ControlRig/Controls/ControlRig_Circle_3mm.ControlRig_Circle_3mm,/Script/Engine.StaticMesh,12073,12073,0,0,45224
/ControlRig/Controls/ControlRig_Circle_solid.ControlRig_Circle_solid,/Script/Engine.StaticMesh,7071,7071,0,0,30888
/ControlRig/Controls/ControlRig_Diamond_1mm.ControlRig_Diamond_1mm,/Script/Engine.StaticMesh,110239,110239,0,0,399130
/ControlRig/Controls/ControlRig_Diamond_3mm.ControlRig_Diamond_3mm,/Script/Engine.StaticMesh,77541,77541,0,0,263132
/ControlRig/Controls/ControlRig_Diamond_solid.ControlRig_Diamond_solid,/Script/Engine.StaticMesh,6263,6263,0,0,32004
/ControlRig/Controls/ControlRig_HalfCircle_1mm.ControlRig_HalfCircle_1mm,/Script/Engine.StaticMesh,8098,8098,0,0,28610
/ControlRig/Controls/ControlRig_HalfCircle_3mm.ControlRig_HalfCircle_3mm,/Script/Engine.StaticMesh,7937,7937,0,0,28100
/ControlRig/Controls/ControlRig_HalfCircle_solid.ControlRig_HalfCircle_solid,/Script/Engine.StaticMesh,4547,4547,0,0,20884
/ControlRig/Controls/ControlRig_Hexagon_1mm.ControlRig_Hexagon_1mm,/Script/Engine.StaticMesh,4119,4119,0,0,15346
/ControlRig/Controls/ControlRig_Hexagon_3mm.ControlRig_Hexagon_3mm,/Script/Engine.StaticMesh,4197,4197,0,0,15468
/ControlRig/Controls/ControlRig_Hexagon_solid.ControlRig_Hexagon_solid,/Script/Engine.StaticMesh,3346,3346,0,0,12700
/ControlRig/Controls/ControlRig_Line.ControlRig_Line,/Script/Engine.StaticMesh,2276,2276,0,0,8132
/ControlRig/Controls/ControlRig_Octagon_1mm.ControlRig_Octagon_1mm,/Script/Engine.StaticMesh,4598,4598,0,0,19558
/ControlRig/Controls/ControlRig_Octagon_3mm.ControlRig_Octagon_3mm,/Script/Engine.StaticMesh,4673,4673,0,0,19680
/ControlRig/Controls/ControlRig_Octagon_solid.ControlRig_Octagon_solid,/Script/Engine.StaticMesh,3763,3763,0,0,16096
/ControlRig/Controls/ControlRig_Pyramid_1mm.ControlRig_Pyramid_1mm,/Script/Engine.StaticMesh,71666,71666,0,0,250510
/ControlRig/Controls/ControlRig_Pyramid_3mm.ControlRig_Pyramid_3mm,/Script/Engine.StaticMesh,47214,47214,0,0,160916
/ControlRig/Controls/ControlRig_Pyramid_solid.ControlRig_Pyramid_solid,/Script/Engine.StaticMesh,4232,4232,0,0,14310
/ControlRig/Controls/ControlRig_QuarterCircle_1mm.ControlRig_QuarterCircle_1mm,/Script/Engine.StaticMesh,4685,4685,0,0,20364
/ControlRig/Controls/ControlRig_QuarterCircle_3mm.ControlRig_QuarterCircle_3mm,/Script/Engine.StaticMesh,4450,4450,0,0,19670
/ControlRig/Controls/ControlRig_QuarterCircle_solid.ControlRig_QuarterCircle_solid,/Script/Engine.StaticMesh,2969,2969,0,0,9814
/ControlRig/Controls/ControlRig_RoundedSquare_1mm.ControlRig_RoundedSquare_1mm,/Script/Engine.StaticMesh,13589,13589,0,0,65806
/ControlRig/Controls/ControlRig_RoundedSquare_3mm.ControlRig_RoundedSquare_3mm,/Script/Engine.StaticMesh,15386,15386,0,0,73832
/ControlRig/Controls/ControlRig_RoundedSquare_solid.ControlRig_RoundedSquare_solid,/Script/Engine.StaticMesh,8737,8737,0,0,38832
/ControlRig/Controls/ControlRig_RoundedTriangle_1mm.ControlRig_RoundedTriangle_1mm,/Script/Engine.StaticMesh,10248,10248,0,0,38150
/ControlRig/Controls/ControlRig_RoundedTriangle_3mm.ControlRig_RoundedTriangle_3mm,/Script/Engine.StaticMesh,10725,10725,0,0,40272
/ControlRig/Controls/ControlRig_RoundedTriangle_solid.ControlRig_RoundedTriangle_solid,/Script/Engine.StaticMesh,6549,6549,0,0,22672
/ControlRig/Controls/ControlRig_Sphere_1mm.ControlRig_Sphere_1mm,/Script/Engine.StaticMesh,87704,87704,0,0,275402
/ControlRig/Controls/ControlRig_Sphere_3mm.ControlRig_Sphere_3mm,/Script/Engine.StaticMesh,77032,77032,0,0,223708
/ControlRig/Controls/ControlRig_Sphere_solid.ControlRig_Sphere_solid,/Script/Engine.StaticMesh,48487,48487,0,0,128100
/ControlRig/Controls/ControlRig_Square_1mm.ControlRig_Square_1mm,/Script/Engine.StaticMesh,2978,2978,0,0,14302
/ControlRig/Controls/ControlRig_Square_3mm.ControlRig_Square_3mm,/Script/Engine.StaticMesh,3092,3092,0,0,14936
/ControlRig/Controls/ControlRig_Square_Joystick.ControlRig_Square_Joystick,/Script/Engine.StaticMesh,5800,5800,0,0,24092
/ControlRig/Controls/ControlRig_Square_solid.ControlRig_Square_solid,/Script/Engine.StaticMesh,2465,2465,0,0,13112
/ControlRig/Controls/ControlRig_Star4_1mm.ControlRig_Star4_1mm,/Script/Engine.StaticMesh,4666,4666,0,0,19402
/ControlRig/Controls/ControlRig_Star4_3mm.ControlRig_Star4_3mm,/Script/Engine.StaticMesh,4788,4788,0,0,19524
/ControlRig/Controls/ControlRig_Star4_solid.ControlRig_Star4_solid,/Script/Engine.StaticMesh,3867,3867,0,0,15948
/ControlRig/Controls/ControlRig_Triangle_1mm.ControlRig_Triangle_1mm,/Script/Engine.StaticMesh,2987,2987,0,0,10346
/ControlRig/Controls/ControlRig_Triangle_3mm.ControlRig_Triangle_3mm,/Script/Engine.StaticMesh,3004,3004,0,0,10346
/ControlRig/Controls/ControlRig_Triangle_solid.ControlRig_Triangle_solid,/Script/Engine.StaticMesh,2729,2729,0,0,9060
/ControlRig/Controls/ControlRig_Wedge_1mm.ControlRig_Wedge_1mm,/Script/Engine.StaticMesh,75008,75008,0,0,216590
/ControlRig/Controls/ControlRig_Wedge_3mm.ControlRig_Wedge_3mm,/Script/Engine.StaticMesh,70968,70968,0,0,204190
/ControlRig/Controls/ControlRig_Wedge_solid.ControlRig_Wedge_solid,/Script/Engine.StaticMesh,30694,30694,0,0,95110
/Engine/ArtTools/RenderToTexture/Meshes/S_1_Unit_Plane.S_1_Unit_Plane,/Script/Engine.StaticMesh,2008,2008,0,0,6655
/Engine/BasicShapes/Cone.Cone,/Script/Engine.StaticMesh,42305,42305,0,0,152742
/Engine/BasicShapes/Cube.Cube,/Script/Engine.StaticMesh,4719,4719,0,0,133163
/Engine/BasicShapes/Cube1.Cube1,/Script/Engine.StaticMesh,4731,4731,0,0,133171
/Engine/BasicShapes/Cylinder.Cylinder,/Script/Engine.StaticMesh,22138,22138,0,0,179833
/Engine/BasicShapes/Plane.Plane,/Script/Engine.StaticMesh,1865,1865,0,0,10482
/Engine/BasicShapes/Sphere.Sphere,/Script/Engine.StaticMesh,65098,65098,0,0,209659
/Engine/EditorLandscapeResources/SplineEditorMesh.SplineEditorMesh,/Script/Engine.StaticMesh,2099,2099,0,0,11501
/Engine/EditorMeshes/Axis_Guide.Axis_Guide,/Script/Engine.StaticMesh,12236,12236,0,0,39594
/Engine/EditorMeshes/Camera/SM_CraneRig_Arm.SM_CraneRig_Arm,/Script/Engine.StaticMesh,2025,2025,0,0,5953
/Engine/EditorMeshes/Camera/SM_CraneRig_Base.SM_CraneRig_Base,/Script/Engine.StaticMesh,34578,34578,0,0,154957
/Engine/EditorMeshes/Camera/SM_CraneRig_Body.SM_CraneRig_Body,/Script/Engine.StaticMesh,39328,39328,0,0,177888
/Engine/EditorMeshes/Camera/SM_CraneRig_Mount.SM_CraneRig_Mount,/Script/Engine.StaticMesh,7805,7805,0,0,23925
/Engine/EditorMeshes/Camera/SM_RailRig_Mount.SM_RailRig_Mount,/Script/Engine.StaticMesh,42209,42209,0,0,141493
/Engine/EditorMeshes/Camera/SM_RailRig_Track.SM_RailRig_Track,/Script/Engine.StaticMesh,22739,22739,0,0,119931
/Engine/EngineMeshes/Cube.Cube,/Script/Engine.StaticMesh,5002,5002,0,0,206623
/Engine/EngineMeshes/Cylinder.Cylinder,/Script/Engine.StaticMesh,5741,5741,0,0,22543
/Engine/EngineMeshes/Sphere.Sphere,/Script/Engine.StaticMesh,140273,140273,0,0,446626
/Engine/EngineSky/SM_SkySphere.SM_SkySphere,/Script/Engine.StaticMesh,710096,710096,0,0,2061956
/Engine/MapTemplates/SM_Template_Map_Floor.SM_Template_Map_Floor,/Script/Engine.StaticMesh,6047,6047,0,0,235074
/Engine/VREditor/BasicMeshes/SM_Cube_01.SM_Cube_01,/Script/Engine.StaticMesh,31987,31987,0,0,113513
/Engine/VREditor/SnapGrid/SnapGridPlaneMesh.SnapGridPlaneMesh,/Script/Engine.StaticMesh,1458,1458,0,0,3619
/Engine/VREditor/TransformGizmo/BoundingBoxCorner.BoundingBoxCorner,/Script/Engine.StaticMesh,4126,4126,0,0,13126
/Engine/VREditor/TransformGizmo/BoundingBoxEdge.BoundingBoxEdge,/Script/Engine.StaticMesh,2452,2452,0,0,7964
/Engine/VREditor/TransformGizmo/PlaneTranslationHandle.PlaneTranslationHandle,/Script/Engine.StaticMesh,3887,3887,0,0,13900
/Engine/VREditor/TransformGizmo/RotationHandleFull.RotationHandleFull,/Script/Engine.StaticMesh,28793,28793,0,0,144461
/Engine/VREditor/TransformGizmo/RotationHandleIndicator.RotationHandleIndicator,/Script/Engine.StaticMesh,4927,4927,0,0,17751
/Engine/VREditor/TransformGizmo/RotationHandleQuarter.RotationHandleQuarter,/Script/Engine.StaticMesh,11439,11439,0,0,48130
/Engine/VREditor/TransformGizmo/SM_Sequencer_Node.SM_Sequencer_Node,/Script/Engine.StaticMesh,3558,3558,0,0,12824
/Engine/VREditor/TransformGizmo/StartRotationHandleIndicator.StartRotationHandleIndicator,/Script/Engine.StaticMesh,7021,7021,0,0,26377
/Engine/VREditor/TransformGizmo/TransformGizmoFreeRotation.TransformGizmoFreeRotation,/Script/Engine.StaticMesh,610730,610730,0,0,2832416
/Engine/VREditor/TransformGizmo/TranslateArrowHandle.TranslateArrowHandle,/Script/Engine.StaticMesh,5499,5499,0,0,17830
/Engine/VREditor/TransformGizmo/UniformScaleHandle.UniformScaleHandle,/Script/Engine.StaticMesh,3853,3853,0,0,14232
/Game/AFL/Casino/Meshes/Capsules/SM_AFL_LoadoutPod.SM_AFL_LoadoutPod,/Script/Engine.StaticMesh,557204,557204,0,0,978240
/Game/BagMan/Abilities/EMP/Mesh/SM_AFL_EMP_Grenade_v1/StaticMeshes/SM_AFL_EMP_Grenade_v1.SM_AFL_EMP_Grenade_v1,/Script/Engine.StaticMesh,329656,329656,0,0,578396
/Game/BagMan/Characters/Dismember/SM_AFL_RobotArm_Gib.SM_AFL_RobotArm_Gib,/Script/Engine.StaticMesh,575104,575104,0,0,1233006
/Game/BagMan/Characters/Dismember/SM_AFL_RobotHead_Gib.SM_AFL_RobotHead_Gib,/Script/Engine.StaticMesh,304449,304449,0,0,741497
/Game/BagMan/Characters/Dismember/SM_AFL_RobotLeg_Gib.SM_AFL_RobotLeg_Gib,/Script/Engine.StaticMesh,282289,282289,0,0,598670
/Game/BagMan/Equipment/BeamCutter/SM_AFL_BeamCutter.SM_AFL_BeamCutter,/Script/Engine.StaticMesh,4006604,4006604,0,0,9592798
/Game/BagMan/Equipment/Deployables/SM_AFL_ShieldBarrier.SM_AFL_ShieldBarrier,/Script/Engine.StaticMesh,2448913,2448913,0,0,4520903
/Game/BagMan/Equipment/Flak/SM_AFL_Flak.SM_AFL_Flak,/Script/Engine.StaticMesh,3759180,3759180,0,0,7416065
/Game/BagMan/Equipment/Railgun/SM_AFL_Railgun.SM_AFL_Railgun,/Script/Engine.StaticMesh,2261977,2261977,0,0,13873262
/Game/BagMan/Equipment/Seeker/SM_AFL_Seeker.SM_AFL_Seeker,/Script/Engine.StaticMesh,4129242,4129242,0,0,9310007
/Game/BagMan/Equipment/SMG/SM_AFL_SMG.SM_AFL_SMG,/Script/Engine.StaticMesh,2004497,2004497,0,0,4153310
/Game/BagMan/Extraction/Meshes/SM_BagMan_Extractor_Spaceship.SM_BagMan_Extractor_Spaceship,/Script/Engine.StaticMesh,4401789,4401789,0,0,15164499
/Game/BagMan/Extraction/Meshes/SM_BagMan_Extractor_Teleporter.SM_BagMan_Extractor_Teleporter,/Script/Engine.StaticMesh,3710119,3710119,0,0,13138098
/Game/BagMan/Maps/Arena_01/SM_Arena_01_Blockout.SM_Arena_01_Blockout,/Script/Engine.StaticMesh,312912,312912,0,0,3503128
/Game/CyberPunkAssets/Environment01/SM_Barrel03A.SM_Barrel03A,/Script/Engine.StaticMesh,465800,465800,0,0,1158251
/Game/CyberPunkAssets/Environment01/SM_CardBoards01.SM_CardBoards01,/Script/Engine.StaticMesh,4762,4762,0,0,19227
/Game/CyberPunkAssets/Environment01/SM_Column01.SM_Column01,/Script/Engine.StaticMesh,5811,5811,0,0,40925
/Game/CyberPunkAssets/Environment01/SM_CyberCar01.SM_CyberCar01,/Script/Engine.StaticMesh,1948184,1948184,0,0,7953977
/Game/CyberPunkAssets/Environment01/SM_Helicopter01.SM_Helicopter01,/Script/Engine.StaticMesh,577531,577531,0,0,1273604
/Game/DeepWaterStation/Meshes/SM_Container_A01.SM_Container_A01,/Script/Engine.StaticMesh,998486,998486,0,0,2747256
/Game/DeepWaterStation/Meshes/SM_MetalWall07.SM_MetalWall07,/Script/Engine.StaticMesh,395263,395263,0,0,916117
/Game/DeepWaterStation/Meshes/SM_Railings01.SM_Railings01,/Script/Engine.StaticMesh,8328,8328,0,0,30195
/Game/DeepWaterStation/Meshes/SM_Support01.SM_Support01,/Script/Engine.StaticMesh,89534,89534,0,0,263035
/Game/DeepWaterStation/Meshes/SM_Wall10.SM_Wall10,/Script/Engine.StaticMesh,142963,142963,0,0,695247
/Game/Effects/Meshes/box.box,/Script/Engine.StaticMesh,3903,3903,0,0,16970
/Game/Effects/Meshes/BulletShells/SM_pistolshell.SM_pistolshell,/Script/Engine.StaticMesh,5900,5900,0,0,19405
/Game/Effects/Meshes/BulletShells/SM_rifleshell.SM_rifleshell,/Script/Engine.StaticMesh,4224,4224,0,0,10093
/Game/Effects/Meshes/BulletShells/SM_shotgunshell.SM_shotgunshell,/Script/Engine.StaticMesh,6165,6165,0,0,19954
/Game/Effects/Meshes/Cube.Cube,/Script/Engine.StaticMesh,3153,3153,0,0,11477
/Game/Effects/Meshes/Portal/portal_square_unit.portal_square_unit,/Script/Engine.StaticMesh,1406,1406,0,0,3474
/Game/Effects/Meshes/ring.ring,/Script/Engine.StaticMesh,3579,3579,0,0,11828
/Game/Effects/Meshes/Rocks/Debris_Chunk1.Debris_Chunk1,/Script/Engine.StaticMesh,31911,31911,0,0,61769
/Game/Effects/Meshes/Rocks/Debris_Chunk2.Debris_Chunk2,/Script/Engine.StaticMesh,28321,28321,0,0,54581
/Game/Effects/Meshes/Rocks/Debris_Chunk3.Debris_Chunk3,/Script/Engine.StaticMesh,14756,14756,0,0,30141
/Game/Effects/Meshes/Rocks/ultkedqjw_LOD7.ultkedqjw_LOD7,/Script/Engine.StaticMesh,5952,5952,0,0,13466
/Game/LaserFX_BP/Resource/Mesh/SM_AFL_Sphere_Labs.SM_AFL_Sphere_Labs,/Script/Engine.StaticMesh,358294,358294,0,0,940649
/Game/Maps/Duel01/SM_BagMan_Duel01_Dome.SM_BagMan_Duel01_Dome,/Script/Engine.StaticMesh,658067,658067,0,0,1893789
/Game/Maps/Duel01/SM_BagMan_Duel01_Greybox.SM_BagMan_Duel01_Greybox,/Script/Engine.StaticMesh,349969,349969,0,0,3211781
/Game/Sci_FI_Valley_Village/Meshes/Architecture/SM_architecture_prop_01.SM_architecture_prop_01,/Script/Engine.StaticMesh,33977,33977,0,0,172851
/Game/Sci_FI_Valley_Village/Meshes/Architecture/SM_architecture_prop_02.SM_architecture_prop_02,/Script/Engine.StaticMesh,8569,8569,0,0,57556
/Game/Sci_FI_Valley_Village/Meshes/Architecture/SM_architecture_prop_03.SM_architecture_prop_03,/Script/Engine.StaticMesh,8022,8022,0,0,43088
/Game/Sci_FI_Valley_Village/Meshes/Architecture/SM_architecture_prop_04.SM_architecture_prop_04,/Script/Engine.StaticMesh,11044,11044,0,0,48688
/Game/Sci_FI_Valley_Village/Meshes/Architecture/SM_beam.SM_beam,/Script/Engine.StaticMesh,5122,5122,0,0,67260
/Game/Sci_FI_Valley_Village/Meshes/Architecture/SM_fence.SM_fence,/Script/Engine.StaticMesh,212718,212718,0,0,872802
/Game/Sci_FI_Valley_Village/Meshes/Architecture/SM_fence_end.SM_fence_end,/Script/Engine.StaticMesh,70890,70890,0,0,203600
/Game/Sci_FI_Valley_Village/Meshes/Architecture/SM_large_beam.SM_large_beam,/Script/Engine.StaticMesh,114291,114291,0,0,342012
/Game/Sci_FI_Valley_Village/Meshes/Architecture/SM_large_floor.SM_large_floor,/Script/Engine.StaticMesh,73223,73223,0,0,913701
/Game/Sci_FI_Valley_Village/Meshes/Architecture/SM_large_floor_03.SM_large_floor_03,/Script/Engine.StaticMesh,108724,108724,0,0,1352429
/Game/Sci_FI_Valley_Village/Meshes/Architecture/SM_large_floor_04.SM_large_floor_04,/Script/Engine.StaticMesh,118682,118682,0,0,1347584
/Game/Sci_FI_Valley_Village/Meshes/Architecture/SM_small_floor_01.SM_small_floor_01,/Script/Engine.StaticMesh,4221,4221,0,0,38908
/Game/Sci_FI_Valley_Village/Meshes/Cables/SM_cables.SM_cables,/Script/Engine.StaticMesh,305695,305695,0,0,783859
/Game/Sci_FI_Valley_Village/Meshes/Cables/SM_cables_02.SM_cables_02,/Script/Engine.StaticMesh,482712,482712,0,0,1149102
/Game/Sci_FI_Valley_Village/Meshes/Chairs/SM_chair.SM_chair,/Script/Engine.StaticMesh,52571,52571,0,0,146851
/Game/Sci_FI_Valley_Village/Meshes/Chairs/Sm_small_chair.Sm_small_chair,/Script/Engine.StaticMesh,12011,12011,0,0,38535
/Game/Sci_FI_Valley_Village/Meshes/Crates/SM_crate_01.SM_crate_01,/Script/Engine.StaticMesh,112591,112591,0,0,236249
/Game/Sci_FI_Valley_Village/Meshes/Crates/SM_crate_02.SM_crate_02,/Script/Engine.StaticMesh,118960,118960,0,0,248477
/Game/Sci_FI_Valley_Village/Meshes/Detail_house/SM_antenna_01.SM_antenna_01,/Script/Engine.StaticMesh,100087,100087,0,0,270901
/Game/Sci_FI_Valley_Village/Meshes/Detail_house/SM_antenna_02.SM_antenna_02,/Script/Engine.StaticMesh,46104,46104,0,0,100090
/Game/Sci_FI_Valley_Village/Meshes/Detail_house/SM_antenna_03.SM_antenna_03,/Script/Engine.StaticMesh,25067,25067,0,0,65236
/Game/Sci_FI_Valley_Village/Meshes/Detail_house/SM_antenna_04.SM_antenna_04,/Script/Engine.StaticMesh,161059,161059,0,0,398833
/Game/Sci_FI_Valley_Village/Meshes/Detail_house/SM_antenna_base.SM_antenna_base,/Script/Engine.StaticMesh,43766,43766,0,0,128959
/Game/Sci_FI_Valley_Village/Meshes/Detail_house/SM_flap.SM_flap,/Script/Engine.StaticMesh,21225,21225,0,0,73945
/Game/Sci_FI_Valley_Village/Meshes/Door/SM_door_01.SM_door_01,/Script/Engine.StaticMesh,27583,27583,0,0,91072
/Game/Sci_FI_Valley_Village/Meshes/Exterior_pipe/SM_pipe_exterior.SM_pipe_exterior,/Script/Engine.StaticMesh,161787,161787,0,0,2277874
/Game/Sci_FI_Valley_Village/Meshes/Foot_bridge/SM_circular_bridge.SM_circular_bridge,/Script/Engine.StaticMesh,188389,188389,0,0,644972
/Game/Sci_FI_Valley_Village/Meshes/Foot_bridge/SM_foot_bridge_01.SM_foot_bridge_01,/Script/Engine.StaticMesh,12891,12891,0,0,182411
/Game/Sci_FI_Valley_Village/Meshes/Foot_bridge/SM_foot_bridge_02.SM_foot_bridge_02,/Script/Engine.StaticMesh,12818,12818,0,0,182439
/Game/Sci_FI_Valley_Village/Meshes/Ground_mesh/SM_ground_mesh_01.SM_ground_mesh_01,/Script/Engine.StaticMesh,810849,810849,0,0,1659507
/Game/Sci_FI_Valley_Village/Meshes/Ground_mesh/SM_ground_mesh_02.SM_ground_mesh_02,/Script/Engine.StaticMesh,516734,516734,0,0,1088520
/Game/Sci_FI_Valley_Village/Meshes/Ground_rocks/SM_rock_group_01.SM_rock_group_01,/Script/Engine.StaticMesh,678011,678011,0,0,1383063
/Game/Sci_FI_Valley_Village/Meshes/Ground_rocks/SM_rock_group_02.SM_rock_group_02,/Script/Engine.StaticMesh,467503,467503,0,0,1035718
/Game/Sci_FI_Valley_Village/Meshes/Ground_rocks/SM_rock_group_03.SM_rock_group_03,/Script/Engine.StaticMesh,627701,627701,0,0,1354603
/Game/Sci_FI_Valley_Village/Meshes/Ground_rocks/SM_rock_group_04.SM_rock_group_04,/Script/Engine.StaticMesh,1315922,1315922,0,0,2791839
/Game/Sci_FI_Valley_Village/Meshes/Ground_rocks/SM_rock_group_05.SM_rock_group_05,/Script/Engine.StaticMesh,1443958,1443958,0,0,2999876
/Game/Sci_FI_Valley_Village/Meshes/Ground_rocks/SM_rock_group_06.SM_rock_group_06,/Script/Engine.StaticMesh,2008879,2008879,0,0,4205935
/Game/Sci_FI_Valley_Village/Meshes/Ground_rocks/SM_small_rock_01.SM_small_rock_01,/Script/Engine.StaticMesh,40026,40026,0,0,115821
/Game/Sci_FI_Valley_Village/Meshes/Ground_rocks/SM_small_rock_03.SM_small_rock_03,/Script/Engine.StaticMesh,47009,47009,0,0,139149
/Game/Sci_FI_Valley_Village/Meshes/Ground_rocks/SM_small_rock_05.SM_small_rock_05,/Script/Engine.StaticMesh,70346,70346,0,0,183085
/Game/Sci_FI_Valley_Village/Meshes/Ground_rocks/SM_small_rock_07.SM_small_rock_07,/Script/Engine.StaticMesh,42312,42312,0,0,121769
/Game/Sci_FI_Valley_Village/Meshes/Houses/SM_house_01.SM_house_01,/Script/Engine.StaticMesh,703619,703619,0,0,2151052
/Game/Sci_FI_Valley_Village/Meshes/Houses/SM_house_02.SM_house_02,/Script/Engine.StaticMesh,733625,733625,0,0,2249361
/Game/Sci_FI_Valley_Village/Meshes/Houses/SM_house_03.SM_house_03,/Script/Engine.StaticMesh,232763,232763,0,0,563183
/Game/Sci_FI_Valley_Village/Meshes/Houses/SM_rectangular_house.SM_rectangular_house,/Script/Engine.StaticMesh,470494,470494,0,0,881777
/Game/Sci_FI_Valley_Village/Meshes/Houses/SM_silo_01.SM_silo_01,/Script/Engine.StaticMesh,433638,433638,0,0,1780751
/Game/Sci_FI_Valley_Village/Meshes/Houses/SM_silo_02.SM_silo_02,/Script/Engine.StaticMesh,456825,456825,0,0,1880387
/Game/Sci_FI_Valley_Village/Meshes/Houses/SM_silo_03.SM_silo_03,/Script/Engine.StaticMesh,195662,195662,0,0,1022571
/Game/Sci_FI_Valley_Village/Meshes/Lift/SM_lamp.SM_lamp,/Script/Engine.StaticMesh,65708,65708,0,0,171051
/Game/Sci_FI_Valley_Village/Meshes/Lift/SM_lift.SM_lift,/Script/Engine.StaticMesh,147917,147917,0,0,591867
/Game/Sci_FI_Valley_Village/Meshes/Pipes/SM_big_pipe.SM_big_pipe,/Script/Engine.StaticMesh,567759,567759,0,0,3762238
/Game/Sci_FI_Valley_Village/Meshes/Pipes/SM_citern.SM_citern,/Script/Engine.StaticMesh,722600,722600,0,0,2928205
/Game/Sci_FI_Valley_Village/Meshes/Pipes/SM_citern_02.SM_citern_02,/Script/Engine.StaticMesh,748919,748919,0,0,3033748
/Game/Sci_FI_Valley_Village/Meshes/Pipes/SM_hole.SM_hole,/Script/Engine.StaticMesh,149217,149217,0,0,494607
/Game/Sci_FI_Valley_Village/Meshes/Pipes/SM_pipe_01.SM_pipe_01,/Script/Engine.StaticMesh,74981,74981,0,0,172094
/Game/Sci_FI_Valley_Village/Meshes/Pipes/SM_pipe_02.SM_pipe_02,/Script/Engine.StaticMesh,57832,57832,0,0,131676
/Game/Sci_FI_Valley_Village/Meshes/Pipes/SM_pipe_03.SM_pipe_03,/Script/Engine.StaticMesh,80293,80293,0,0,190314
/Game/Sci_FI_Valley_Village/Meshes/Pipes/SM_pipe_04.SM_pipe_04,/Script/Engine.StaticMesh,155872,155872,0,0,355144
/Game/Sci_FI_Valley_Village/Meshes/Pipes/SM_pipe_05.SM_pipe_05,/Script/Engine.StaticMesh,157147,157147,0,0,355412
/Game/Sci_FI_Valley_Village/Meshes/Pipes/SM_pipe_angle.SM_pipe_angle,/Script/Engine.StaticMesh,34337,34337,0,0,72115
/Game/Sci_FI_Valley_Village/Meshes/Pipes/SM_pipe_group_01.SM_pipe_group_01,/Script/Engine.StaticMesh,329554,329554,0,0,1244832
/Game/Sci_FI_Valley_Village/Meshes/Pipes/SM_propeller.SM_propeller,/Script/Engine.StaticMesh,32191,32191,0,0,76386
/Game/Sci_FI_Valley_Village/Meshes/Plants/SM_bush_01.SM_bush_01,/Script/Engine.StaticMesh,530362,530362,0,0,1105272
/Game/Sci_FI_Valley_Village/Meshes/Plants/SM_bush_02.SM_bush_02,/Script/Engine.StaticMesh,25902,25902,0,0,51942
/Game/Sci_FI_Valley_Village/Meshes/Plants/SM_dead_bush.SM_dead_bush,/Script/Engine.StaticMesh,92162,92162,0,0,210559
/Game/Sci_FI_Valley_Village/Meshes/Plants/SM_grass.SM_grass,/Script/Engine.StaticMesh,1845,1845,0,0,7639
/Game/Sci_FI_Valley_Village/Meshes/Plants/SM_grass_02.SM_grass_02,/Script/Engine.StaticMesh,8472,8472,0,0,16944
/Game/Sci_FI_Valley_Village/Meshes/Plants/SM_grass_03.SM_grass_03,/Script/Engine.StaticMesh,7514,7514,0,0,17079
/Game/Sci_FI_Valley_Village/Meshes/Plants/SM_grass_04.SM_grass_04,/Script/Engine.StaticMesh,8556,8556,0,0,19659
/Game/Sci_FI_Valley_Village/Meshes/Plants/SM_tree.SM_tree,/Script/Engine.StaticMesh,2071435,2071435,0,0,4210879
/Game/Sci_FI_Valley_Village/Meshes/Rocks/SM_cliff.SM_cliff,/Script/Engine.StaticMesh,3276152,3276152,0,0,6089009
/Game/Sci_FI_Valley_Village/Meshes/Rocks/SM_rock_01.SM_rock_01,/Script/Engine.StaticMesh,1748307,1748307,0,0,3954152
/Game/Sci_FI_Valley_Village/Meshes/Rocks/SM_rock_02.SM_rock_02,/Script/Engine.StaticMesh,1254484,1254484,0,0,2447528
/Game/Sci_FI_Valley_Village/Meshes/Rocks/SM_rock_03.SM_rock_03,/Script/Engine.StaticMesh,1272075,1272075,0,0,2358195
/Game/Sci_FI_Valley_Village/Meshes/Skybox/SM_SkySphere.SM_SkySphere,/Script/Engine.StaticMesh,42483,42483,0,0,112039
/Game/Sci_FI_Valley_Village/Meshes/Small_houses/SM_small_house_desert.SM_small_house_desert,/Script/Engine.StaticMesh,1143289,1143289,0,0,4639415
/Game/Sci_FI_Valley_Village/Meshes/Smallprops/SM_bottle.SM_bottle,/Script/Engine.StaticMesh,82405,82405,0,0,170884
/Game/Sci_FI_Valley_Village/Meshes/Smallprops/SM_decoration.SM_decoration,/Script/Engine.StaticMesh,168225,168225,0,0,336085
/Game/Sci_FI_Valley_Village/Meshes/Smallprops/SM_decoration_02.SM_decoration_02,/Script/Engine.StaticMesh,49040,49040,0,0,111175
/Game/Sci_FI_Valley_Village/Meshes/Smallprops/SM_decoration_group.SM_decoration_group,/Script/Engine.StaticMesh,475761,475761,0,0,826764
/Game/Sci_FI_Valley_Village/Meshes/Smallprops/SM_device.SM_device,/Script/Engine.StaticMesh,40235,40235,0,0,100623
/Game/Sci_FI_Valley_Village/Meshes/Smallprops/SM_glass.SM_glass,/Script/Engine.StaticMesh,57247,57247,0,0,120811
/Game/Sci_FI_Valley_Village/Meshes/Smallprops/SM_Pillow.SM_Pillow,/Script/Engine.StaticMesh,58341,58341,0,0,112953
/Game/Sci_FI_Valley_Village/Meshes/Smallprops/SM_small_decoration.SM_small_decoration,/Script/Engine.StaticMesh,8553,8553,0,0,33697
/Game/Sci_FI_Valley_Village/Meshes/Spaceship/SM_landing_pad.SM_landing_pad,/Script/Engine.StaticMesh,141368,141368,0,0,597640
/Game/Sci_FI_Valley_Village/Meshes/Spaceship/SM_spaceship_flying.SM_spaceship_flying,/Script/Engine.StaticMesh,1707321,1707321,0,0,5246255
/Game/Sci_FI_Valley_Village/Meshes/Spaceship/SM_spaceship_landed.SM_spaceship_landed,/Script/Engine.StaticMesh,1163524,1163524,0,0,4494065
/Game/Sci_FI_Valley_Village/Meshes/Speeder/SM_speeder.SM_speeder,/Script/Engine.StaticMesh,589750,589750,0,0,1355818
/Game/Sci_FI_Valley_Village/Meshes/Tables/SM_small_table.SM_small_table,/Script/Engine.StaticMesh,32333,32333,0,0,83907
/Game/Sci_FI_Valley_Village/Meshes/Tables/SM_small_table_02.SM_small_table_02,/Script/Engine.StaticMesh,31489,31489,0,0,79869
/Game/Sci_FI_Valley_Village/Meshes/Tables/SM_table.SM_table,/Script/Engine.StaticMesh,48053,48053,0,0,109407
/Game/Sci_FI_Valley_Village/Meshes/Wind_turbine/SM_porpeller_turbine.SM_porpeller_turbine,/Script/Engine.StaticMesh,299263,299263,0,0,701305
/Game/Sci_FI_Valley_Village/Meshes/Wind_turbine/SM_wind_turbine.SM_wind_turbine,/Script/Engine.StaticMesh,490752,490752,0,0,1257027
/Game/Sci_FI_Valley_Village/Meshes/Wind_turbine/SM_wind_turbine_02.SM_wind_turbine_02,/Script/Engine.StaticMesh,463166,463166,0,0,1461007
/Game/Sci_FI_Valley_Village/Meshes/Wind_turbine/SM_wind_turbine_03.SM_wind_turbine_03,/Script/Engine.StaticMesh,459178,459178,0,0,1485888
/Game/ShantyTown/DKO_Widget/Models/SM_Dokyo_01.SM_Dokyo_01,/Script/Engine.StaticMesh,8079,8079,0,0,25544
/Game/ShantyTown/Models/Boats_Docks/SM_Boat_01.SM_Boat_01,/Script/Engine.StaticMesh,177438,177438,0,0,570946
/Game/ShantyTown/Models/Boats_Docks/SM_Boat_Dock_01.SM_Boat_Dock_01,/Script/Engine.StaticMesh,322425,322425,0,0,1115203
/Game/ShantyTown/Models/Boats_Docks/SM_Dock_Archway_01.SM_Dock_Archway_01,/Script/Engine.StaticMesh,34520,34520,0,0,112327
/Game/ShantyTown/Models/Boats_Docks/SM_Dock_Shelter_01.SM_Dock_Shelter_01,/Script/Engine.StaticMesh,257502,257502,0,0,908851
/Game/ShantyTown/Models/Boats_Docks/SM_Dock_Walkway_01.SM_Dock_Walkway_01,/Script/Engine.StaticMesh,233370,233370,0,0,821875
/Game/ShantyTown/Models/Boats_Docks/SM_Dock_Walkway_03.SM_Dock_Walkway_03,/Script/Engine.StaticMesh,296585,296585,0,0,875507
/Game/ShantyTown/Models/Boats_Docks/SM_Dock_Walkway_04.SM_Dock_Walkway_04,/Script/Engine.StaticMesh,63734,63734,0,0,181396
/Game/ShantyTown/Models/Buildings/Doors/SM_Door_01.SM_Door_01,/Script/Engine.StaticMesh,16642,16642,0,0,77459
/Game/ShantyTown/Models/Buildings/Doors/SM_Door_02.SM_Door_02,/Script/Engine.StaticMesh,15602,15602,0,0,67567
/Game/ShantyTown/Models/Buildings/Doors/SM_Door_03.SM_Door_03,/Script/Engine.StaticMesh,15973,15973,0,0,64115
/Game/ShantyTown/Models/Buildings/Floors/SM_Concrete_Floor_Half_01.SM_Concrete_Floor_Half_01,/Script/Engine.StaticMesh,3623,3623,0,0,210252
/Game/ShantyTown/Models/Buildings/Roofs/SM_Chimney_01.SM_Chimney_01,/Script/Engine.StaticMesh,57456,57456,0,0,179269
/Game/ShantyTown/Models/Buildings/Roofs/SM_Roof_Half_01.SM_Roof_Half_01,/Script/Engine.StaticMesh,296364,296364,0,0,1093639
/Game/ShantyTown/Models/Buildings/Roofs/SM_Roof_Half_02.SM_Roof_Half_02,/Script/Engine.StaticMesh,305827,305827,0,0,1142393
/Game/ShantyTown/Models/Buildings/Shelters/SM_Shelter_01.SM_Shelter_01,/Script/Engine.StaticMesh,202342,202342,0,0,717908
/Game/ShantyTown/Models/Buildings/Shelters/SM_Shelter_02.SM_Shelter_02,/Script/Engine.StaticMesh,145775,145775,0,0,663657
/Game/ShantyTown/Models/Buildings/Shelters/SM_Shelter_03.SM_Shelter_03,/Script/Engine.StaticMesh,411124,411124,0,0,1689167
/Game/ShantyTown/Models/Buildings/Shelters/SM_Shelter_04.SM_Shelter_04,/Script/Engine.StaticMesh,109513,109513,0,0,299781
/Game/ShantyTown/Models/Buildings/Shelters/SM_Shelter_05.SM_Shelter_05,/Script/Engine.StaticMesh,55068,55068,0,0,263111
/Game/ShantyTown/Models/Buildings/Stairs/SM_Stairs_01.SM_Stairs_01,/Script/Engine.StaticMesh,166387,166387,0,0,506693
/Game/ShantyTown/Models/Buildings/Stairs/SM_Stairs_02.SM_Stairs_02,/Script/Engine.StaticMesh,181773,181773,0,0,607971
/Game/ShantyTown/Models/Buildings/Walls/Brick/SM_BrickWall_Damage_01.SM_BrickWall_Damage_01,/Script/Engine.StaticMesh,11976,11976,0,0,46558
/Game/ShantyTown/Models/Buildings/Walls/Brick/SM_BrickWall_Half_01.SM_BrickWall_Half_01,/Script/Engine.StaticMesh,3338,3338,0,0,115954
/Game/ShantyTown/Models/Buildings/Walls/Brick/SM_BrickWall_Half_02.SM_BrickWall_Half_02,/Script/Engine.StaticMesh,13675,13675,0,0,134824
/Game/ShantyTown/Models/Buildings/Walls/Metal/SM_Metal_Wall_Half_01.SM_Metal_Wall_Half_01,/Script/Engine.StaticMesh,47279,47279,0,0,240053
/Game/ShantyTown/Models/Buildings/Walls/Metal/SM_Metal_Wall_Half_Door_01.SM_Metal_Wall_Half_Door_01,/Script/Engine.StaticMesh,37085,37085,0,0,219289
/Game/ShantyTown/Models/Buildings/Walls/Metal/SM_Metal_Wall_Half_Window_01.SM_Metal_Wall_Half_Window_01,/Script/Engine.StaticMesh,47195,47195,0,0,248321
/Game/ShantyTown/Models/Buildings/Walls/Metal/SM_Wall_Half_01.SM_Wall_Half_01,/Script/Engine.StaticMesh,21717,21717,0,0,168531
/Game/ShantyTown/Models/Buildings/Walls/Metal/SM_Wall_Half_Door_02.SM_Wall_Half_Door_02,/Script/Engine.StaticMesh,34483,34483,0,0,197699
/Game/ShantyTown/Models/Buildings/Walls/Wood/SM_WoodWall_8th_01.SM_WoodWall_8th_01,/Script/Engine.StaticMesh,10532,10532,0,0,57579
/Game/ShantyTown/Models/Buildings/Walls/Wood/SM_WoodWall_Half_01.SM_WoodWall_Half_01,/Script/Engine.StaticMesh,23651,23651,0,0,167195
/Game/ShantyTown/Models/Buildings/Walls/Wood/SM_WoodWall_Quart_01.SM_WoodWall_Quart_01,/Script/Engine.StaticMesh,14058,14058,0,0,87031
/Game/ShantyTown/Models/Buildings/Walls/Wood/SM_WoodWall_Quart_Door_01.SM_WoodWall_Quart_Door_01,/Script/Engine.StaticMesh,19785,19785,0,0,103795
/Game/ShantyTown/Models/Debris/SM_Brick_01.SM_Brick_01,/Script/Engine.StaticMesh,2532,2532,0,0,9933
/Game/ShantyTown/Models/Debris/SM_Brick_01_A.SM_Brick_01_A,/Script/Engine.StaticMesh,6471,6471,0,0,18341
/Game/ShantyTown/Models/Debris/SM_Brick_01_B.SM_Brick_01_B,/Script/Engine.StaticMesh,6391,6391,0,0,17845
/Game/ShantyTown/Models/Debris/SM_Brick_02.SM_Brick_02,/Script/Engine.StaticMesh,2514,2514,0,0,10055
/Game/ShantyTown/Models/Debris/SM_Brick_02_A.SM_Brick_02_A,/Script/Engine.StaticMesh,7190,7190,0,0,19938
/Game/ShantyTown/Models/Debris/SM_Brick_02_B.SM_Brick_02_B,/Script/Engine.StaticMesh,6800,6800,0,0,17755
/Game/ShantyTown/Models/Debris/SM_Brick_03.SM_Brick_03,/Script/Engine.StaticMesh,8391,8391,0,0,27335
/Game/ShantyTown/Models/Debris/SM_Brick_03_A.SM_Brick_03_A,/Script/Engine.StaticMesh,13122,13122,0,0,37451
/Game/ShantyTown/Models/Debris/SM_Brick_03_B.SM_Brick_03_B,/Script/Engine.StaticMesh,43294,43294,0,0,114801
/Game/ShantyTown/Models/Debris/SM_Brick_03_C.SM_Brick_03_C,/Script/Engine.StaticMesh,41473,41473,0,0,107288
/Game/ShantyTown/Models/Debris/SM_Brick_04.SM_Brick_04,/Script/Engine.StaticMesh,9088,9088,0,0,30911
/Game/ShantyTown/Models/Debris/SM_Brick_04_A.SM_Brick_04_A,/Script/Engine.StaticMesh,21890,21890,0,0,58555
/Game/ShantyTown/Models/Debris/SM_Brick_04_B.SM_Brick_04_B,/Script/Engine.StaticMesh,21010,21010,0,0,56932
/Game/ShantyTown/Models/Debris/SM_Concrete_Block_01.SM_Concrete_Block_01,/Script/Engine.StaticMesh,53132,53132,0,0,137467
/Game/ShantyTown/Models/Debris/SM_Concrete_Block_02.SM_Concrete_Block_02,/Script/Engine.StaticMesh,39241,39241,0,0,92367
/Game/ShantyTown/Models/Debris/SM_Concrete_Damage_Half_01.SM_Concrete_Damage_Half_01,/Script/Engine.StaticMesh,26824,26824,0,0,81812
/Game/ShantyTown/Models/Debris/SM_Floor_Boards_01.SM_Floor_Boards_01,/Script/Engine.StaticMesh,10519,10519,0,0,49753
/Game/ShantyTown/Models/Debris/SM_Stone_Steps_01.SM_Stone_Steps_01,/Script/Engine.StaticMesh,33679,33679,0,0,110946
/Game/ShantyTown/Models/Debris/SM_Tyre_01.SM_Tyre_01,/Script/Engine.StaticMesh,27168,27168,0,0,67539
/Game/ShantyTown/Models/Debris/SM_Tyre_Stack_01.SM_Tyre_Stack_01,/Script/Engine.StaticMesh,97425,97425,0,0,213363
/Game/ShantyTown/Models/Debris/SM_Tyre_Wall_01.SM_Tyre_Wall_01,/Script/Engine.StaticMesh,462720,462720,0,0,976271
/Game/ShantyTown/Models/Debris/SM_Wood_Bundle_01.SM_Wood_Bundle_01,/Script/Engine.StaticMesh,32300,32300,0,0,103595
/Game/ShantyTown/Models/Debris/SM_Wood_Bundle_02.SM_Wood_Bundle_02,/Script/Engine.StaticMesh,16133,16133,0,0,53783
/Game/ShantyTown/Models/Fences/Barb_Wire/SM_Barbwire_Top_Quart_01.SM_Barbwire_Top_Quart_01,/Script/Engine.StaticMesh,38748,38748,0,0,98773
/Game/ShantyTown/Models/Fences/Barb_Wire/SM_Barbwire_Top_Quart_02.SM_Barbwire_Top_Quart_02,/Script/Engine.StaticMesh,17081,17081,0,0,53659
/Game/ShantyTown/Models/Fences/Brick/SM_LowBrickWall_Half_01.SM_LowBrickWall_Half_01,/Script/Engine.StaticMesh,20579,20579,0,0,103195
/Game/ShantyTown/Models/Fences/Brick/SM_LowBrickWall_Quart_01.SM_LowBrickWall_Quart_01,/Script/Engine.StaticMesh,12542,12542,0,0,56143
/Game/ShantyTown/Models/Fences/Chain_Link/SM_Chain_Fence_01.SM_Chain_Fence_01,/Script/Engine.StaticMesh,15667,15667,0,0,159710
/Game/ShantyTown/Models/Fences/Chain_Link/SM_Chain_Fence_03.SM_Chain_Fence_03,/Script/Engine.StaticMesh,183404,183404,0,0,549632
/Game/ShantyTown/Models/Fences/Chain_Link/SM_Chain_Fence_Broken_Half_01.SM_Chain_Fence_Broken_Half_01,/Script/Engine.StaticMesh,63609,63609,0,0,185898
/Game/ShantyTown/Models/Fences/Chain_Link/SM_Chain_Fence_Half_01.SM_Chain_Fence_Half_01,/Script/Engine.StaticMesh,11788,11788,0,0,96318
/Game/ShantyTown/Models/Fences/Chain_Link/SM_Chain_Fence_Half_02.SM_Chain_Fence_Half_02,/Script/Engine.StaticMesh,75518,75518,0,0,269396
/Game/ShantyTown/Models/Fences/Metal/SM_Metal_Fence_01.SM_Metal_Fence_01,/Script/Engine.StaticMesh,54575,54575,0,0,229557
/Game/ShantyTown/Models/Fences/Metal/SM_Metal_Fence_Half_01.SM_Metal_Fence_Half_01,/Script/Engine.StaticMesh,30592,30592,0,0,124941
/Game/ShantyTown/Models/Fences/Metal/SM_Metal_Fence_Half_02.SM_Metal_Fence_Half_02,/Script/Engine.StaticMesh,37191,37191,0,0,136329
/Game/ShantyTown/Models/Fences/Palm/SM_Fence_Palm_01.SM_Fence_Palm_01,/Script/Engine.StaticMesh,81567,81567,0,0,187727
/Game/ShantyTown/Models/Fences/Palm/SM_Fence_Palm_Post_01.SM_Fence_Palm_Post_01,/Script/Engine.StaticMesh,4973,4973,0,0,13535
/Game/ShantyTown/Models/Fences/Wood/SM_Wooden_Fence_Half_01.SM_Wooden_Fence_Half_01,/Script/Engine.StaticMesh,20401,20401,0,0,62997
/Game/ShantyTown/Models/Fences/Wood/SM_Wooden_Fence_Half_02.SM_Wooden_Fence_Half_02,/Script/Engine.StaticMesh,25971,25971,0,0,86203
/Game/ShantyTown/Models/Foliage/Bushes/SM_Plant_02.SM_Plant_02,/Script/Engine.StaticMesh,368796,368796,0,0,717896
/Game/ShantyTown/Models/Foliage/Grass/SM_Grass_01.SM_Grass_01,/Script/Engine.StaticMesh,121831,121831,0,0,236270
/Game/ShantyTown/Models/Foliage/Plants/SM_Greater_Plantain_01.SM_Greater_Plantain_01,/Script/Engine.StaticMesh,9086,9086,0,0,31803
/Game/ShantyTown/Models/Foliage/Plants/SM_Ivy_Corner_01.SM_Ivy_Corner_01,/Script/Engine.StaticMesh,44276,44276,0,0,93184
/Game/ShantyTown/Models/Foliage/Plants/SM_Pineapple_Mayweed_01.SM_Pineapple_Mayweed_01,/Script/Engine.StaticMesh,17121,17121,0,0,48939
/Game/ShantyTown/Models/Foliage/Plants/SM_Red_Clover_01.SM_Red_Clover_01,/Script/Engine.StaticMesh,13653,13653,0,0,38869
/Game/ShantyTown/Models/Foliage/Plants/SM_Red_Clover_02.SM_Red_Clover_02,/Script/Engine.StaticMesh,23472,23472,0,0,62648
/Game/ShantyTown/Models/Foliage/Plants/SM_Ribwort_Plantain_01.SM_Ribwort_Plantain_01,/Script/Engine.StaticMesh,48195,48195,0,0,117583
/Game/ShantyTown/Models/Foliage/Plants/SM_White_Clover_01.SM_White_Clover_01,/Script/Engine.StaticMesh,17093,17093,0,0,49225
/Game/ShantyTown/Models/Foliage/Trees/SM_Large_Tree_01.SM_Large_Tree_01,/Script/Engine.StaticMesh,2126303,2126303,0,0,3911601
/Game/ShantyTown/Models/Foliage/Trees/SM_Palm_Tree_01.SM_Palm_Tree_01,/Script/Engine.StaticMesh,804674,804674,0,0,1782717
/Game/ShantyTown/Models/Foliage/Trees/SM_Palm_Tree_02.SM_Palm_Tree_02,/Script/Engine.StaticMesh,622527,622527,0,0,1377612
/Game/ShantyTown/Models/Foliage/Trees/SM_Palm_Tree_Small_01.SM_Palm_Tree_Small_01,/Script/Engine.StaticMesh,556853,556853,0,0,1311286
/Game/ShantyTown/Models/Foliage/Trees/SM_Palm_Tree_Small_02.SM_Palm_Tree_Small_02,/Script/Engine.StaticMesh,280071,280071,0,0,667170
/Game/ShantyTown/Models/Foliage/Trees/SM_Small_Tree_01.SM_Small_Tree_01,/Script/Engine.StaticMesh,652845,652845,0,0,1351921
/Game/ShantyTown/Models/Metal_Sheets/SM_Iron_Sheet_10.SM_Iron_Sheet_10,/Script/Engine.StaticMesh,39875,39875,0,0,105335
/Game/ShantyTown/Models/Metal_Sheets/SM_Iron_Sheet_02.SM_Iron_Sheet_02,/Script/Engine.StaticMesh,21452,21452,0,0,101175
/Game/ShantyTown/Models/Metal_Sheets/SM_Iron_Sheet_03.SM_Iron_Sheet_03,/Script/Engine.StaticMesh,19873,19873,0,0,70159
/Game/ShantyTown/Models/Metal_Sheets/SM_Iron_Sheet_05.SM_Iron_Sheet_05,/Script/Engine.StaticMesh,37316,37316,0,0,104819
/Game/ShantyTown/Models/Metal_Sheets/SM_Iron_Sheet_06.SM_Iron_Sheet_06,/Script/Engine.StaticMesh,4700,4700,0,0,31341
/Game/ShantyTown/Models/Metal_Sheets/SM_Iron_Sheet_07.SM_Iron_Sheet_07,/Script/Engine.StaticMesh,5291,5291,0,0,30823
/Game/ShantyTown/Models/Metal_Sheets/SM_Iron_Sheet_08.SM_Iron_Sheet_08,/Script/Engine.StaticMesh,52594,52594,0,0,151313
/Game/ShantyTown/Models/Metal_Sheets/SM_Iron_Sheet_09.SM_Iron_Sheet_09,/Script/Engine.StaticMesh,16778,16778,0,0,71379
/Game/ShantyTown/Models/Misc/SM_River_01.SM_River_01,/Script/Engine.StaticMesh,1967,1967,0,0,5371
/Game/ShantyTown/Models/Misc/SM_Road_01.SM_Road_01,/Script/Engine.StaticMesh,76551,76551,0,0,434837
/Game/ShantyTown/Models/Misc/SM_Shore_Waves_01.SM_Shore_Waves_01,/Script/Engine.StaticMesh,1899,1899,0,0,12269
/Game/ShantyTown/Models/Misc/SM_Water_Blockade_01.SM_Water_Blockade_01,/Script/Engine.StaticMesh,156288,156288,0,0,1245443
/Game/ShantyTown/Models/Mountains/SM_Mountain_01.SM_Mountain_01,/Script/Engine.StaticMesh,1199703,1199703,0,0,2211614
/Game/ShantyTown/Models/Mountains/SM_Mountain_03.SM_Mountain_03,/Script/Engine.StaticMesh,1373218,1373218,0,0,2499882
/Game/ShantyTown/Models/Posts/SM_Bamboo_01.SM_Bamboo_01,/Script/Engine.StaticMesh,3489,3489,0,0,14129
/Game/ShantyTown/Models/Posts/SM_Bamboo_02.SM_Bamboo_02,/Script/Engine.StaticMesh,4634,4634,0,0,16877
/Game/ShantyTown/Models/Posts/SM_Concrete_Post_01.SM_Concrete_Post_01,/Script/Engine.StaticMesh,2231,2231,0,0,15069
/Game/ShantyTown/Models/Posts/SM_Concrete_Post_V_01.SM_Concrete_Post_V_01,/Script/Engine.StaticMesh,2252,2252,0,0,15061
/Game/ShantyTown/Models/Posts/SM_Concrete_Post_V_Damage_01.SM_Concrete_Post_V_Damage_01,/Script/Engine.StaticMesh,48467,48467,0,0,145981
/Game/ShantyTown/Models/Posts/SM_Concrete_Post_V_Half_Damage_01.SM_Concrete_Post_V_Half_Damage_01,/Script/Engine.StaticMesh,40079,40079,0,0,96705
/Game/ShantyTown/Models/Posts/SM_Concrete_Post_V_Half_Damage_02.SM_Concrete_Post_V_Half_Damage_02,/Script/Engine.StaticMesh,19362,19362,0,0,63213
/Game/ShantyTown/Models/Power_Poles/SM_Cables_01.SM_Cables_01,/Script/Engine.StaticMesh,49674,49674,0,0,147201
/Game/ShantyTown/Models/Power_Poles/SM_Cables_03.SM_Cables_03,/Script/Engine.StaticMesh,139996,139996,0,0,407101
/Game/ShantyTown/Models/Power_Poles/SM_Power_Pole_01.SM_Power_Pole_01,/Script/Engine.StaticMesh,593913,593913,0,0,1650947
/Game/ShantyTown/Models/Power_Poles/SM_Power_Pole_02.SM_Power_Pole_02,/Script/Engine.StaticMesh,332204,332204,0,0,989585
/Game/ShantyTown/Models/Power_Poles/SM_Power_Pole_03.SM_Power_Pole_03,/Script/Engine.StaticMesh,189162,189162,0,0,647309
/Game/ShantyTown/Models/Power_Poles/SM_Power_Pole_04.SM_Power_Pole_04,/Script/Engine.StaticMesh,418453,418453,0,0,1187003
/Game/ShantyTown/Models/Rocks/SM_Debris_Small_01.SM_Debris_Small_01,/Script/Engine.StaticMesh,8139,8139,0,0,19632
/Game/ShantyTown/Models/Rocks/SM_Rock_Face_01.SM_Rock_Face_01,/Script/Engine.StaticMesh,659412,659412,0,0,1778035
/Game/ShantyTown/Models/Rocks/SM_Rocks_Small_01.SM_Rocks_Small_01,/Script/Engine.StaticMesh,7363,7363,0,0,18140
/Game/ShantyTown/Models/Rocks/SM_Rocks_Small_02.SM_Rocks_Small_02,/Script/Engine.StaticMesh,6491,6491,0,0,18444
/Game/SpaceshipInterior/Meshes/SM_Scifi_Bag.SM_Scifi_Bag,/Script/Engine.StaticMesh,67228,67228,0,0,138920
/Game/SpaceshipInterior/Meshes/SM_Scifi_Cable_01.SM_Scifi_Cable_01,/Script/Engine.StaticMesh,133371,133371,0,0,353985
/Game/SpaceshipInterior/Meshes/SM_Scifi_Cable_02.SM_Scifi_Cable_02,/Script/Engine.StaticMesh,14965,14965,0,0,45514
/Game/SpaceshipInterior/Meshes/SM_Scifi_Chair.SM_Scifi_Chair,/Script/Engine.StaticMesh,188912,188912,0,0,387744
/Game/SpaceshipInterior/Meshes/SM_Scifi_Crate.SM_Scifi_Crate,/Script/Engine.StaticMesh,8374,8374,0,0,139903
/Game/SpaceshipInterior/Meshes/SM_Scifi_Door_01.SM_Scifi_Door_01,/Script/Engine.StaticMesh,159966,159966,0,0,1297919
/Game/SpaceshipInterior/Meshes/SM_Scifi_Door_02.SM_Scifi_Door_02,/Script/Engine.StaticMesh,12238,12238,0,0,77111
/Game/SpaceshipInterior/Meshes/SM_Scifi_Door_02_Frame.SM_Scifi_Door_02_Frame,/Script/Engine.StaticMesh,18780,18780,0,0,115908
/Game/SpaceshipInterior/Meshes/SM_Scifi_Fence_01.SM_Scifi_Fence_01,/Script/Engine.StaticMesh,11317,11317,0,0,190335
/Game/SpaceshipInterior/Meshes/SM_Scifi_Fence_01_Frame.SM_Scifi_Fence_01_Frame,/Script/Engine.StaticMesh,11350,11350,0,0,115587
/Game/SpaceshipInterior/Meshes/SM_Scifi_Fence_02.SM_Scifi_Fence_02,/Script/Engine.StaticMesh,18878,18878,0,0,175872
/Game/SpaceshipInterior/Meshes/SM_Scifi_Fence_02_Frame.SM_Scifi_Fence_02_Frame,/Script/Engine.StaticMesh,21122,21122,0,0,125608
/Game/SpaceshipInterior/Meshes/SM_Scifi_Floor_02.SM_Scifi_Floor_02,/Script/Engine.StaticMesh,3292,3292,0,0,141706
/Game/SpaceshipInterior/Meshes/SM_Scifi_Floor_02_8m.SM_Scifi_Floor_02_8m,/Script/Engine.StaticMesh,4608,4608,0,0,231230
/Game/SpaceshipInterior/Meshes/SM_Scifi_Floor_02_Half.SM_Scifi_Floor_02_Half,/Script/Engine.StaticMesh,4296,4296,0,0,98492
/Game/SpaceshipInterior/Meshes/SM_Scifi_Floor_03.SM_Scifi_Floor_03,/Script/Engine.StaticMesh,8681,8681,0,0,57967
/Game/SpaceshipInterior/Meshes/SM_Scifi_Floor_03_4m.SM_Scifi_Floor_03_4m,/Script/Engine.StaticMesh,8863,8863,0,0,107565
/Game/SpaceshipInterior/Meshes/SM_Scifi_Floor_04_Base.SM_Scifi_Floor_04_Base,/Script/Engine.StaticMesh,3549,3549,0,0,94308
/Game/SpaceshipInterior/Meshes/SM_Scifi_Floor_04_Dark.SM_Scifi_Floor_04_Dark,/Script/Engine.StaticMesh,3210,3210,0,0,68848
/Game/SpaceshipInterior/Meshes/SM_Scifi_Floor_04_Small.SM_Scifi_Floor_04_Small,/Script/Engine.StaticMesh,2732,2732,0,0,30812
/Game/SpaceshipInterior/Meshes/SM_Scifi_Floor_Halfcut.SM_Scifi_Floor_Halfcut,/Script/Engine.StaticMesh,9748,9748,0,0,110330
/Game/SpaceshipInterior/Meshes/SM_Scifi_Hangar_Floor.SM_Scifi_Hangar_Floor,/Script/Engine.StaticMesh,23276,23276,0,0,404951
/Game/SpaceshipInterior/Meshes/SM_Scifi_Hangingrope.SM_Scifi_Hangingrope,/Script/Engine.StaticMesh,190058,190058,0,0,489959
/Game/SpaceshipInterior/Meshes/SM_Scifi_Lamp.SM_Scifi_Lamp,/Script/Engine.StaticMesh,11458,11458,0,0,38997
/Game/SpaceshipInterior/Meshes/SM_Scifi_Net.SM_Scifi_Net,/Script/Engine.StaticMesh,61641,61641,0,0,312874
/Game/SpaceshipInterior/Meshes/SM_Scifi_Panel_01.SM_Scifi_Panel_01,/Script/Engine.StaticMesh,140714,140714,0,0,901884
/Game/SpaceshipInterior/Meshes/SM_Scifi_Panel_02.SM_Scifi_Panel_02,/Script/Engine.StaticMesh,55286,55286,0,0,549001
/Game/SpaceshipInterior/Meshes/SM_Scifi_Pillar_01.SM_Scifi_Pillar_01,/Script/Engine.StaticMesh,18794,18794,0,0,274564
/Game/SpaceshipInterior/Meshes/SM_Scifi_Pillar_01_Topbeam.SM_Scifi_Pillar_01_Topbeam,/Script/Engine.StaticMesh,47767,47767,0,0,248420
/Game/SpaceshipInterior/Meshes/SM_Scifi_Pipe_01_5m.SM_Scifi_Pipe_01_5m,/Script/Engine.StaticMesh,7039,7039,0,0,95157
/Game/SpaceshipInterior/Meshes/SM_Scifi_Pipe_01_8m.SM_Scifi_Pipe_01_8m,/Script/Engine.StaticMesh,7786,7786,0,0,118449
/Game/SpaceshipInterior/Meshes/SM_Scifi_Pipe_01_Bend.SM_Scifi_Pipe_01_Bend,/Script/Engine.StaticMesh,77866,77866,0,0,227282
/Game/SpaceshipInterior/Meshes/SM_Scifi_Pipe_02.SM_Scifi_Pipe_02,/Script/Engine.StaticMesh,4696,4696,0,0,26529
/Game/SpaceshipInterior/Meshes/SM_Scifi_Pipe_02_4m.SM_Scifi_Pipe_02_4m,/Script/Engine.StaticMesh,4677,4677,0,0,23949
/Game/SpaceshipInterior/Meshes/SM_Scifi_Pipe_02_Bend.SM_Scifi_Pipe_02_Bend,/Script/Engine.StaticMesh,52515,52515,0,0,134948
/Game/SpaceshipInterior/Meshes/SM_Scifi_Pipe_02_BendSmal.SM_Scifi_Pipe_02_BendSmal,/Script/Engine.StaticMesh,25580,25580,0,0,64606
/Game/SpaceshipInterior/Meshes/SM_Scifi_Railing_4m.SM_Scifi_Railing_4m,/Script/Engine.StaticMesh,38791,38791,0,0,116788
/Game/SpaceshipInterior/Meshes/SM_Scifi_Stairs.SM_Scifi_Stairs,/Script/Engine.StaticMesh,170955,170955,0,0,1021147
/Game/SpaceshipInterior/Meshes/SM_Scifi_Wall_01_Plate.SM_Scifi_Wall_01_Plate,/Script/Engine.StaticMesh,13988,13988,0,0,241006
/Game/SpaceshipInterior/Meshes/SM_Scifi_Wall_02_Lowerbase_Base.SM_Scifi_Wall_02_Lowerbase_Base,/Script/Engine.StaticMesh,8227,8227,0,0,139433
/Game/SpaceshipInterior/Meshes/SM_Scifi_Wall_03_12m.SM_Scifi_Wall_03_12m,/Script/Engine.StaticMesh,24754,24754,0,0,419176
/Game/SpaceshipInterior/Meshes/SM_Scifi_Wall_04.SM_Scifi_Wall_04,/Script/Engine.StaticMesh,12237,12237,0,0,243691
/Game/SpaceshipInterior/Meshes/SM_Scifi_Wall_04_Bend.SM_Scifi_Wall_04_Bend,/Script/Engine.StaticMesh,122416,122416,0,0,892831
/Game/SpaceshipInterior/Meshes/SM_Scifi_Wall_05_4m.SM_Scifi_Wall_05_4m,/Script/Engine.StaticMesh,15875,15875,0,0,124229
/Game/SpaceshipInterior/Meshes/SM_Scifi_Wall_05_Plate.SM_Scifi_Wall_05_Plate,/Script/Engine.StaticMesh,4422,4422,0,0,56692
/Game/SpaceshipInterior/Meshes/SM_Scifi_Wall_Trim_6m.SM_Scifi_Wall_Trim_6m,/Script/Engine.StaticMesh,2759,2759,0,0,32195
/Game/SpaceshipInterior/Meshes/SM_Scifi_Wall_Upperdoor.SM_Scifi_Wall_Upperdoor,/Script/Engine.StaticMesh,17781,17781,0,0,227502
/Game/SpaceshipInterior/Meshes/SM_Scifi_Window_Arc_01.SM_Scifi_Window_Arc_01,/Script/Engine.StaticMesh,89823,89823,0,0,489591
/Game/SpaceshipInterior/Meshes/SM_Scifi_Window_Arc_02.SM_Scifi_Window_Arc_02,/Script/Engine.StaticMesh,42096,42096,0,0,155763
/Game/UI/Menu/Art/Emblem3D/SM_IRONICS_Emblem.SM_IRONICS_Emblem,/Script/Engine.StaticMesh,480962,480962,0,0,947133
/Game/Weapons/Grenade/Mesh/SM_grenade.SM_grenade,/Script/Engine.StaticMesh,55367,55367,0,0,106146
/Game/Weapons/Healthpack/Mesh/SM_healthpackFull.SM_healthpackFull,/Script/Engine.StaticMesh,125837,125837,0,0,404158
/Game/Weapons/Healthpack/Mesh/SM_healthpackPart.SM_healthpackPart,/Script/Engine.StaticMesh,42458,42458,0,0,123800
/Game/Weapons/Mesh/Attachment/SM_Holographic_Scope.SM_Holographic_Scope,/Script/Engine.StaticMesh,115368,115368,0,0,306824
/Game/Weapons/Mesh/Attachment/SM_Square_Suppressor_Barrel.SM_Square_Suppressor_Barrel,/Script/Engine.StaticMesh,43892,43892,0,0,123759
/Game/Weapons/Mesh/Other/SM_GrenadeLauncher.SM_GrenadeLauncher,/Script/Engine.StaticMesh,398548,398548,0,0,1238071
/Game/Weapons/Pistol/Mesh/SM_Pistol.SM_Pistol,/Script/Engine.StaticMesh,134757,134757,0,0,253571
/Game/Weapons/Rifle/Mesh/SM_Rifle.SM_Rifle,/Script/Engine.StaticMesh,377723,377723,0,0,758019
/Game/Weapons/Shotgun/Mesh/SM_Shotgun.SM_Shotgun,/Script/Engine.StaticMesh,542541,542541,0,0,1079523
/Game/Weapons/Spawnpad/Mesh/SM_launchpad_Hex.SM_launchpad_Hex,/Script/Engine.StaticMesh,26785,26785,0,0,65739
/Game/Weapons/Spawnpad/Mesh/SM_launchpad_Round.SM_launchpad_Round,/Script/Engine.StaticMesh,56305,56305,0,0,119198
/Game/Weapons/Spawnpad/Mesh/SM_launchpad_Square.SM_launchpad_Square,/Script/Engine.StaticMesh,19275,19275,0,0,54654
/Landmass/Landscape/Meshes/S_SpritePlane.S_SpritePlane,/Script/Engine.StaticMesh,2072,2072,0,0,6695
/MediaPlate/SM_MediaPlateScreen.SM_MediaPlateScreen,/Script/Engine.StaticMesh,1623,1623,0,0,10478
/MetaHumanCharacter/Controls/SM_MetaHuman_Faceboard_2x.SM_MetaHuman_Faceboard_2x,/Script/Engine.StaticMesh,629578,629578,0,0,2111405
/MetaHumanCharacter/Controls/SM_MetaHuman_Faceboard_Convergence.SM_MetaHuman_Faceboard_Convergence,/Script/Engine.StaticMesh,103403,103403,0,0,350572
/MetaHumanCharacter/Controls/SM_MetaHuman_Faceboard_FollowGrp.SM_MetaHuman_Faceboard_FollowGrp,/Script/Engine.StaticMesh,44975,44975,0,0,164176
/nDisplay/LightCard/SM_LightCardPlane.SM_LightCardPlane,/Script/Engine.StaticMesh,1305,1305,0,0,3323
/nDisplay/LightCard/SM_UVIndicator.SM_UVIndicator,/Script/Engine.StaticMesh,1686,1686,0,0,4613
/nDisplay/Meshes/plane_hd_1x1.plane_hd_1x1,/Script/Engine.StaticMesh,1807,1807,0,0,5674
/nDisplay/Meshes/SM_IcoSphere.SM_IcoSphere,/Script/Engine.StaticMesh,214101,214101,0,0,517532
/Niagara/DefaultAssets/S_Gnomon.S_Gnomon,/Script/Engine.StaticMesh,12147,12147,0,0,41779
/ShooterCore/Effects/Mesh/capturepoint_ring_corner.capturepoint_ring_corner,/Script/Engine.StaticMesh,6948,6948,0,0,32264
/ShooterExplorer/Meshes/Gyms/SM_stairs_1.SM_stairs_1,/Script/Engine.StaticMesh,30621,30621,0,0,1167302
/ShooterMaps/Meshes/Convolution_Blockout/Mesh__08803D.Mesh__08803D,/Script/Engine.StaticMesh,26784,26784,0,0,1438808
/ShooterMaps/Meshes/Convolution_Blockout/Mesh__0FA9DE.Mesh__0FA9DE,/Script/Engine.StaticMesh,25311,25311,0,0,245521
/ShooterMaps/Meshes/Convolution_Blockout/Mesh__13072C.Mesh__13072C,/Script/Engine.StaticMesh,48129,48129,0,0,530707
/ShooterMaps/Meshes/Convolution_Blockout/Mesh__150F7B.Mesh__150F7B,/Script/Engine.StaticMesh,55620,55620,0,0,1014087
/ShooterMaps/Meshes/Convolution_Blockout/MeshA_17F7D1.MeshA_17F7D1,/Script/Engine.StaticMesh,12704,12704,0,0,87125
/ShooterMaps/Meshes/Convolution_Blockout/MeshA_1EAE54.MeshA_1EAE54,/Script/Engine.StaticMesh,47935,47935,0,0,446389
/ShooterMaps/Meshes/Convolution_Blockout/MeshA_236ED6.MeshA_236ED6,/Script/Engine.StaticMesh,32020,32020,0,0,178385
/ShooterMaps/Meshes/Convolution_Blockout/MeshA_26DCF6.MeshA_26DCF6,/Script/Engine.StaticMesh,33736,33736,0,0,169697
/ShooterMaps/Meshes/Convolution_Blockout/MeshA_2B2BFB.MeshA_2B2BFB,/Script/Engine.StaticMesh,148253,148253,0,0,659461
/ShooterMaps/Meshes/Convolution_Blockout/MeshA_42F814.MeshA_42F814,/Script/Engine.StaticMesh,138815,138815,0,0,760297
/ShooterMaps/Meshes/Convolution_Blockout/MeshA_468CEA.MeshA_468CEA,/Script/Engine.StaticMesh,6601,6601,0,0,108373
/ShooterMaps/Meshes/Convolution_Blockout/MeshA_4B79A0.MeshA_4B79A0,/Script/Engine.StaticMesh,578922,578922,0,0,2633539
/ShooterMaps/Meshes/Convolution_Blockout/MeshA_4C179E.MeshA_4C179E,/Script/Engine.StaticMesh,18737,18737,0,0,449017
/ShooterMaps/Meshes/Convolution_Blockout/MeshA_51F752.MeshA_51F752,/Script/Engine.StaticMesh,195811,195811,0,0,974989
/ShooterMaps/Meshes/Convolution_Blockout/MeshA_528CED.MeshA_528CED,/Script/Engine.StaticMesh,476188,476188,0,0,2204921
/ShooterMaps/Meshes/Convolution_Blockout/MeshA_53AD96.MeshA_53AD96,/Script/Engine.StaticMesh,466304,466304,0,0,2600457
/ShooterMaps/Meshes/Convolution_Blockout/MeshA_53C696.MeshA_53C696,/Script/Engine.StaticMesh,178046,178046,0,0,1747053
/ShooterMaps/Meshes/Convolution_Blockout/MeshA_544E7E.MeshA_544E7E,/Script/Engine.StaticMesh,69112,69112,0,0,552649
/ShooterMaps/Meshes/Convolution_Blockout/MeshA_5E0D13.MeshA_5E0D13,/Script/Engine.StaticMesh,122389,122389,0,0,1046271
/ShooterMaps/Meshes/Convolution_Blockout/MeshA_6A6823.MeshA_6A6823,/Script/Engine.StaticMesh,33493,33493,0,0,142841
/ShooterMaps/Meshes/Convolution_Blockout/MeshA_761D63.MeshA_761D63,/Script/Engine.StaticMesh,155142,155142,0,0,658157
/ShooterMaps/Meshes/Convolution_Blockout/MeshA_7C4B2B.MeshA_7C4B2B,/Script/Engine.StaticMesh,50200,50200,0,0,1404793
/ShooterMaps/Meshes/Convolution_Blockout/MeshA_7EB701.MeshA_7EB701,/Script/Engine.StaticMesh,21177,21177,0,0,306171
/ShooterMaps/Meshes/Convolution_Blockout/MeshA_898E56.MeshA_898E56,/Script/Engine.StaticMesh,62481,62481,0,0,362927
/ShooterMaps/Meshes/Convolution_Blockout/MeshA_8FCD15.MeshA_8FCD15,/Script/Engine.StaticMesh,36255,36255,0,0,173868
/ShooterMaps/Meshes/Convolution_Blockout/MeshA_931D72.MeshA_931D72,/Script/Engine.StaticMesh,247389,247389,0,0,1663989
/ShooterMaps/Meshes/Convolution_Blockout/MeshA_98BFC7.MeshA_98BFC7,/Script/Engine.StaticMesh,83467,83467,0,0,758533
/ShooterMaps/Meshes/Convolution_Blockout/MeshA_9CD4DD.MeshA_9CD4DD,/Script/Engine.StaticMesh,156152,156152,0,0,796561
/ShooterMaps/Meshes/Convolution_Blockout/MeshA_9E0475.MeshA_9E0475,/Script/Engine.StaticMesh,11366,11366,0,0,51111
/ShooterMaps/Meshes/Convolution_Blockout/MeshA__1155CE.MeshA__1155CE,/Script/Engine.StaticMesh,49033,49033,0,0,214354
/ShooterMaps/Meshes/Convolution_Blockout/MeshA__2AE6C2.MeshA__2AE6C2,/Script/Engine.StaticMesh,22082,22082,0,0,191067
/ShooterMaps/Meshes/Convolution_Blockout/MeshA__85DCA1.MeshA__85DCA1,/Script/Engine.StaticMesh,11910,11910,0,0,55676
/ShooterMaps/Meshes/Convolution_Blockout/MeshA__8CD6AB.MeshA__8CD6AB,/Script/Engine.StaticMesh,15371,15371,0,0,67814
/ShooterMaps/Meshes/Convolution_Blockout/MeshA__C44FF5.MeshA__C44FF5,/Script/Engine.StaticMesh,5065,5065,0,0,235597
/ShooterMaps/Meshes/Convolution_Blockout/MeshA__D24D1A.MeshA__D24D1A,/Script/Engine.StaticMesh,81030,81030,0,0,377189
/ShooterMaps/Meshes/Convolution_Blockout/MeshA__DDFE44.MeshA__DDFE44,/Script/Engine.StaticMesh,24458,24458,0,0,520415
/ShooterMaps/Meshes/Convolution_Blockout/MeshA_A0E610.MeshA_A0E610,/Script/Engine.StaticMesh,59646,59646,0,0,268092
/ShooterMaps/Meshes/Convolution_Blockout/MeshA_AECA18.MeshA_AECA18,/Script/Engine.StaticMesh,53848,53848,0,0,576365
/ShooterMaps/Meshes/Convolution_Blockout/MeshA_B85A18.MeshA_B85A18,/Script/Engine.StaticMesh,216097,216097,0,0,1118469
/ShooterMaps/Meshes/Convolution_Blockout/MeshA_C223AB.MeshA_C223AB,/Script/Engine.StaticMesh,244308,244308,0,0,1967197
/ShooterMaps/Meshes/Convolution_Blockout/MeshA_C5D66C.MeshA_C5D66C,/Script/Engine.StaticMesh,12184,12184,0,0,93721
/ShooterMaps/Meshes/Convolution_Blockout/MeshA_DDDFE0.MeshA_DDDFE0,/Script/Engine.StaticMesh,43543,43543,0,0,266133
/ShooterMaps/Meshes/Convolution_Blockout/MeshA_DEF968.MeshA_DEF968,/Script/Engine.StaticMesh,37854,37854,0,0,179177
/ShooterMaps/Meshes/Convolution_Blockout/MeshA_E09F18.MeshA_E09F18,/Script/Engine.StaticMesh,259378,259378,0,0,1669665
/ShooterMaps/Meshes/Convolution_Blockout/MeshA_EF0433.MeshA_EF0433,/Script/Engine.StaticMesh,11212,11212,0,0,88911
/ShooterMaps/Meshes/Convolution_Blockout/MeshA_F323C3.MeshA_F323C3,/Script/Engine.StaticMesh,36061,36061,0,0,181180
/ShooterMaps/Meshes/Convolution_Blockout/MeshA_FCCF96.MeshA_FCCF96,/Script/Engine.StaticMesh,27911,27911,0,0,207473
/ShooterMaps/Meshes/Convolution_Blockout/MeshA_FE219F.MeshA_FE219F,/Script/Engine.StaticMesh,58372,58372,0,0,493369
/ShooterMaps/Meshes/Expanse/Mesh_A_2_00B92E.Mesh_A_2_00B92E,/Script/Engine.StaticMesh,23583,23583,0,0,1366834
/ShooterMaps/Meshes/Expanse/Mesh_A_2_01308C.Mesh_A_2_01308C,/Script/Engine.StaticMesh,3858,3858,0,0,30103
/ShooterMaps/Meshes/Expanse/Mesh_A_2_029CA5.Mesh_A_2_029CA5,/Script/Engine.StaticMesh,28769,28769,0,0,87080
/ShooterMaps/Meshes/Expanse/Mesh_A_2_02F4BA.Mesh_A_2_02F4BA,/Script/Engine.StaticMesh,24021,24021,0,0,265951
/ShooterMaps/Meshes/Expanse/Mesh_A_2_03EDC5.Mesh_A_2_03EDC5,/Script/Engine.StaticMesh,46903,46903,0,0,522326
/ShooterMaps/Meshes/Expanse/Mesh_A_2_040F71.Mesh_A_2_040F71,/Script/Engine.StaticMesh,16062,16062,0,0,86622
/ShooterMaps/Meshes/Expanse/Mesh_A_2_05663B.Mesh_A_2_05663B,/Script/Engine.StaticMesh,36134,36134,0,0,149818
/ShooterMaps/Meshes/Expanse/Mesh_A_2_09FF96.Mesh_A_2_09FF96,/Script/Engine.StaticMesh,21299,21299,0,0,127451
/ShooterMaps/Meshes/Expanse/Mesh_A_2_0B044F.Mesh_A_2_0B044F,/Script/Engine.StaticMesh,18734,18734,0,0,183713
/ShooterMaps/Meshes/Expanse/Mesh_A_2_0B5F2E.Mesh_A_2_0B5F2E,/Script/Engine.StaticMesh,23412,23412,0,0,285856
/ShooterMaps/Meshes/Expanse/Mesh_A_2_0B8D9F.Mesh_A_2_0B8D9F,/Script/Engine.StaticMesh,19292,19292,0,0,188914
/ShooterMaps/Meshes/Expanse/Mesh_A_2_0DFFED.Mesh_A_2_0DFFED,/Script/Engine.StaticMesh,45012,45012,0,0,490898
/ShooterMaps/Meshes/Expanse/Mesh_A_2_0E1544.Mesh_A_2_0E1544,/Script/Engine.StaticMesh,44848,44848,0,0,558052
/ShooterMaps/Meshes/Expanse/Mesh_A_2_0E6029.Mesh_A_2_0E6029,/Script/Engine.StaticMesh,25395,25395,0,0,80586
/ShooterMaps/Meshes/Expanse/Mesh_A_2_0ED3A2.Mesh_A_2_0ED3A2,/Script/Engine.StaticMesh,29686,29686,0,0,122976
/ShooterMaps/Meshes/Expanse/Mesh_A_2_0EE11E.Mesh_A_2_0EE11E,/Script/Engine.StaticMesh,34022,34022,0,0,259491
/ShooterMaps/Meshes/Expanse/Mesh_A_2_0F7966.Mesh_A_2_0F7966,/Script/Engine.StaticMesh,35352,35352,0,0,513274
/ShooterMaps/Meshes/Expanse/Mesh_A_2_0F799A.Mesh_A_2_0F799A,/Script/Engine.StaticMesh,11080,11080,0,0,195878
/ShooterMaps/Meshes/Expanse/Mesh_A_2_1016B8.Mesh_A_2_1016B8,/Script/Engine.StaticMesh,12511,12511,0,0,229110
/ShooterMaps/Meshes/Expanse/Mesh_A_2_12F2EB.Mesh_A_2_12F2EB,/Script/Engine.StaticMesh,30871,30871,0,0,220602
/ShooterMaps/Meshes/Expanse/Mesh_A_2_16ABA8.Mesh_A_2_16ABA8,/Script/Engine.StaticMesh,31832,31832,0,0,256156
/ShooterMaps/Meshes/Expanse/Mesh_A_2_16E57E.Mesh_A_2_16E57E,/Script/Engine.StaticMesh,50112,50112,0,0,142051
/ShooterMaps/Meshes/Expanse/Mesh_A_2_18A49A.Mesh_A_2_18A49A,/Script/Engine.StaticMesh,30568,30568,0,0,223950
/ShooterMaps/Meshes/Expanse/Mesh_A_2_18CF0C.Mesh_A_2_18CF0C,/Script/Engine.StaticMesh,22133,22133,0,0,161030
/ShooterMaps/Meshes/Expanse/Mesh_A_2_1A1A13.Mesh_A_2_1A1A13,/Script/Engine.StaticMesh,21248,21248,0,0,148405
/ShooterMaps/Meshes/Expanse/Mesh_A_2_1A257F.Mesh_A_2_1A257F,/Script/Engine.StaticMesh,37392,37392,0,0,226560
/ShooterMaps/Meshes/Expanse/Mesh_A_2_1AC7F7.Mesh_A_2_1AC7F7,/Script/Engine.StaticMesh,14891,14891,0,0,127046
/ShooterMaps/Meshes/Expanse/Mesh_A_2_1D0ED8.Mesh_A_2_1D0ED8,/Script/Engine.StaticMesh,21299,21299,0,0,89550
/ShooterMaps/Meshes/Expanse/Mesh_A_2_1E58A3.Mesh_A_2_1E58A3,/Script/Engine.StaticMesh,69348,69348,0,0,451666
/ShooterMaps/Meshes/Expanse/Mesh_A_2_1ECB09.Mesh_A_2_1ECB09,/Script/Engine.StaticMesh,44043,44043,0,0,173419
/ShooterMaps/Meshes/Expanse/Mesh_A_2_1EE512.Mesh_A_2_1EE512,/Script/Engine.StaticMesh,33323,33323,0,0,298535
/ShooterMaps/Meshes/Expanse/Mesh_A_2_219EDE.Mesh_A_2_219EDE,/Script/Engine.StaticMesh,65315,65315,0,0,303872
/ShooterMaps/Meshes/Expanse/Mesh_A_2_24B46A.Mesh_A_2_24B46A,/Script/Engine.StaticMesh,56939,56939,0,0,262378
/ShooterMaps/Meshes/Expanse/Mesh_A_2_25BB70.Mesh_A_2_25BB70,/Script/Engine.StaticMesh,22302,22302,0,0,110078
/ShooterMaps/Meshes/Expanse/Mesh_A_2_25F7B2.Mesh_A_2_25F7B2,/Script/Engine.StaticMesh,16202,16202,0,0,109470
/ShooterMaps/Meshes/Expanse/Mesh_A_2_285D49.Mesh_A_2_285D49,/Script/Engine.StaticMesh,25201,25201,0,0,211100
/ShooterMaps/Meshes/Expanse/Mesh_A_2_287C2A.Mesh_A_2_287C2A,/Script/Engine.StaticMesh,18099,18099,0,0,144146
/ShooterMaps/Meshes/Expanse/Mesh_A_2_28A2AC.Mesh_A_2_28A2AC,/Script/Engine.StaticMesh,18106,18106,0,0,153786
/ShooterMaps/Meshes/Expanse/Mesh_A_2_28DD2C.Mesh_A_2_28DD2C,/Script/Engine.StaticMesh,50075,50075,0,0,409234
/ShooterMaps/Meshes/Expanse/Mesh_A_2_29959A.Mesh_A_2_29959A,/Script/Engine.StaticMesh,22202,22202,0,0,242496
/ShooterMaps/Meshes/Expanse/Mesh_A_2_2C0BF7.Mesh_A_2_2C0BF7,/Script/Engine.StaticMesh,7009,7009,0,0,406678
/ShooterMaps/Meshes/Expanse/Mesh_A_2_2C9F67.Mesh_A_2_2C9F67,/Script/Engine.StaticMesh,39474,39474,0,0,225277
/ShooterMaps/Meshes/Expanse/Mesh_A_2_2D6CAC.Mesh_A_2_2D6CAC,/Script/Engine.StaticMesh,24797,24797,0,0,206832
/ShooterMaps/Meshes/Expanse/Mesh_A_2_2E79BE.Mesh_A_2_2E79BE,/Script/Engine.StaticMesh,5488,5488,0,0,42364
/ShooterMaps/Meshes/Expanse/Mesh_A_2_300D10.Mesh_A_2_300D10,/Script/Engine.StaticMesh,18217,18217,0,0,132638
/ShooterMaps/Meshes/Expanse/Mesh_A_2_300F08.Mesh_A_2_300F08,/Script/Engine.StaticMesh,47435,47435,0,0,978519
/ShooterMaps/Meshes/Expanse/Mesh_A_2_30182F.Mesh_A_2_30182F,/Script/Engine.StaticMesh,11412,11412,0,0,56648
/ShooterMaps/Meshes/Expanse/Mesh_A_2_30E606.Mesh_A_2_30E606,/Script/Engine.StaticMesh,20351,20351,0,0,105166
/ShooterMaps/Meshes/Expanse/Mesh_A_2_31388C.Mesh_A_2_31388C,/Script/Engine.StaticMesh,22514,22514,0,0,241552
/ShooterMaps/Meshes/Expanse/Mesh_A_2_3204DD.Mesh_A_2_3204DD,/Script/Engine.StaticMesh,21775,21775,0,0,167954
/ShooterMaps/Meshes/Expanse/Mesh_A_2_36AA2A.Mesh_A_2_36AA2A,/Script/Engine.StaticMesh,11846,11846,0,0,138089
/ShooterMaps/Meshes/Expanse/Mesh_A_2_381B24.Mesh_A_2_381B24,/Script/Engine.StaticMesh,155485,155485,0,0,767201
/ShooterMaps/Meshes/Expanse/Mesh_A_2_3863E3.Mesh_A_2_3863E3,/Script/Engine.StaticMesh,21619,21619,0,0,400994
/ShooterMaps/Meshes/Expanse/Mesh_A_2_390AC5.Mesh_A_2_390AC5,/Script/Engine.StaticMesh,20081,20081,0,0,159822
/ShooterMaps/Meshes/Expanse/Mesh_A_2_3A9D55.Mesh_A_2_3A9D55,/Script/Engine.StaticMesh,45438,45438,0,0,522463
/ShooterMaps/Meshes/Expanse/Mesh_A_2_3B823E.Mesh_A_2_3B823E,/Script/Engine.StaticMesh,23381,23381,0,0,194068
/ShooterMaps/Meshes/Expanse/Mesh_A_2_3BFC77.Mesh_A_2_3BFC77,/Script/Engine.StaticMesh,26121,26121,0,0,572186
/ShooterMaps/Meshes/Expanse/Mesh_A_2_3C3D27.Mesh_A_2_3C3D27,/Script/Engine.StaticMesh,21052,21052,0,0,84253
/ShooterMaps/Meshes/Expanse/Mesh_A_2_3C64E8.Mesh_A_2_3C64E8,/Script/Engine.StaticMesh,117307,117307,0,0,1133156
/ShooterMaps/Meshes/Expanse/Mesh_A_2_3F085E.Mesh_A_2_3F085E,/Script/Engine.StaticMesh,14155,14155,0,0,173340
/ShooterMaps/Meshes/Expanse/Mesh_A_2_3F45BD.Mesh_A_2_3F45BD,/Script/Engine.StaticMesh,12310,12310,0,0,188295
/ShooterMaps/Meshes/Expanse/Mesh_A_2_40429E.Mesh_A_2_40429E,/Script/Engine.StaticMesh,68749,68749,0,0,420744
/ShooterMaps/Meshes/Expanse/Mesh_A_2_40987B.Mesh_A_2_40987B,/Script/Engine.StaticMesh,4382,4382,0,0,102343
/ShooterMaps/Meshes/Expanse/Mesh_A_2_412B3D.Mesh_A_2_412B3D,/Script/Engine.StaticMesh,17933,17933,0,0,176766
/ShooterMaps/Meshes/Expanse/Mesh_A_2_42BFF1.Mesh_A_2_42BFF1,/Script/Engine.StaticMesh,22088,22088,0,0,178580
/ShooterMaps/Meshes/Expanse/Mesh_A_2_435A42.Mesh_A_2_435A42,/Script/Engine.StaticMesh,50997,50997,0,0,283508
/ShooterMaps/Meshes/Expanse/Mesh_A_2_44EBD6.Mesh_A_2_44EBD6,/Script/Engine.StaticMesh,90094,90094,0,0,414138
/ShooterMaps/Meshes/Expanse/Mesh_A_2_46A34E.Mesh_A_2_46A34E,/Script/Engine.StaticMesh,19232,19232,0,0,189167
/ShooterMaps/Meshes/Expanse/Mesh_A_2_46ACC7.Mesh_A_2_46ACC7,/Script/Engine.StaticMesh,46017,46017,0,0,520479
/ShooterMaps/Meshes/Expanse/Mesh_A_2_47675F.Mesh_A_2_47675F,/Script/Engine.StaticMesh,11539,11539,0,0,224739
/ShooterMaps/Meshes/Expanse/Mesh_A_2_4791EE.Mesh_A_2_4791EE,/Script/Engine.StaticMesh,109884,109884,0,0,602147
/ShooterMaps/Meshes/Expanse/Mesh_A_2_47DB7C.Mesh_A_2_47DB7C,/Script/Engine.StaticMesh,17081,17081,0,0,93460
/ShooterMaps/Meshes/Expanse/Mesh_A_2_4935AE.Mesh_A_2_4935AE,/Script/Engine.StaticMesh,18391,18391,0,0,241855
/ShooterMaps/Meshes/Expanse/Mesh_A_2_4B5953.Mesh_A_2_4B5953,/Script/Engine.StaticMesh,90384,90384,0,0,406190
/ShooterMaps/Meshes/Expanse/Mesh_A_2_4B645A.Mesh_A_2_4B645A,/Script/Engine.StaticMesh,20983,20983,0,0,118580
/ShooterMaps/Meshes/Expanse/Mesh_A_2_4C3618.Mesh_A_2_4C3618,/Script/Engine.StaticMesh,40523,40523,0,0,145667
/ShooterMaps/Meshes/Expanse/Mesh_A_2_4DBC05.Mesh_A_2_4DBC05,/Script/Engine.StaticMesh,70364,70364,0,0,326986
/ShooterMaps/Meshes/Expanse/Mesh_A_2_4E3294.Mesh_A_2_4E3294,/Script/Engine.StaticMesh,27413,27413,0,0,114348
/ShooterMaps/Meshes/Expanse/Mesh_A_2_4EA8AE.Mesh_A_2_4EA8AE,/Script/Engine.StaticMesh,4550,4550,0,0,39525
/ShooterMaps/Meshes/Expanse/Mesh_A_2_5028E3.Mesh_A_2_5028E3,/Script/Engine.StaticMesh,29230,29230,0,0,84170
/ShooterMaps/Meshes/Expanse/Mesh_A_2_515FD9.Mesh_A_2_515FD9,/Script/Engine.StaticMesh,29776,29776,0,0,643240
/ShooterMaps/Meshes/Expanse/Mesh_A_2_518C36.Mesh_A_2_518C36,/Script/Engine.StaticMesh,17442,17442,0,0,173523
/ShooterMaps/Meshes/Expanse/Mesh_A_2_519C61.Mesh_A_2_519C61,/Script/Engine.StaticMesh,39116,39116,0,0,415477
/ShooterMaps/Meshes/Expanse/Mesh_A_2_54094D.Mesh_A_2_54094D,/Script/Engine.StaticMesh,56323,56323,0,0,260572
/ShooterMaps/Meshes/Expanse/Mesh_A_2_541EAC.Mesh_A_2_541EAC,/Script/Engine.StaticMesh,10070,10070,0,0,114935
/ShooterMaps/Meshes/Expanse/Mesh_A_2_544E9B.Mesh_A_2_544E9B,/Script/Engine.StaticMesh,9160,9160,0,0,96890
/ShooterMaps/Meshes/Expanse/Mesh_A_2_548D6B.Mesh_A_2_548D6B,/Script/Engine.StaticMesh,8479,8479,0,0,30543
/ShooterMaps/Meshes/Expanse/Mesh_A_2_565B55.Mesh_A_2_565B55,/Script/Engine.StaticMesh,72617,72617,0,0,289138
/ShooterMaps/Meshes/Expanse/Mesh_A_2_57D463.Mesh_A_2_57D463,/Script/Engine.StaticMesh,72674,72674,0,0,1600847
/ShooterMaps/Meshes/Expanse/Mesh_A_2_57FA6B.Mesh_A_2_57FA6B,/Script/Engine.StaticMesh,22607,22607,0,0,139545
/ShooterMaps/Meshes/Expanse/Mesh_A_2_58DDD6.Mesh_A_2_58DDD6,/Script/Engine.StaticMesh,11443,11443,0,0,94892
/ShooterMaps/Meshes/Expanse/Mesh_A_2_5A3D39.Mesh_A_2_5A3D39,/Script/Engine.StaticMesh,10607,10607,0,0,110814
/ShooterMaps/Meshes/Expanse/Mesh_A_2_5B464C.Mesh_A_2_5B464C,/Script/Engine.StaticMesh,27067,27067,0,0,489273
/ShooterMaps/Meshes/Expanse/Mesh_A_2_5B848E.Mesh_A_2_5B848E,/Script/Engine.StaticMesh,80712,80712,0,0,740391
/ShooterMaps/Meshes/Expanse/Mesh_A_2_5C9C02.Mesh_A_2_5C9C02,/Script/Engine.StaticMesh,11474,11474,0,0,101582
/ShooterMaps/Meshes/Expanse/Mesh_A_2_5CC092.Mesh_A_2_5CC092,/Script/Engine.StaticMesh,4368,4368,0,0,53151
/ShooterMaps/Meshes/Expanse/Mesh_A_2_5D0865.Mesh_A_2_5D0865,/Script/Engine.StaticMesh,13519,13519,0,0,52876
/ShooterMaps/Meshes/Expanse/Mesh_A_2_5D2634.Mesh_A_2_5D2634,/Script/Engine.StaticMesh,25482,25482,0,0,69245
/ShooterMaps/Meshes/Expanse/Mesh_A_2_5E608F.Mesh_A_2_5E608F,/Script/Engine.StaticMesh,7385,7385,0,0,46348
/ShooterMaps/Meshes/Expanse/Mesh_A_2_5E7B8E.Mesh_A_2_5E7B8E,/Script/Engine.StaticMesh,10465,10465,0,0,50270
/ShooterMaps/Meshes/Expanse/Mesh_A_2_5FC924.Mesh_A_2_5FC924,/Script/Engine.StaticMesh,6991,6991,0,0,38261
/ShooterMaps/Meshes/Expanse/Mesh_A_2_602A69.Mesh_A_2_602A69,/Script/Engine.StaticMesh,21797,21797,0,0,172587
/ShooterMaps/Meshes/Expanse/Mesh_A_2_6091BB.Mesh_A_2_6091BB,/Script/Engine.StaticMesh,21956,21956,0,0,119858
/ShooterMaps/Meshes/Expanse/Mesh_A_2_6150F1.Mesh_A_2_6150F1,/Script/Engine.StaticMesh,72883,72883,0,0,396122
/ShooterMaps/Meshes/Expanse/Mesh_A_2_6183EC.Mesh_A_2_6183EC,/Script/Engine.StaticMesh,44798,44798,0,0,558244
/ShooterMaps/Meshes/Expanse/Mesh_A_2_6263F1.Mesh_A_2_6263F1,/Script/Engine.StaticMesh,22558,22558,0,0,78278
/ShooterMaps/Meshes/Expanse/Mesh_A_2_626D04.Mesh_A_2_626D04,/Script/Engine.StaticMesh,38202,38202,0,0,171162
/ShooterMaps/Meshes/Expanse/Mesh_A_2_62EDBC.Mesh_A_2_62EDBC,/Script/Engine.StaticMesh,25014,25014,0,0,266467
/ShooterMaps/Meshes/Expanse/Mesh_A_2_6475C0.Mesh_A_2_6475C0,/Script/Engine.StaticMesh,15945,15945,0,0,85092
/ShooterMaps/Meshes/Expanse/Mesh_A_2_64C304.Mesh_A_2_64C304,/Script/Engine.StaticMesh,25953,25953,0,0,270596
/ShooterMaps/Meshes/Expanse/Mesh_A_2_6533F5.Mesh_A_2_6533F5,/Script/Engine.StaticMesh,25869,25869,0,0,71606
/ShooterMaps/Meshes/Expanse/Mesh_A_2_668B4D.Mesh_A_2_668B4D,/Script/Engine.StaticMesh,3838,3838,0,0,30391
/ShooterMaps/Meshes/Expanse/Mesh_A_2_66D8ED.Mesh_A_2_66D8ED,/Script/Engine.StaticMesh,37873,37873,0,0,145965
/ShooterMaps/Meshes/Expanse/Mesh_A_2_674F70.Mesh_A_2_674F70,/Script/Engine.StaticMesh,10177,10177,0,0,53451
/ShooterMaps/Meshes/Expanse/Mesh_A_2_6755C8.Mesh_A_2_6755C8,/Script/Engine.StaticMesh,31108,31108,0,0,164309
/ShooterMaps/Meshes/Expanse/Mesh_A_2_68F12D.Mesh_A_2_68F12D,/Script/Engine.StaticMesh,28019,28019,0,0,203274
/ShooterMaps/Meshes/Expanse/Mesh_A_2_6A12A8.Mesh_A_2_6A12A8,/Script/Engine.StaticMesh,11331,11331,0,0,147079
/ShooterMaps/Meshes/Expanse/Mesh_A_2_6AA72B.Mesh_A_2_6AA72B,/Script/Engine.StaticMesh,17710,17710,0,0,704718
/ShooterMaps/Meshes/Expanse/Mesh_A_2_6C9462.Mesh_A_2_6C9462,/Script/Engine.StaticMesh,20561,20561,0,0,133451
/ShooterMaps/Meshes/Expanse/Mesh_A_2_6D8992.Mesh_A_2_6D8992,/Script/Engine.StaticMesh,17620,17620,0,0,295618
/ShooterMaps/Meshes/Expanse/Mesh_A_2_6DD0A5.Mesh_A_2_6DD0A5,/Script/Engine.StaticMesh,31089,31089,0,0,164898
/ShooterMaps/Meshes/Expanse/Mesh_A_2_6DDB71.Mesh_A_2_6DDB71,/Script/Engine.StaticMesh,11278,11278,0,0,44648
/ShooterMaps/Meshes/Expanse/Mesh_A_2_6E6D31.Mesh_A_2_6E6D31,/Script/Engine.StaticMesh,17877,17877,0,0,298246
/ShooterMaps/Meshes/Expanse/Mesh_A_2_6EC5BE.Mesh_A_2_6EC5BE,/Script/Engine.StaticMesh,7349,7349,0,0,37182
/ShooterMaps/Meshes/Expanse/Mesh_A_2_71F876.Mesh_A_2_71F876,/Script/Engine.StaticMesh,14966,14966,0,0,108628
/ShooterMaps/Meshes/Expanse/Mesh_A_2_7350B6.Mesh_A_2_7350B6,/Script/Engine.StaticMesh,21840,21840,0,0,135068
/ShooterMaps/Meshes/Expanse/Mesh_A_2_7386B9.Mesh_A_2_7386B9,/Script/Engine.StaticMesh,6333,6333,0,0,37085
/ShooterMaps/Meshes/Expanse/Mesh_A_2_73BCB5.Mesh_A_2_73BCB5,/Script/Engine.StaticMesh,3844,3844,0,0,30085
/ShooterMaps/Meshes/Expanse/Mesh_A_2_75A15E.Mesh_A_2_75A15E,/Script/Engine.StaticMesh,37877,37877,0,0,386971
/ShooterMaps/Meshes/Expanse/Mesh_A_2_75A17D.Mesh_A_2_75A17D,/Script/Engine.StaticMesh,30192,30192,0,0,190863
/ShooterMaps/Meshes/Expanse/Mesh_A_2_75A517.Mesh_A_2_75A517,/Script/Engine.StaticMesh,4077,4077,0,0,17207
/ShooterMaps/Meshes/Expanse/Mesh_A_2_75CE0F.Mesh_A_2_75CE0F,/Script/Engine.StaticMesh,12618,12618,0,0,166182
/ShooterMaps/Meshes/Expanse/Mesh_A_2_76B214.Mesh_A_2_76B214,/Script/Engine.StaticMesh,24228,24228,0,0,446448
/ShooterMaps/Meshes/Expanse/Mesh_A_2_778EF5.Mesh_A_2_778EF5,/Script/Engine.StaticMesh,4998,4998,0,0,148414
/ShooterMaps/Meshes/Expanse/Mesh_A_2_7869F3.Mesh_A_2_7869F3,/Script/Engine.StaticMesh,3848,3848,0,0,30085
/ShooterMaps/Meshes/Expanse/Mesh_A_2_7AAD47.Mesh_A_2_7AAD47,/Script/Engine.StaticMesh,25896,25896,0,0,118549
/ShooterMaps/Meshes/Expanse/Mesh_A_2_7B0F50.Mesh_A_2_7B0F50,/Script/Engine.StaticMesh,5774,5774,0,0,90701
/ShooterMaps/Meshes/Expanse/Mesh_A_2_7B75E5.Mesh_A_2_7B75E5,/Script/Engine.StaticMesh,11257,11257,0,0,145077
/ShooterMaps/Meshes/Expanse/Mesh_A_2_7C67E5.Mesh_A_2_7C67E5,/Script/Engine.StaticMesh,11133,11133,0,0,52406
/ShooterMaps/Meshes/Expanse/Mesh_A_2_7DA053.Mesh_A_2_7DA053,/Script/Engine.StaticMesh,49290,49290,0,0,334879
/ShooterMaps/Meshes/Expanse/Mesh_A_2_7E1711.Mesh_A_2_7E1711,/Script/Engine.StaticMesh,58553,58553,0,0,436802
/ShooterMaps/Meshes/Expanse/Mesh_A_2_7E1EFF.Mesh_A_2_7E1EFF,/Script/Engine.StaticMesh,45139,45139,0,0,472637
/ShooterMaps/Meshes/Expanse/Mesh_A_2_82557F.Mesh_A_2_82557F,/Script/Engine.StaticMesh,77108,77108,0,0,341250
/ShooterMaps/Meshes/Expanse/Mesh_A_2_82FBB8.Mesh_A_2_82FBB8,/Script/Engine.StaticMesh,16217,16217,0,0,276175
/ShooterMaps/Meshes/Expanse/Mesh_A_2_8352AC.Mesh_A_2_8352AC,/Script/Engine.StaticMesh,3840,3840,0,0,30103
/ShooterMaps/Meshes/Expanse/Mesh_A_2_863DA2.Mesh_A_2_863DA2,/Script/Engine.StaticMesh,17233,17233,0,0,107091
/ShooterMaps/Meshes/Expanse/Mesh_A_2_86B8FC.Mesh_A_2_86B8FC,/Script/Engine.StaticMesh,28290,28290,0,0,214719
/ShooterMaps/Meshes/Expanse/Mesh_A_2_87783F.Mesh_A_2_87783F,/Script/Engine.StaticMesh,7015,7015,0,0,23067
/ShooterMaps/Meshes/Expanse/Mesh_A_2_87DE16.Mesh_A_2_87DE16,/Script/Engine.StaticMesh,11143,11143,0,0,132590
/ShooterMaps/Meshes/Expanse/Mesh_A_2_88BCCF.Mesh_A_2_88BCCF,/Script/Engine.StaticMesh,18447,18447,0,0,92330
/ShooterMaps/Meshes/Expanse/Mesh_A_2_8C8BA9.Mesh_A_2_8C8BA9,/Script/Engine.StaticMesh,3833,3833,0,0,24409
/ShooterMaps/Meshes/Expanse/Mesh_A_2_8FB4DA.Mesh_A_2_8FB4DA,/Script/Engine.StaticMesh,36176,36176,0,0,146527
/ShooterMaps/Meshes/Expanse/Mesh_A_2_90A919.Mesh_A_2_90A919,/Script/Engine.StaticMesh,28381,28381,0,0,229130
/ShooterMaps/Meshes/Expanse/Mesh_A_2_914EFE.Mesh_A_2_914EFE,/Script/Engine.StaticMesh,6496,6496,0,0,272245
/ShooterMaps/Meshes/Expanse/Mesh_A_2_93E969.Mesh_A_2_93E969,/Script/Engine.StaticMesh,16065,16065,0,0,573592
/ShooterMaps/Meshes/Expanse/Mesh_A_2_94ED4E.Mesh_A_2_94ED4E,/Script/Engine.StaticMesh,7497,7497,0,0,63133
/ShooterMaps/Meshes/Expanse/Mesh_A_2_967D3A.Mesh_A_2_967D3A,/Script/Engine.StaticMesh,17671,17671,0,0,90948
/ShooterMaps/Meshes/Expanse/Mesh_A_2_96C65A.Mesh_A_2_96C65A,/Script/Engine.StaticMesh,27914,27914,0,0,94947
/ShooterMaps/Meshes/Expanse/Mesh_A_2_9940C7.Mesh_A_2_9940C7,/Script/Engine.StaticMesh,20686,20686,0,0,178950
/ShooterMaps/Meshes/Expanse/Mesh_A_2_9964B7.Mesh_A_2_9964B7,/Script/Engine.StaticMesh,23187,23187,0,0,265823
/ShooterMaps/Meshes/Expanse/Mesh_A_2_99A201.Mesh_A_2_99A201,/Script/Engine.StaticMesh,26163,26163,0,0,98802
/ShooterMaps/Meshes/Expanse/Mesh_A_2_99AF90.Mesh_A_2_99AF90,/Script/Engine.StaticMesh,23785,23785,0,0,76274
/ShooterMaps/Meshes/Expanse/Mesh_A_2_9AA6C7.Mesh_A_2_9AA6C7,/Script/Engine.StaticMesh,119650,119650,0,0,515764
/ShooterMaps/Meshes/Expanse/Mesh_A_2_9AA9E2.Mesh_A_2_9AA9E2,/Script/Engine.StaticMesh,20261,20261,0,0,125320
/ShooterMaps/Meshes/Expanse/Mesh_A_2_9AC198.Mesh_A_2_9AC198,/Script/Engine.StaticMesh,51123,51123,0,0,340265
/ShooterMaps/Meshes/Expanse/Mesh_A_2_9C7ACC.Mesh_A_2_9C7ACC,/Script/Engine.StaticMesh,6763,6763,0,0,272237
/ShooterMaps/Meshes/Expanse/Mesh_A_2_9C9CCA.Mesh_A_2_9C9CCA,/Script/Engine.StaticMesh,20122,20122,0,0,115100
/ShooterMaps/Meshes/Expanse/Mesh_A_2_9CD27F.Mesh_A_2_9CD27F,/Script/Engine.StaticMesh,16588,16588,0,0,121659
/ShooterMaps/Meshes/Expanse/Mesh_A_2_9D2FA2.Mesh_A_2_9D2FA2,/Script/Engine.StaticMesh,40191,40191,0,0,141247
/ShooterMaps/Meshes/Expanse/Mesh_A_2_9E4FA3.Mesh_A_2_9E4FA3,/Script/Engine.StaticMesh,10868,10868,0,0,104177
/ShooterMaps/Meshes/Expanse/Mesh_A_2_A14CD1.Mesh_A_2_A14CD1,/Script/Engine.StaticMesh,13149,13149,0,0,196950
/ShooterMaps/Meshes/Expanse/Mesh_A_2_A23660.Mesh_A_2_A23660,/Script/Engine.StaticMesh,3877,3877,0,0,27523
/ShooterMaps/Meshes/Expanse/Mesh_A_2_A35EAD.Mesh_A_2_A35EAD,/Script/Engine.StaticMesh,17854,17854,0,0,75912
/ShooterMaps/Meshes/Expanse/Mesh_A_2_A522DA.Mesh_A_2_A522DA,/Script/Engine.StaticMesh,48901,48901,0,0,884499
/ShooterMaps/Meshes/Expanse/Mesh_A_2_A5F894.Mesh_A_2_A5F894,/Script/Engine.StaticMesh,25737,25737,0,0,118465
/ShooterMaps/Meshes/Expanse/Mesh_A_2_A66FC6.Mesh_A_2_A66FC6,/Script/Engine.StaticMesh,20486,20486,0,0,132796
/ShooterMaps/Meshes/Expanse/Mesh_A_2_A6AC56.Mesh_A_2_A6AC56,/Script/Engine.StaticMesh,48860,48860,0,0,204835
/ShooterMaps/Meshes/Expanse/Mesh_A_2_A760DC.Mesh_A_2_A760DC,/Script/Engine.StaticMesh,12194,12194,0,0,264923
/ShooterMaps/Meshes/Expanse/Mesh_A_2_A7D0BC.Mesh_A_2_A7D0BC,/Script/Engine.StaticMesh,19715,19715,0,0,186918
/ShooterMaps/Meshes/Expanse/Mesh_A_2_A82418.Mesh_A_2_A82418,/Script/Engine.StaticMesh,95973,95973,0,0,572590
/ShooterMaps/Meshes/Expanse/Mesh_A_2_A83366.Mesh_A_2_A83366,/Script/Engine.StaticMesh,25281,25281,0,0,68044
/ShooterMaps/Meshes/Expanse/Mesh_A_2_A98BBB.Mesh_A_2_A98BBB,/Script/Engine.StaticMesh,33697,33697,0,0,158131
/ShooterMaps/Meshes/Expanse/Mesh_A_2_AAB9D4.Mesh_A_2_AAB9D4,/Script/Engine.StaticMesh,36681,36681,0,0,361456
/ShooterMaps/Meshes/Expanse/Mesh_A_2_AB2B07.Mesh_A_2_AB2B07,/Script/Engine.StaticMesh,21391,21391,0,0,86396
/ShooterMaps/Meshes/Expanse/Mesh_A_2_ABF695.Mesh_A_2_ABF695,/Script/Engine.StaticMesh,11883,11883,0,0,66120
/ShooterMaps/Meshes/Expanse/Mesh_A_2_AC587F.Mesh_A_2_AC587F,/Script/Engine.StaticMesh,51155,51155,0,0,365888
/ShooterMaps/Meshes/Expanse/Mesh_A_2_AC8176.Mesh_A_2_AC8176,/Script/Engine.StaticMesh,41331,41331,0,0,148947
/ShooterMaps/Meshes/Expanse/Mesh_A_2_ADBD2B.Mesh_A_2_ADBD2B,/Script/Engine.StaticMesh,29518,29518,0,0,212934
/ShooterMaps/Meshes/Expanse/Mesh_A_2_AEB1AF.Mesh_A_2_AEB1AF,/Script/Engine.StaticMesh,36768,36768,0,0,512243
/ShooterMaps/Meshes/Expanse/Mesh_A_2_B0D608.Mesh_A_2_B0D608,/Script/Engine.StaticMesh,12492,12492,0,0,206318
/ShooterMaps/Meshes/Expanse/Mesh_A_2_B12CED.Mesh_A_2_B12CED,/Script/Engine.StaticMesh,9284,9284,0,0,75494
/ShooterMaps/Meshes/Expanse/Mesh_A_2_B241CA.Mesh_A_2_B241CA,/Script/Engine.StaticMesh,16868,16868,0,0,76090
/ShooterMaps/Meshes/Expanse/Mesh_A_2_B281E9.Mesh_A_2_B281E9,/Script/Engine.StaticMesh,20647,20647,0,0,178986
/ShooterMaps/Meshes/Expanse/Mesh_A_2_B329AD.Mesh_A_2_B329AD,/Script/Engine.StaticMesh,11775,11775,0,0,224778
/ShooterMaps/Meshes/Expanse/Mesh_A_2_B451E3.Mesh_A_2_B451E3,/Script/Engine.StaticMesh,27137,27137,0,0,144227
/ShooterMaps/Meshes/Expanse/Mesh_A_2_B50523.Mesh_A_2_B50523,/Script/Engine.StaticMesh,66810,66810,0,0,350716
/ShooterMaps/Meshes/Expanse/Mesh_A_2_B61E45.Mesh_A_2_B61E45,/Script/Engine.StaticMesh,5955,5955,0,0,141250
/ShooterMaps/Meshes/Expanse/Mesh_A_2_B83448.Mesh_A_2_B83448,/Script/Engine.StaticMesh,3864,3864,0,0,26491
/ShooterMaps/Meshes/Expanse/Mesh_A_2_B91289.Mesh_A_2_B91289,/Script/Engine.StaticMesh,11633,11633,0,0,109862
/ShooterMaps/Meshes/Expanse/Mesh_A_2_B9133A.Mesh_A_2_B9133A,/Script/Engine.StaticMesh,5829,5829,0,0,100942
/ShooterMaps/Meshes/Expanse/Mesh_A_2_B91A4B.Mesh_A_2_B91A4B,/Script/Engine.StaticMesh,53606,53606,0,0,392476
/ShooterMaps/Meshes/Expanse/Mesh_A_2_B93EB0.Mesh_A_2_B93EB0,/Script/Engine.StaticMesh,23140,23140,0,0,70986
/ShooterMaps/Meshes/Expanse/Mesh_A_2_B94F97.Mesh_A_2_B94F97,/Script/Engine.StaticMesh,11468,11468,0,0,210167
/ShooterMaps/Meshes/Expanse/Mesh_A_2_B9732E.Mesh_A_2_B9732E,/Script/Engine.StaticMesh,22084,22084,0,0,280888
/ShooterMaps/Meshes/Expanse/Mesh_A_2_BB5906.Mesh_A_2_BB5906,/Script/Engine.StaticMesh,25135,25135,0,0,197580
/ShooterMaps/Meshes/Expanse/Mesh_A_2_BB85A6.Mesh_A_2_BB85A6,/Script/Engine.StaticMesh,14448,14448,0,0,120404
/ShooterMaps/Meshes/Expanse/Mesh_A_2_BBA547.Mesh_A_2_BBA547,/Script/Engine.StaticMesh,56580,56580,0,0,1211319
/ShooterMaps/Meshes/Expanse/Mesh_A_2_BBFF8B.Mesh_A_2_BBFF8B,/Script/Engine.StaticMesh,6667,6667,0,0,239490
/ShooterMaps/Meshes/Expanse/Mesh_A_2_BC948F.Mesh_A_2_BC948F,/Script/Engine.StaticMesh,22291,22291,0,0,134396
/ShooterMaps/Meshes/Expanse/Mesh_A_2_BCAFE2.Mesh_A_2_BCAFE2,/Script/Engine.StaticMesh,4164,4164,0,0,29734
/ShooterMaps/Meshes/Expanse/Mesh_A_2_BCC5ED.Mesh_A_2_BCC5ED,/Script/Engine.StaticMesh,53811,53811,0,0,392310
/ShooterMaps/Meshes/Expanse/Mesh_A_2_BF565B.Mesh_A_2_BF565B,/Script/Engine.StaticMesh,31964,31964,0,0,168334
/ShooterMaps/Meshes/Expanse/Mesh_A_2_C1120D.Mesh_A_2_C1120D,/Script/Engine.StaticMesh,23152,23152,0,0,114933
/ShooterMaps/Meshes/Expanse/Mesh_A_2_C18AE2.Mesh_A_2_C18AE2,/Script/Engine.StaticMesh,25271,25271,0,0,812608
/ShooterMaps/Meshes/Expanse/Mesh_A_2_C2CE57.Mesh_A_2_C2CE57,/Script/Engine.StaticMesh,44452,44452,0,0,420051
/ShooterMaps/Meshes/Expanse/Mesh_A_2_C33CFB.Mesh_A_2_C33CFB,/Script/Engine.StaticMesh,25230,25230,0,0,187228
/ShooterMaps/Meshes/Expanse/Mesh_A_2_C3977A.Mesh_A_2_C3977A,/Script/Engine.StaticMesh,18064,18064,0,0,72338
/ShooterMaps/Meshes/Expanse/Mesh_A_2_C3E13A.Mesh_A_2_C3E13A,/Script/Engine.StaticMesh,15856,15856,0,0,172360
/ShooterMaps/Meshes/Expanse/Mesh_A_2_C5005E.Mesh_A_2_C5005E,/Script/Engine.StaticMesh,20473,20473,0,0,99706
/ShooterMaps/Meshes/Expanse/Mesh_A_2_C56B37.Mesh_A_2_C56B37,/Script/Engine.StaticMesh,4667,4667,0,0,79137
/ShooterMaps/Meshes/Expanse/Mesh_A_2_C5797F.Mesh_A_2_C5797F,/Script/Engine.StaticMesh,12849,12849,0,0,57862
/ShooterMaps/Meshes/Expanse/Mesh_A_2_C6565E.Mesh_A_2_C6565E,/Script/Engine.StaticMesh,29826,29826,0,0,170300
/ShooterMaps/Meshes/Expanse/Mesh_A_2_C85750.Mesh_A_2_C85750,/Script/Engine.StaticMesh,12648,12648,0,0,748254
/ShooterMaps/Meshes/Expanse/Mesh_A_2_C8AD57.Mesh_A_2_C8AD57,/Script/Engine.StaticMesh,21252,21252,0,0,108250
/ShooterMaps/Meshes/Expanse/Mesh_A_2_C963E5.Mesh_A_2_C963E5,/Script/Engine.StaticMesh,8567,8567,0,0,30525
/ShooterMaps/Meshes/Expanse/Mesh_A_2_CA7E79.Mesh_A_2_CA7E79,/Script/Engine.StaticMesh,29452,29452,0,0,1071194
/ShooterMaps/Meshes/Expanse/Mesh_A_2_CB0246.Mesh_A_2_CB0246,/Script/Engine.StaticMesh,34059,34059,0,0,246310
/ShooterMaps/Meshes/Expanse/Mesh_A_2_CB38AF.Mesh_A_2_CB38AF,/Script/Engine.StaticMesh,4425,4425,0,0,53156
/ShooterMaps/Meshes/Expanse/Mesh_A_2_CCF258.Mesh_A_2_CCF258,/Script/Engine.StaticMesh,25563,25563,0,0,131711
/ShooterMaps/Meshes/Expanse/Mesh_A_2_CD4CE4.Mesh_A_2_CD4CE4,/Script/Engine.StaticMesh,23364,23364,0,0,224475
/ShooterMaps/Meshes/Expanse/Mesh_A_2_CE3131.Mesh_A_2_CE3131,/Script/Engine.StaticMesh,3867,3867,0,0,30103
/ShooterMaps/Meshes/Expanse/Mesh_A_2_CED0F7.Mesh_A_2_CED0F7,/Script/Engine.StaticMesh,37975,37975,0,0,705895
/ShooterMaps/Meshes/Expanse/Mesh_A_2_CEE282.Mesh_A_2_CEE282,/Script/Engine.StaticMesh,13905,13905,0,0,123288
/ShooterMaps/Meshes/Expanse/Mesh_A_2_CF8333.Mesh_A_2_CF8333,/Script/Engine.StaticMesh,5195,5195,0,0,159250
/ShooterMaps/Meshes/Expanse/Mesh_A_2_CFB02B.Mesh_A_2_CFB02B,/Script/Engine.StaticMesh,3038,3038,0,0,11026
/ShooterMaps/Meshes/Expanse/Mesh_A_2_D03773.Mesh_A_2_D03773,/Script/Engine.StaticMesh,36354,36354,0,0,166390
/ShooterMaps/Meshes/Expanse/Mesh_A_2_D21E89.Mesh_A_2_D21E89,/Script/Engine.StaticMesh,24671,24671,0,0,73181
/ShooterMaps/Meshes/Expanse/Mesh_A_2_D26128.Mesh_A_2_D26128,/Script/Engine.StaticMesh,33315,33315,0,0,267626
/ShooterMaps/Meshes/Expanse/Mesh_A_2_D29BDA.Mesh_A_2_D29BDA,/Script/Engine.StaticMesh,28044,28044,0,0,193512
/ShooterMaps/Meshes/Expanse/Mesh_A_2_D59A41.Mesh_A_2_D59A41,/Script/Engine.StaticMesh,3850,3850,0,0,30103
/ShooterMaps/Meshes/Expanse/Mesh_A_2_D6817D.Mesh_A_2_D6817D,/Script/Engine.StaticMesh,5314,5314,0,0,186390
/ShooterMaps/Meshes/Expanse/Mesh_A_2_D6B253.Mesh_A_2_D6B253,/Script/Engine.StaticMesh,4033,4033,0,0,29569
/ShooterMaps/Meshes/Expanse/Mesh_A_2_D71D44.Mesh_A_2_D71D44,/Script/Engine.StaticMesh,16258,16258,0,0,83664
/ShooterMaps/Meshes/Expanse/Mesh_A_2_D725FD.Mesh_A_2_D725FD,/Script/Engine.StaticMesh,21845,21845,0,0,174057
/ShooterMaps/Meshes/Expanse/Mesh_A_2_D7370E.Mesh_A_2_D7370E,/Script/Engine.StaticMesh,23174,23174,0,0,231705
/ShooterMaps/Meshes/Expanse/Mesh_A_2_D83A6F.Mesh_A_2_D83A6F,/Script/Engine.StaticMesh,7993,7993,0,0,62756
/ShooterMaps/Meshes/Expanse/Mesh_A_2_D8DF11.Mesh_A_2_D8DF11,/Script/Engine.StaticMesh,26671,26671,0,0,115664
/ShooterMaps/Meshes/Expanse/Mesh_A_2_D8FC82.Mesh_A_2_D8FC82,/Script/Engine.StaticMesh,46261,46261,0,0,892676
/ShooterMaps/Meshes/Expanse/Mesh_A_2_D99A95.Mesh_A_2_D99A95,/Script/Engine.StaticMesh,29488,29488,0,0,243114
/ShooterMaps/Meshes/Expanse/Mesh_A_2_DD2052.Mesh_A_2_DD2052,/Script/Engine.StaticMesh,57419,57419,0,0,409714
/ShooterMaps/Meshes/Expanse/Mesh_A_2_DEA3E4.Mesh_A_2_DEA3E4,/Script/Engine.StaticMesh,22127,22127,0,0,136112
/ShooterMaps/Meshes/Expanse/Mesh_A_2_DFA3EF.Mesh_A_2_DFA3EF,/Script/Engine.StaticMesh,24375,24375,0,0,95196
/ShooterMaps/Meshes/Expanse/Mesh_A_2_E0939C.Mesh_A_2_E0939C,/Script/Engine.StaticMesh,19665,19665,0,0,114016
/ShooterMaps/Meshes/Expanse/Mesh_A_2_E222D0.Mesh_A_2_E222D0,/Script/Engine.StaticMesh,20047,20047,0,0,85816
/ShooterMaps/Meshes/Expanse/Mesh_A_2_E2B5F0.Mesh_A_2_E2B5F0,/Script/Engine.StaticMesh,40768,40768,0,0,1591604
/ShooterMaps/Meshes/Expanse/Mesh_A_2_E4871D.Mesh_A_2_E4871D,/Script/Engine.StaticMesh,5573,5573,0,0,161446
/ShooterMaps/Meshes/Expanse/Mesh_A_2_E6A5E5.Mesh_A_2_E6A5E5,/Script/Engine.StaticMesh,56989,56989,0,0,291468
/ShooterMaps/Meshes/Expanse/Mesh_A_2_E7028D.Mesh_A_2_E7028D,/Script/Engine.StaticMesh,10506,10506,0,0,80602
/ShooterMaps/Meshes/Expanse/Mesh_A_2_E7FA38.Mesh_A_2_E7FA38,/Script/Engine.StaticMesh,23368,23368,0,0,92762
/ShooterMaps/Meshes/Expanse/Mesh_A_2_E97AAF.Mesh_A_2_E97AAF,/Script/Engine.StaticMesh,26333,26333,0,0,127026
/ShooterMaps/Meshes/Expanse/Mesh_A_2_E97F0D.Mesh_A_2_E97F0D,/Script/Engine.StaticMesh,23469,23469,0,0,106332
/ShooterMaps/Meshes/Expanse/Mesh_A_2_EA5470.Mesh_A_2_EA5470,/Script/Engine.StaticMesh,181271,181271,0,0,871658
/ShooterMaps/Meshes/Expanse/Mesh_A_2_EAE80F.Mesh_A_2_EAE80F,/Script/Engine.StaticMesh,13183,13183,0,0,144569
/ShooterMaps/Meshes/Expanse/Mesh_A_2_ED9231.Mesh_A_2_ED9231,/Script/Engine.StaticMesh,72269,72269,0,0,405026
/ShooterMaps/Meshes/Expanse/Mesh_A_2_EE66FF.Mesh_A_2_EE66FF,/Script/Engine.StaticMesh,8341,8341,0,0,75767
/ShooterMaps/Meshes/Expanse/Mesh_A_2_EE7365.Mesh_A_2_EE7365,/Script/Engine.StaticMesh,12497,12497,0,0,188250
/ShooterMaps/Meshes/Expanse/Mesh_A_2_EF0EBF.Mesh_A_2_EF0EBF,/Script/Engine.StaticMesh,40935,40935,0,0,148159
/ShooterMaps/Meshes/Expanse/Mesh_A_2_F00149.Mesh_A_2_F00149,/Script/Engine.StaticMesh,33441,33441,0,0,168275
/ShooterMaps/Meshes/Expanse/Mesh_A_2_F2FEC3.Mesh_A_2_F2FEC3,/Script/Engine.StaticMesh,21389,21389,0,0,86396
/ShooterMaps/Meshes/Expanse/Mesh_A_2_F46025.Mesh_A_2_F46025,/Script/Engine.StaticMesh,25288,25288,0,0,264928
/ShooterMaps/Meshes/Expanse/Mesh_A_2_F4E01C.Mesh_A_2_F4E01C,/Script/Engine.StaticMesh,46199,46199,0,0,193416
/ShooterMaps/Meshes/Expanse/Mesh_A_2_F7643F.Mesh_A_2_F7643F,/Script/Engine.StaticMesh,40234,40234,0,0,171652
/ShooterMaps/Meshes/Expanse/Mesh_A_2_F7BB75.Mesh_A_2_F7BB75,/Script/Engine.StaticMesh,8935,8935,0,0,97155
/ShooterMaps/Meshes/Expanse/Mesh_A_2_F81362.Mesh_A_2_F81362,/Script/Engine.StaticMesh,35040,35040,0,0,161386
/ShooterMaps/Meshes/Expanse/Mesh_A_2_FA0294.Mesh_A_2_FA0294,/Script/Engine.StaticMesh,32997,32997,0,0,197278
/ShooterMaps/Meshes/Expanse/Mesh_A_2_FABDB7.Mesh_A_2_FABDB7,/Script/Engine.StaticMesh,24749,24749,0,0,69580
/ShooterMaps/Meshes/Expanse/Mesh_A_2_FD27FC.Mesh_A_2_FD27FC,/Script/Engine.StaticMesh,26849,26849,0,0,86040
/ShooterMaps/Meshes/Expanse/Mesh_A_2_FD9682.Mesh_A_2_FD9682,/Script/Engine.StaticMesh,168288,168288,0,0,718655
/ShooterMaps/Meshes/Expanse/Mesh_A_2_FFFDB7.Mesh_A_2_FFFDB7,/Script/Engine.StaticMesh,9768,9768,0,0,131810
/ShooterMaps/Meshes/Expanse_Blockout/Block_1x1m_A_AE19EE.Block_1x1m_A_AE19EE,/Script/Engine.StaticMesh,4912,4912,0,0,35133
/ShooterMaps/Meshes/Expanse_Blockout/Block_1x1m_A_AE19EE2.Block_1x1m_A_AE19EE2,/Script/Engine.StaticMesh,4455,4455,0,0,33421
/ShooterMaps/Meshes/Expanse_Blockout/BridgeC_0FB30D.BridgeC_0FB30D,/Script/Engine.StaticMesh,16454,16454,0,0,349280
/ShooterMaps/Meshes/Expanse_Blockout/BridgeC_2A4BC0.BridgeC_2A4BC0,/Script/Engine.StaticMesh,7043,7043,0,0,37589
/ShooterMaps/Meshes/Expanse_Blockout/BridgeD_745AEE.BridgeD_745AEE,/Script/Engine.StaticMesh,49938,49938,0,0,1036630
/ShooterMaps/Meshes/Expanse_Blockout/BridgeE_BE2BF9.BridgeE_BE2BF9,/Script/Engine.StaticMesh,10834,10834,0,0,98311
/ShooterMaps/Meshes/Expanse_Blockout/BridgeF_A24598.BridgeF_A24598,/Script/Engine.StaticMesh,16156,16156,0,0,818781
/ShooterMaps/Meshes/Expanse_Blockout/BridgeG_24FE19.BridgeG_24FE19,/Script/Engine.StaticMesh,22171,22171,0,0,1367744
/ShooterMaps/Meshes/Expanse_Blockout/BridgeH_79E7F1.BridgeH_79E7F1,/Script/Engine.StaticMesh,34422,34422,0,0,878688
/ShooterMaps/Meshes/Expanse_Blockout/BridgeI_F882AC.BridgeI_F882AC,/Script/Engine.StaticMesh,44649,44649,0,0,1652680
/ShooterMaps/Meshes/Expanse_Blockout/BridgePlatformA_5DAD14.BridgePlatformA_5DAD14,/Script/Engine.StaticMesh,19284,19284,0,0,206740
/ShooterMaps/Meshes/Expanse_Blockout/CapsulePanelA_3EE9F1.CapsulePanelA_3EE9F1,/Script/Engine.StaticMesh,24736,24736,0,0,374882
/ShooterMaps/Meshes/Expanse_Blockout/CurvedCornerA_79A789.CurvedCornerA_79A789,/Script/Engine.StaticMesh,13719,13719,0,0,823010
/ShooterMaps/Meshes/Expanse_Blockout/CurvedCornerB_A1B0FC.CurvedCornerB_A1B0FC,/Script/Engine.StaticMesh,14094,14094,0,0,682782
/ShooterMaps/Meshes/Expanse_Blockout/CurvedCornerD_B066FD.CurvedCornerD_B066FD,/Script/Engine.StaticMesh,8963,8963,0,0,190942
/ShooterMaps/Meshes/Expanse_Blockout/CurvedCornerE_CDF25B.CurvedCornerE_CDF25B,/Script/Engine.StaticMesh,13359,13359,0,0,502270
/ShooterMaps/Meshes/Expanse_Blockout/CurvedCornerF_0E6296.CurvedCornerF_0E6296,/Script/Engine.StaticMesh,23937,23937,0,0,822838
/ShooterMaps/Meshes/Expanse_Blockout/CurvedCornerH_B658E9.CurvedCornerH_B658E9,/Script/Engine.StaticMesh,24823,24823,0,0,837248
/ShooterMaps/Meshes/Expanse_Blockout/CurvedCornerI_9DE3E7.CurvedCornerI_9DE3E7,/Script/Engine.StaticMesh,46860,46860,0,0,1732196
/ShooterMaps/Meshes/Expanse_Blockout/CurvedCornerJ_00A6B8.CurvedCornerJ_00A6B8,/Script/Engine.StaticMesh,4758,4758,0,0,44607
/ShooterMaps/Meshes/Expanse_Blockout/CurvedCornerK_E291AD.CurvedCornerK_E291AD,/Script/Engine.StaticMesh,22490,22490,0,0,1471840
/ShooterMaps/Meshes/Expanse_Blockout/CurvedCornerL_0E20B9.CurvedCornerL_0E20B9,/Script/Engine.StaticMesh,33586,33586,0,0,843775
/ShooterMaps/Meshes/Expanse_Blockout/CurvedCornerM_37DFB0.CurvedCornerM_37DFB0,/Script/Engine.StaticMesh,17056,17056,0,0,679770
/ShooterMaps/Meshes/Expanse_Blockout/CurvedCornerN_21DC0E.CurvedCornerN_21DC0E,/Script/Engine.StaticMesh,4453,4453,0,0,21239
/ShooterMaps/Meshes/Expanse_Blockout/CurvedFrameA_CED960.CurvedFrameA_CED960,/Script/Engine.StaticMesh,35451,35451,0,0,1825870
/ShooterMaps/Meshes/Expanse_Blockout/CurvedFrameB_A96453.CurvedFrameB_A96453,/Script/Engine.StaticMesh,26678,26678,0,0,1233294
/ShooterMaps/Meshes/Expanse_Blockout/CurvedFrameC_BBCBA1.CurvedFrameC_BBCBA1,/Script/Engine.StaticMesh,15123,15123,0,0,157990
/ShooterMaps/Meshes/Expanse_Blockout/CurvedFrameF_D58171.CurvedFrameF_D58171,/Script/Engine.StaticMesh,26494,26494,0,0,600582
/ShooterMaps/Meshes/Expanse_Blockout/CurvedFrameI_70EB60.CurvedFrameI_70EB60,/Script/Engine.StaticMesh,23602,23602,0,0,113629
/ShooterMaps/Meshes/Expanse_Blockout/CurvedFrameK_A6442D.CurvedFrameK_A6442D,/Script/Engine.StaticMesh,16787,16787,0,0,97394
/ShooterMaps/Meshes/Expanse_Blockout/CurvedPlatformA_44F777.CurvedPlatformA_44F777,/Script/Engine.StaticMesh,9588,9588,0,0,177797
/ShooterMaps/Meshes/Expanse_Blockout/ElevatorShaftA_6D6664.ElevatorShaftA_6D6664,/Script/Engine.StaticMesh,29065,29065,0,0,445616
/ShooterMaps/Meshes/Expanse_Blockout/ElevatorShaftB_9B1610.ElevatorShaftB_9B1610,/Script/Engine.StaticMesh,28709,28709,0,0,1071197
/ShooterMaps/Meshes/Expanse_Blockout/ElevatorShaftC_3ED496.ElevatorShaftC_3ED496,/Script/Engine.StaticMesh,19183,19183,0,0,745599
/ShooterMaps/Meshes/Expanse_Blockout/FloorC_2EE61D.FloorC_2EE61D,/Script/Engine.StaticMesh,20697,20697,0,0,265457
/ShooterMaps/Meshes/Expanse_Blockout/FloorE_0861E5.FloorE_0861E5,/Script/Engine.StaticMesh,16179,16179,0,0,276107
/ShooterMaps/Meshes/Expanse_Blockout/MeshA_069AB9.MeshA_069AB9,/Script/Engine.StaticMesh,21646,21646,0,0,141943
/ShooterMaps/Meshes/Expanse_Blockout/MeshA_09FE63.MeshA_09FE63,/Script/Engine.StaticMesh,82808,82808,0,0,550515
/ShooterMaps/Meshes/Expanse_Blockout/MeshA_0AEAE9.MeshA_0AEAE9,/Script/Engine.StaticMesh,4472,4472,0,0,34365
/ShooterMaps/Meshes/Expanse_Blockout/MeshA_0F7922.MeshA_0F7922,/Script/Engine.StaticMesh,23848,23848,0,0,357565
/ShooterMaps/Meshes/Expanse_Blockout/MeshA_11A71C.MeshA_11A71C,/Script/Engine.StaticMesh,6712,6712,0,0,175233
/ShooterMaps/Meshes/Expanse_Blockout/MeshA_210DB9.MeshA_210DB9,/Script/Engine.StaticMesh,4524,4524,0,0,231995
/ShooterMaps/Meshes/Expanse_Blockout/MeshA_261D01.MeshA_261D01,/Script/Engine.StaticMesh,24617,24617,0,0,119640
/ShooterMaps/Meshes/Expanse_Blockout/MeshA_2D5981.MeshA_2D5981,/Script/Engine.StaticMesh,4349,4349,0,0,62745
/ShooterMaps/Meshes/Expanse_Blockout/MeshA_45E13F.MeshA_45E13F,/Script/Engine.StaticMesh,71116,71116,0,0,615223
/ShooterMaps/Meshes/Expanse_Blockout/MeshA_51846C.MeshA_51846C,/Script/Engine.StaticMesh,54977,54977,0,0,677441
/ShooterMaps/Meshes/Expanse_Blockout/MeshA_5668F6.MeshA_5668F6,/Script/Engine.StaticMesh,3834,3834,0,0,23923
/ShooterMaps/Meshes/Expanse_Blockout/MeshA_57F8E0.MeshA_57F8E0,/Script/Engine.StaticMesh,5460,5460,0,0,82437
/ShooterMaps/Meshes/Expanse_Blockout/MeshA_651DD3.MeshA_651DD3,/Script/Engine.StaticMesh,23713,23713,0,0,166380
/ShooterMaps/Meshes/Expanse_Blockout/MeshA_6580D3.MeshA_6580D3,/Script/Engine.StaticMesh,4398,4398,0,0,88407
/ShooterMaps/Meshes/Expanse_Blockout/MeshA_6619EC.MeshA_6619EC,/Script/Engine.StaticMesh,4517,4517,0,0,39525
/ShooterMaps/Meshes/Expanse_Blockout/MeshA_68DC05.MeshA_68DC05,/Script/Engine.StaticMesh,4627,4627,0,0,51393
/ShooterMaps/Meshes/Expanse_Blockout/MeshA_6D7B2B.MeshA_6D7B2B,/Script/Engine.StaticMesh,31214,31214,0,0,310257
/ShooterMaps/Meshes/Expanse_Blockout/MeshA_8FDDCE.MeshA_8FDDCE,/Script/Engine.StaticMesh,43650,43650,0,0,231219
/ShooterMaps/Meshes/Expanse_Blockout/MeshA_9F59D5.MeshA_9F59D5,/Script/Engine.StaticMesh,33241,33241,0,0,321919
/ShooterMaps/Meshes/Expanse_Blockout/MeshA_B007D8.MeshA_B007D8,/Script/Engine.StaticMesh,70046,70046,0,0,590563
/ShooterMaps/Meshes/Expanse_Blockout/MeshA_BB4365.MeshA_BB4365,/Script/Engine.StaticMesh,34923,34923,0,0,324301
/ShooterMaps/Meshes/Expanse_Blockout/MeshA_BE0B22.MeshA_BE0B22,/Script/Engine.StaticMesh,4744,4744,0,0,40657
/ShooterMaps/Meshes/Expanse_Blockout/MeshA_F7E137.MeshA_F7E137,/Script/Engine.StaticMesh,40325,40325,0,0,455595
/ShooterMaps/Meshes/Expanse_Blockout/MeshA_F9C7A5.MeshA_F9C7A5,/Script/Engine.StaticMesh,4116,4116,0,0,33333
/ShooterMaps/Meshes/Expanse_Blockout/MixedCornerPanelA_983A72.MixedCornerPanelA_983A72,/Script/Engine.StaticMesh,21140,21140,0,0,280522
/ShooterMaps/Meshes/Expanse_Blockout/MixedCornerPanelB_F18C6B.MixedCornerPanelB_F18C6B,/Script/Engine.StaticMesh,21362,21362,0,0,279590
/ShooterMaps/Meshes/Expanse_Blockout/PanelFloorA_9F0EC2.PanelFloorA_9F0EC2,/Script/Engine.StaticMesh,4357,4357,0,0,146930
/ShooterMaps/Meshes/Expanse_Blockout/PanelFloorB_2EEFC7.PanelFloorB_2EEFC7,/Script/Engine.StaticMesh,13673,13673,0,0,135894
/ShooterMaps/Meshes/Expanse_Blockout/PanelFloorC_38C6C5.PanelFloorC_38C6C5,/Script/Engine.StaticMesh,7413,7413,0,0,166774
/ShooterMaps/Meshes/Expanse_Blockout/PanelFloorC_3E49C5.PanelFloorC_3E49C5,/Script/Engine.StaticMesh,12887,12887,0,0,169462
/ShooterMaps/Meshes/Expanse_Blockout/PanelFloorD_D3F505.PanelFloorD_D3F505,/Script/Engine.StaticMesh,19920,19920,0,0,209273
/ShooterMaps/Meshes/Expanse_Blockout/PanelPillA_11DB64.PanelPillA_11DB64,/Script/Engine.StaticMesh,11529,11529,0,0,54259
/ShooterMaps/Meshes/Expanse_Blockout/RampA_084DE2.RampA_084DE2,/Script/Engine.StaticMesh,72657,72657,0,0,605712
/ShooterMaps/Meshes/Expanse_Blockout/RampA_1402A7.RampA_1402A7,/Script/Engine.StaticMesh,3105,3105,0,0,23986
/ShooterMaps/Meshes/Expanse_Blockout/RampA_51A1CB.RampA_51A1CB,/Script/Engine.StaticMesh,71075,71075,0,0,1159301
/ShooterMaps/Meshes/Expanse_Blockout/RampA_6B19EF.RampA_6B19EF,/Script/Engine.StaticMesh,69474,69474,0,0,274455
/ShooterMaps/Meshes/Expanse_Blockout/RoundedBlockA_4375F3.RoundedBlockA_4375F3,/Script/Engine.StaticMesh,19711,19711,0,0,204234
/ShooterMaps/Meshes/Expanse_Blockout/SkyBridgeTrimeA_DD17F1.SkyBridgeTrimeA_DD17F1,/Script/Engine.StaticMesh,4506,4506,0,0,32562
/ShooterMaps/Meshes/Expanse_Blockout/SM_BridgeH_1E9B32.SM_BridgeH_1E9B32,/Script/Engine.StaticMesh,22076,22076,0,0,1040764
/ShooterMaps/Meshes/Expanse_Blockout/SM_BridgeH_7DB141.SM_BridgeH_7DB141,/Script/Engine.StaticMesh,33230,33230,0,0,601096
/ShooterMaps/Meshes/Expanse_Blockout/SM_CurvedFloorPatchA_C1C156.SM_CurvedFloorPatchA_C1C156,/Script/Engine.StaticMesh,12187,12187,0,0,145869
/ShooterMaps/Meshes/Expanse_Blockout/SM_CurvedFloorPatchB_C82BD3.SM_CurvedFloorPatchB_C82BD3,/Script/Engine.StaticMesh,7383,7383,0,0,169573
/ShooterMaps/Meshes/Expanse_Blockout/SM_FloorD_968DF8.SM_FloorD_968DF8,/Script/Engine.StaticMesh,54102,54102,0,0,306346
/ShooterMaps/Meshes/Expanse_Blockout/SM_TeleporterFrameA_3EC34D.SM_TeleporterFrameA_3EC34D,/Script/Engine.StaticMesh,17861,17861,0,0,98688
/ShooterMaps/Meshes/Expanse_Blockout/SM_TeleporterFrameA_92CAB8.SM_TeleporterFrameA_92CAB8,/Script/Engine.StaticMesh,16685,16685,0,0,83776
/ShooterMaps/Meshes/Expanse_Blockout/SM_TeleporterFrameB_4E67A5.SM_TeleporterFrameB_4E67A5,/Script/Engine.StaticMesh,11188,11188,0,0,127160
/ShooterMaps/Meshes/Expanse_Blockout/SM_WallJ_5BB90A.SM_WallJ_5BB90A,/Script/Engine.StaticMesh,52037,52037,0,0,556810
/ShooterMaps/Meshes/Expanse_Blockout/StairsA_C2055F.StairsA_C2055F,/Script/Engine.StaticMesh,38632,38632,0,0,960773
/ShooterMaps/Meshes/Expanse_Blockout/StairsB_12305C.StairsB_12305C,/Script/Engine.StaticMesh,62653,62653,0,0,1588737
/ShooterMaps/Meshes/Expanse_Blockout/StairsD_09167C.StairsD_09167C,/Script/Engine.StaticMesh,31066,31066,0,0,384214
/ShooterMaps/Meshes/Expanse_Blockout/StairsE_0D5A82.StairsE_0D5A82,/Script/Engine.StaticMesh,48134,48134,0,0,970766
/ShooterMaps/Meshes/Expanse_Blockout/WallB_77E966.WallB_77E966,/Script/Engine.StaticMesh,4911,4911,0,0,175760
/ShooterMaps/Meshes/Expanse_Blockout/WallC_C7EBFC.WallC_C7EBFC,/Script/Engine.StaticMesh,47886,47886,0,0,1838024
/ShooterMaps/Meshes/Expanse_Blockout/WallD_B1D74E.WallD_B1D74E,/Script/Engine.StaticMesh,21617,21617,0,0,622360
/ShooterMaps/Meshes/Expanse_Blockout/WallF_81EBEC.WallF_81EBEC,/Script/Engine.StaticMesh,40505,40505,0,0,682567
/ShooterMaps/Meshes/Expanse_Blockout/WallG_12E713.WallG_12E713,/Script/Engine.StaticMesh,37374,37374,0,0,1649584
/ShooterMaps/Meshes/Expanse_Blockout/WallG_1C05FB.WallG_1C05FB,/Script/Engine.StaticMesh,45575,45575,0,0,1984090
/ShooterMaps/Meshes/Expanse_Blockout/WallH_3749AE.WallH_3749AE,/Script/Engine.StaticMesh,20537,20537,0,0,195288
/ShooterMaps/Meshes/Expanse_Blockout/WallH_457ECD.WallH_457ECD,/Script/Engine.StaticMesh,10301,10301,0,0,145332
/ShooterMaps/Meshes/Expanse_Blockout/WallL_2DDDBA.WallL_2DDDBA,/Script/Engine.StaticMesh,10474,10474,0,0,239412
/ShooterMaps/Meshes/Expanse_Blockout/WallM_6F701A.WallM_6F701A,/Script/Engine.StaticMesh,47747,47747,0,0,384095
/ShooterMaps/Meshes/Expanse_Blockout/WallN_CC89C4.WallN_CC89C4,/Script/Engine.StaticMesh,49879,49879,0,0,541082
/ShooterMaps/Meshes/Expanse_Blockout/WallO_5E167F.WallO_5E167F,/Script/Engine.StaticMesh,20065,20065,0,0,443278
/ShooterMaps/Meshes/Expanse_Blockout/WallP_4BBE39.WallP_4BBE39,/Script/Engine.StaticMesh,24969,24969,0,0,1201592
/ShooterMaps/Meshes/Expanse_Blockout/WallT_1C5B93.WallT_1C5B93,/Script/Engine.StaticMesh,18934,18934,0,0,399230
/ShooterMaps/Meshes/Expanse_Blockout/WallV_52386B.WallV_52386B,/Script/Engine.StaticMesh,19333,19333,0,0,552688
/ShooterMaps/Meshes/Expanse_Blockout/WallW_ADBE4B.WallW_ADBE4B,/Script/Engine.StaticMesh,25302,25302,0,0,116783
/ShooterMaps/Meshes/Expanse_Blockout/WindowFrameB_D9E5E1.WindowFrameB_D9E5E1,/Script/Engine.StaticMesh,18689,18689,0,0,121110
/ShooterMaps/Meshes/Expanse_Blockout/WindowFrameC_0EB4BF.WindowFrameC_0EB4BF,/Script/Engine.StaticMesh,13013,13013,0,0,150408
/ShooterMaps/Meshes/FiringRange/SM_ModuleA_090.SM_ModuleA_090,/Script/Engine.StaticMesh,3143,3143,0,0,91715
/ShooterMaps/Meshes/FiringRange/SM_Railing_010.SM_Railing_010,/Script/Engine.StaticMesh,11536,11536,0,0,146446
/ShooterMaps/Meshes/FiringRange/SM_stairs_1.SM_stairs_1,/Script/Engine.StaticMesh,30613,30613,0,0,1167302
/TopDownArena/Game/Effects/PickUp/SM_CylinderVertical_Effect.SM_CylinderVertical_Effect,/Script/Engine.StaticMesh,2940,2940,0,0,9141
/TopDownArena/Game/Effects/PickUp/SM_ExtraBomb.SM_ExtraBomb,/Script/Engine.StaticMesh,28583,28583,0,0,94957
/TopDownArena/Game/Effects/PickUp/SM_ExtraRange.SM_ExtraRange,/Script/Engine.StaticMesh,3133,3133,0,0,10952
/TopDownArena/Game/Effects/SM_GeoSphere.SM_GeoSphere,/Script/Engine.StaticMesh,6482,6482,0,0,21173
/Water/Meshes/LakeMesh.LakeMesh,/Script/Engine.StaticMesh,2057,2057,0,0,11232
/Water/Meshes/RiverMesh.RiverMesh,/Script/Engine.StaticMesh,2535,2535,0,0,16969
/ControlRig/Controls/DefaultGizmoLibrary.DefaultGizmoLibrary,/Script/ControlRig.ControlRigShapeLibrary,2543,2543,0,0,11274
/ControlRig/Controls/DefaultGizmoLibraryNormalized.DefaultGizmoLibraryNormalized,/Script/ControlRig.ControlRigShapeLibrary,2579,2579,0,0,11298
/MetaHumanCharacter/Controls/CRSL_MetaHuman_Gizmo.CRSL_MetaHuman_Gizmo,/Script/ControlRig.ControlRigShapeLibrary,678,678,0,0,1623
/DeformerGraph/DeformerFunctions/DG_Function_ComputeNormalsTangents.DG_Function_ComputeNormalsTangents,/Script/OptimusCore.OptimusDeformer,3839,3839,0,0,14387
/DeformerGraph/DeformerFunctions/DG_Function_LinearBlendSkin_Morph_Cloth.DG_Function_LinearBlendSkin_Morph_Cloth,/Script/OptimusCore.OptimusDeformer,3648,3648,0,0,17245
/DeformerGraph/DeformerFunctions/DG_Function_LinearBlendSkin_Morph_Cloth_PositionOnly.DG_Function_LinearBlendSkin_Morph_Cloth_PositionOnly,/Script/OptimusCore.OptimusDeformer,3241,3241,0,0,11751
/DeformerGraph/Deformers/DG_LinearBlendSkin_Morph_Cloth.DG_LinearBlendSkin_Morph_Cloth,/Script/OptimusCore.OptimusDeformer,27724,27724,0,0,452248
/DeformerGraph/Deformers/DG_LinearBlendSkin_Morph_Cloth_RecomputeNormals.DG_LinearBlendSkin_Morph_Cloth_RecomputeNormals,/Script/OptimusCore.OptimusDeformer,27857,27857,0,0,458115
/Engine/Animation/DefaultVariableFrameStrippingSettings.DefaultVariableFrameStrippingSettings,/Script/Engine.VariableFrameStrippingSettings,354,354,0,0,354
/Engine/EditorSounds/GamePreview/EndSimulate.EndSimulate,/Script/Engine.SoundWave,31374,31374,0,0,32497
/Engine/EditorSounds/GamePreview/PossessPlayer.PossessPlayer,/Script/Engine.SoundWave,30538,30538,0,0,31583
/Engine/VREditor/Sounds/UI/Drop_Item_From_ContentBrowser.Drop_Item_From_ContentBrowser,/Script/Engine.SoundWave,13946,13946,0,0,14907
/Engine/VREditor/Sounds/UI/Gizmo_Handle_Clicked.Gizmo_Handle_Clicked,/Script/Engine.SoundWave,12353,12353,0,0,13581
/Engine/VREditor/Sounds/UI/Object_PickUp.Object_PickUp,/Script/Engine.SoundWave,12997,12997,0,0,13813
/Engine/VREditor/Sounds/UI/Object_Snaps_To_Another_Actor.Object_Snaps_To_Another_Actor,/Script/Engine.SoundWave,13648,13648,0,0,14715
/Engine/VREditor/Sounds/UI/Object_Snaps_To_Grid.Object_Snaps_To_Grid,/Script/Engine.SoundWave,11293,11293,0,0,12651
/Engine/VREditor/Sounds/UI/Scaling_Down.Scaling_Down,/Script/Engine.SoundWave,9761,9761,0,0,10877
/Engine/VREditor/Sounds/UI/Scaling_Up.Scaling_Up,/Script/Engine.SoundWave,9621,9621,0,0,10589
/Engine/VREditor/Sounds/UI/Selection_Changes.Selection_Changes,/Script/Engine.SoundWave,5234,5234,0,0,6565
/Game/Audio/Sounds/Ambience/Lyra_RoomTone_01.Lyra_RoomTone_01,/Script/Engine.SoundWave,255354,255354,0,0,285238
/Game/Audio/Sounds/Ambience/Lyra_RoomTone_02.Lyra_RoomTone_02,/Script/Engine.SoundWave,365558,365558,0,0,407952
/Game/Audio/Sounds/Ambience/Lyra_RoomTone_03.Lyra_RoomTone_03,/Script/Engine.SoundWave,336533,336533,0,0,364978
/Game/Audio/Sounds/Emotes/Emote_FingerGuns_01.Emote_FingerGuns_01,/Script/Engine.SoundWave,135201,135201,0,0,140017
/Game/Audio/Sounds/Emotes/Emote_FingerGuns_02.Emote_FingerGuns_02,/Script/Engine.SoundWave,147909,147909,0,0,154951
/Game/Audio/Sounds/Emotes/Emote_FingerGuns_03.Emote_FingerGuns_03,/Script/Engine.SoundWave,164123,164123,0,0,170981
/Game/Audio/Sounds/Explosions/Explosions_Grenade_Noise-Exterior-Distant_01.Explosions_Grenade_Noise-Exterior-Distant_01,/Script/Engine.SoundWave,39563,39563,0,0,43087
/Game/Audio/Sounds/Explosions/Explosions_Grenade_Noise-Exterior-Distant_02.Explosions_Grenade_Noise-Exterior-Distant_02,/Script/Engine.SoundWave,37833,37833,0,0,40013
/Game/Audio/Sounds/Explosions/Explosions_Grenade_Noise-Exterior-Distant_03.Explosions_Grenade_Noise-Exterior-Distant_03,/Script/Engine.SoundWave,40644,40644,0,0,43015
/Game/Audio/Sounds/Explosions/Explosions_Grenade_Noise-Exterior-Distant_04.Explosions_Grenade_Noise-Exterior-Distant_04,/Script/Engine.SoundWave,35669,35669,0,0,38255
/Game/Audio/Sounds/Explosions/Explosions_Grenade_Noise-Exterior-Distant_05.Explosions_Grenade_Noise-Exterior-Distant_05,/Script/Engine.SoundWave,42994,42994,0,0,46363
/Game/Audio/Sounds/Explosions/Explosions_Grenade_Noise-Exterior-Distant_06.Explosions_Grenade_Noise-Exterior-Distant_06,/Script/Engine.SoundWave,37719,37719,0,0,40317
/Game/Audio/Sounds/Explosions/Explosions_Grenade_Noise-Exterior-Distant_07.Explosions_Grenade_Noise-Exterior-Distant_07,/Script/Engine.SoundWave,36502,36502,0,0,39211
/Game/Audio/Sounds/Explosions/Explosions_Grenade_Noise-Exterior-Distant_08.Explosions_Grenade_Noise-Exterior-Distant_08,/Script/Engine.SoundWave,37837,37837,0,0,41111
/Game/Audio/Sounds/Explosions/Explosions_Grenade_Noise-Exterior_01.Explosions_Grenade_Noise-Exterior_01,/Script/Engine.SoundWave,46393,46393,0,0,49433
/Game/Audio/Sounds/Explosions/Explosions_Grenade_Noise-Exterior_02.Explosions_Grenade_Noise-Exterior_02,/Script/Engine.SoundWave,38126,38126,0,0,41743
/Game/Audio/Sounds/Explosions/Explosions_Grenade_Noise-Exterior_03.Explosions_Grenade_Noise-Exterior_03,/Script/Engine.SoundWave,45806,45806,0,0,48741
/Game/Audio/Sounds/Explosions/Explosions_Grenade_Noise-Exterior_04.Explosions_Grenade_Noise-Exterior_04,/Script/Engine.SoundWave,58618,58618,0,0,62833
/Game/Audio/Sounds/Explosions/Explosions_Grenade_Noise-Interior-Distant_01.Explosions_Grenade_Noise-Interior-Distant_01,/Script/Engine.SoundWave,33972,33972,0,0,35687
/Game/Audio/Sounds/Explosions/Explosions_Grenade_Noise-Interior-Distant_02.Explosions_Grenade_Noise-Interior-Distant_02,/Script/Engine.SoundWave,31297,31297,0,0,32867
/Game/Audio/Sounds/Explosions/Explosions_Grenade_Noise-Interior-Distant_03.Explosions_Grenade_Noise-Interior-Distant_03,/Script/Engine.SoundWave,32934,32934,0,0,34635
/Game/Audio/Sounds/Explosions/Explosions_Grenade_Noise-Interior-Distant_04.Explosions_Grenade_Noise-Interior-Distant_04,/Script/Engine.SoundWave,33189,33189,0,0,35061
/Game/Audio/Sounds/Explosions/Explosions_Grenade_Noise-Interior_01.Explosions_Grenade_Noise-Interior_01,/Script/Engine.SoundWave,36532,36532,0,0,38277
/Game/Audio/Sounds/Explosions/Explosions_Grenade_Noise-Interior_02.Explosions_Grenade_Noise-Interior_02,/Script/Engine.SoundWave,39313,39313,0,0,40555
/Game/Audio/Sounds/Explosions/Explosions_Grenade_Noise-Interior_03.Explosions_Grenade_Noise-Interior_03,/Script/Engine.SoundWave,35509,35509,0,0,36699
/Game/Audio/Sounds/Explosions/Explosions_Grenade_Noise-Interior_04.Explosions_Grenade_Noise-Interior_04,/Script/Engine.SoundWave,39841,39841,0,0,41895
/Game/Audio/Sounds/Explosions/Explosions_Grenade_Punch-Close_01.Explosions_Grenade_Punch-Close_01,/Script/Engine.SoundWave,15159,15159,0,0,16625
/Game/Audio/Sounds/Explosions/Explosions_Grenade_Punch-Close_02.Explosions_Grenade_Punch-Close_02,/Script/Engine.SoundWave,16244,16244,0,0,17637
/Game/Audio/Sounds/Explosions/Explosions_Grenade_Punch-Close_03.Explosions_Grenade_Punch-Close_03,/Script/Engine.SoundWave,15177,15177,0,0,16621
/Game/Audio/Sounds/Explosions/Explosions_Grenade_Punch-Close_04.Explosions_Grenade_Punch-Close_04,/Script/Engine.SoundWave,16361,16361,0,0,18201
/Game/Audio/Sounds/Explosions/Explosions_Grenade_Punch-Close_05.Explosions_Grenade_Punch-Close_05,/Script/Engine.SoundWave,16743,16743,0,0,18093
/Game/Audio/Sounds/Explosions/Explosions_Grenade_Punch-Close_06.Explosions_Grenade_Punch-Close_06,/Script/Engine.SoundWave,15465,15465,0,0,16531
/Game/Audio/Sounds/Explosions/Explosions_Grenade_Punch-Distant_01.Explosions_Grenade_Punch-Distant_01,/Script/Engine.SoundWave,6397,6397,0,0,7157
/Game/Audio/Sounds/Explosions/Explosions_Grenade_Punch-Distant_02.Explosions_Grenade_Punch-Distant_02,/Script/Engine.SoundWave,5180,5180,0,0,5907
/Game/Audio/Sounds/Explosions/Explosions_Grenade_Punch-Distant_03.Explosions_Grenade_Punch-Distant_03,/Script/Engine.SoundWave,5616,5616,0,0,6183
/Game/Audio/Sounds/Explosions/Explosions_Grenade_Punch-Distant_04.Explosions_Grenade_Punch-Distant_04,/Script/Engine.SoundWave,6330,6330,0,0,7041
/Game/Audio/Sounds/Explosions/Explosions_Grenade_Ricochet_01.Explosions_Grenade_Ricochet_01,/Script/Engine.SoundWave,6485,6485,0,0,6485
/Game/Audio/Sounds/Explosions/Explosions_Grenade_Ricochet_02.Explosions_Grenade_Ricochet_02,/Script/Engine.SoundWave,6424,6424,0,0,6609
/Game/Audio/Sounds/Explosions/Explosions_Grenade_Ricochet_03.Explosions_Grenade_Ricochet_03,/Script/Engine.SoundWave,6767,6767,0,0,6851
/Game/Audio/Sounds/Explosions/Explosions_Grenade_Ricochet_04.Explosions_Grenade_Ricochet_04,/Script/Engine.SoundWave,5933,5933,0,0,5933
/Game/Audio/Sounds/Explosions/Explosions_Grenade_Ricochet_05.Explosions_Grenade_Ricochet_05,/Script/Engine.SoundWave,6713,6713,0,0,6713
/Game/Audio/Sounds/Explosions/Explosions_Grenade_Ricochet_06.Explosions_Grenade_Ricochet_06,/Script/Engine.SoundWave,6684,6684,0,0,6781
/Game/Audio/Sounds/Explosions/Explosions_Grenade_Ricochet_07.Explosions_Grenade_Ricochet_07,/Script/Engine.SoundWave,6317,6317,0,0,6741
/Game/Audio/Sounds/Explosions/Explosions_Grenade_Ricochet_08.Explosions_Grenade_Ricochet_08,/Script/Engine.SoundWave,7508,7508,0,0,7823
/Game/Audio/Sounds/Explosions/Explosions_Grenade_SFX_01.Explosions_Grenade_SFX_01,/Script/Engine.SoundWave,62197,62197,0,0,64461
/Game/Audio/Sounds/Explosions/Explosions_Grenade_SFX_02.Explosions_Grenade_SFX_02,/Script/Engine.SoundWave,63119,63119,0,0,65065
/Game/Audio/Sounds/Explosions/Explosions_Grenade_SFX_03.Explosions_Grenade_SFX_03,/Script/Engine.SoundWave,67396,67396,0,0,70543
/Game/Audio/Sounds/Explosions/Explosions_Grenade_SFX_04.Explosions_Grenade_SFX_04,/Script/Engine.SoundWave,64611,64611,0,0,67517
/Game/Audio/Sounds/Explosions/Explosions_Grenade_SFX_05.Explosions_Grenade_SFX_05,/Script/Engine.SoundWave,55536,55536,0,0,58319
/Game/Audio/Sounds/Explosions/Explosions_Grenade_SFX_06.Explosions_Grenade_SFX_06,/Script/Engine.SoundWave,64497,64497,0,0,66357
/Game/Audio/Sounds/Foley_Misc/Lyra_FoleyStep_01.Lyra_FoleyStep_01,/Script/Engine.SoundWave,21434,21434,0,0,22702
/Game/Audio/Sounds/Foley_Misc/Lyra_FoleyStep_02.Lyra_FoleyStep_02,/Script/Engine.SoundWave,20023,20023,0,0,21058
/Game/Audio/Sounds/Foley_Misc/Lyra_FoleyStep_03.Lyra_FoleyStep_03,/Script/Engine.SoundWave,19491,19491,0,0,20664
/Game/Audio/Sounds/Foley_Misc/Lyra_FoleyStep_04.Lyra_FoleyStep_04,/Script/Engine.SoundWave,15460,15460,0,0,16276
/Game/Audio/Sounds/Foley_Misc/Lyra_FoleyStep_05.Lyra_FoleyStep_05,/Script/Engine.SoundWave,16854,16854,0,0,17796
/Game/Audio/Sounds/Foley_Misc/Lyra_FoleyStep_06.Lyra_FoleyStep_06,/Script/Engine.SoundWave,19910,19910,0,0,20674
/Game/Audio/Sounds/Foley_Misc/Lyra_FoleyStep_07.Lyra_FoleyStep_07,/Script/Engine.SoundWave,16959,16959,0,0,17814
/Game/Audio/Sounds/Foley_Misc/Lyra_FoleyStep_08.Lyra_FoleyStep_08,/Script/Engine.SoundWave,16746,16746,0,0,17822
/Game/Audio/Sounds/Foley_Misc/Lyra_FoleyStep_09.Lyra_FoleyStep_09,/Script/Engine.SoundWave,15400,15400,0,0,16134
/Game/Audio/Sounds/Foley_Misc/Lyra_WeaponSwap_01.Lyra_WeaponSwap_01,/Script/Engine.SoundWave,14785,14785,0,0,14846
/Game/Audio/Sounds/Foley_Misc/Lyra_WeaponSwap_02.Lyra_WeaponSwap_02,/Script/Engine.SoundWave,14090,14090,0,0,14484
/Game/Audio/Sounds/Foley_Misc/Lyra_WeaponSwap_03.Lyra_WeaponSwap_03,/Script/Engine.SoundWave,14035,14035,0,0,14468
/Game/Audio/Sounds/Foley_Misc/Lyra_ZoomIn_01.Lyra_ZoomIn_01,/Script/Engine.SoundWave,3272,3272,0,0,3272
/Game/Audio/Sounds/Foley_Misc/Lyra_ZoomIn_02.Lyra_ZoomIn_02,/Script/Engine.SoundWave,3532,3532,0,0,3532
/Game/Audio/Sounds/Foley_Misc/Lyra_ZoomIn_03.Lyra_ZoomIn_03,/Script/Engine.SoundWave,3668,3668,0,0,3668
/Game/Audio/Sounds/Foley_Misc/Lyra_ZoomOut_01.Lyra_ZoomOut_01,/Script/Engine.SoundWave,3010,3010,0,0,3010
/Game/Audio/Sounds/Foley_Misc/Lyra_ZoomOut_02.Lyra_ZoomOut_02,/Script/Engine.SoundWave,2618,2618,0,0,2618
/Game/Audio/Sounds/Foley_Misc/Lyra_ZoomOut_03.Lyra_ZoomOut_03,/Script/Engine.SoundWave,3107,3107,0,0,3114
/Game/Audio/Sounds/Footsteps/Lyra_Plyr_Foot_Glass_L_01.Lyra_Plyr_Foot_Glass_L_01,/Script/Engine.SoundWave,6218,6218,0,0,6741
/Game/Audio/Sounds/Footsteps/Lyra_Plyr_Foot_Glass_L_02.Lyra_Plyr_Foot_Glass_L_02,/Script/Engine.SoundWave,5423,5423,0,0,5727
/Game/Audio/Sounds/Footsteps/Lyra_Plyr_Foot_Glass_L_03.Lyra_Plyr_Foot_Glass_L_03,/Script/Engine.SoundWave,5408,5408,0,0,5657
/Game/Audio/Sounds/Footsteps/Lyra_Plyr_Foot_Glass_L_04.Lyra_Plyr_Foot_Glass_L_04,/Script/Engine.SoundWave,4399,4399,0,0,4421
/Game/Audio/Sounds/Footsteps/Lyra_Plyr_Foot_Glass_R_01.Lyra_Plyr_Foot_Glass_R_01,/Script/Engine.SoundWave,5467,5467,0,0,5861
/Game/Audio/Sounds/Footsteps/Lyra_Plyr_Foot_Glass_R_02.Lyra_Plyr_Foot_Glass_R_02,/Script/Engine.SoundWave,5449,5449,0,0,5675
/Game/Audio/Sounds/Footsteps/Lyra_Plyr_Foot_Glass_R_03.Lyra_Plyr_Foot_Glass_R_03,/Script/Engine.SoundWave,4993,4993,0,0,5043
/Game/Audio/Sounds/Footsteps/Lyra_Plyr_Foot_Glass_R_04.Lyra_Plyr_Foot_Glass_R_04,/Script/Engine.SoundWave,5774,5774,0,0,5965
/Game/Audio/Sounds/Footsteps/Lyra_Plyr_Foot_L_01.Lyra_Plyr_Foot_L_01,/Script/Engine.SoundWave,2069,2069,0,0,2069
/Game/Audio/Sounds/Footsteps/Lyra_Plyr_Foot_L_02.Lyra_Plyr_Foot_L_02,/Script/Engine.SoundWave,1807,1807,0,0,1807
/Game/Audio/Sounds/Footsteps/Lyra_Plyr_Foot_L_03.Lyra_Plyr_Foot_L_03,/Script/Engine.SoundWave,1898,1898,0,0,1927
/Game/Audio/Sounds/Footsteps/Lyra_Plyr_Foot_L_04.Lyra_Plyr_Foot_L_04,/Script/Engine.SoundWave,1783,1783,0,0,1783
/Game/Audio/Sounds/Footsteps/Lyra_Plyr_Foot_L_05.Lyra_Plyr_Foot_L_05,/Script/Engine.SoundWave,2093,2093,0,0,2093
/Game/Audio/Sounds/Footsteps/Lyra_Plyr_Foot_L_06.Lyra_Plyr_Foot_L_06,/Script/Engine.SoundWave,1859,1859,0,0,1859
/Game/Audio/Sounds/Footsteps/Lyra_Plyr_Foot_R_01.Lyra_Plyr_Foot_R_01,/Script/Engine.SoundWave,2121,2121,0,0,2121
/Game/Audio/Sounds/Footsteps/Lyra_Plyr_Foot_R_02.Lyra_Plyr_Foot_R_02,/Script/Engine.SoundWave,2073,2073,0,0,2073
/Game/Audio/Sounds/Footsteps/Lyra_Plyr_Foot_R_03.Lyra_Plyr_Foot_R_03,/Script/Engine.SoundWave,1692,1692,0,0,1735
/Game/Audio/Sounds/Footsteps/Lyra_Plyr_Foot_R_04.Lyra_Plyr_Foot_R_04,/Script/Engine.SoundWave,1973,1973,0,0,1973
/Game/Audio/Sounds/Footsteps/Lyra_Plyr_Foot_R_05.Lyra_Plyr_Foot_R_05,/Script/Engine.SoundWave,1993,1993,0,0,1993
/Game/Audio/Sounds/Footsteps/Lyra_Plyr_Foot_R_06.Lyra_Plyr_Foot_R_06,/Script/Engine.SoundWave,1529,1529,0,0,1529
/Game/Audio/Sounds/Footsteps/Lyra_Plyr_Land_Generic_01.Lyra_Plyr_Land_Generic_01,/Script/Engine.SoundWave,7683,7683,0,0,7933
/Game/Audio/Sounds/Footsteps/Lyra_Plyr_Land_Generic_02.Lyra_Plyr_Land_Generic_02,/Script/Engine.SoundWave,6451,6451,0,0,6511
/Game/Audio/Sounds/Footsteps/Lyra_Plyr_Land_Generic_03.Lyra_Plyr_Land_Generic_03,/Script/Engine.SoundWave,5467,5467,0,0,5535
/Game/Audio/Sounds/Footsteps/Lyra_Plyr_Land_Generic_04.Lyra_Plyr_Land_Generic_04,/Script/Engine.SoundWave,5328,5328,0,0,5427
/Game/Audio/Sounds/Footsteps/Lyra_Plyr_Land_Glass_01.Lyra_Plyr_Land_Glass_01,/Script/Engine.SoundWave,8791,8791,0,0,8931
/Game/Audio/Sounds/Footsteps/Lyra_Plyr_Land_Glass_02.Lyra_Plyr_Land_Glass_02,/Script/Engine.SoundWave,6955,6955,0,0,7181
/Game/Audio/Sounds/Footsteps/Lyra_Plyr_Land_Glass_03.Lyra_Plyr_Land_Glass_03,/Script/Engine.SoundWave,7176,7176,0,0,7485
/Game/Audio/Sounds/Footsteps/Lyra_Plyr_Land_Glass_04.Lyra_Plyr_Land_Glass_04,/Script/Engine.SoundWave,7679,7679,0,0,7679
/Game/Audio/Sounds/Grenade/grenade_bounce_01.grenade_bounce_01,/Script/Engine.SoundWave,9504,9504,0,0,10354
/Game/Audio/Sounds/Grenade/grenade_bounce_02.grenade_bounce_02,/Script/Engine.SoundWave,7379,7379,0,0,8164
/Game/Audio/Sounds/Grenade/grenade_bounce_03.grenade_bounce_03,/Script/Engine.SoundWave,10580,10580,0,0,11202
/Game/Audio/Sounds/Grenade/grenade_bounce_04.grenade_bounce_04,/Script/Engine.SoundWave,9057,9057,0,0,9912
/Game/Audio/Sounds/Grenade/grenade_bounce_05.grenade_bounce_05,/Script/Engine.SoundWave,9936,9936,0,0,10928
/Game/Audio/Sounds/Grenade/grenade_explode_body_01.grenade_explode_body_01,/Script/Engine.SoundWave,38505,38505,0,0,41198
/Game/Audio/Sounds/Grenade/grenade_explode_body_02.grenade_explode_body_02,/Script/Engine.SoundWave,30922,30922,0,0,32840
/Game/Audio/Sounds/Grenade/grenade_explode_body_03.grenade_explode_body_03,/Script/Engine.SoundWave,29346,29346,0,0,30790
/Game/Audio/Sounds/Grenade/grenade_explode_sizzle_01.grenade_explode_sizzle_01,/Script/Engine.SoundWave,29068,29068,0,0,31900
/Game/Audio/Sounds/Grenade/grenade_explode_sizzle_02.grenade_explode_sizzle_02,/Script/Engine.SoundWave,27885,27885,0,0,31370
/Game/Audio/Sounds/Grenade/grenade_explode_thump_01.grenade_explode_thump_01,/Script/Engine.SoundWave,12402,12402,0,0,14750
/Game/Audio/Sounds/Grenade/grenade_explode_thump_02.grenade_explode_thump_02,/Script/Engine.SoundWave,16429,16429,0,0,19528
/Game/Audio/Sounds/Grenade/grenade_explode_thump_03.grenade_explode_thump_03,/Script/Engine.SoundWave,24988,24988,0,0,28188
/Game/Audio/Sounds/Grenade/grenade_explode_whack_01.grenade_explode_whack_01,/Script/Engine.SoundWave,26835,26835,0,0,30214
/Game/Audio/Sounds/Grenade/grenade_explode_whack_02.grenade_explode_whack_02,/Script/Engine.SoundWave,28188,28188,0,0,30238
/Game/Audio/Sounds/Grenade/grenade_explode_whack_03.grenade_explode_whack_03,/Script/Engine.SoundWave,20595,20595,0,0,22696
/Game/Audio/Sounds/Grenade/grenade_explode_whack_04.grenade_explode_whack_04,/Script/Engine.SoundWave,27184,27184,0,0,29822
/Game/Audio/Sounds/Grenade/grenade_explode_whack_05.grenade_explode_whack_05,/Script/Engine.SoundWave,27416,27416,0,0,30308
/Game/Audio/Sounds/Impacts/Lyra_EnemyDestroyed_01.Lyra_EnemyDestroyed_01,/Script/Engine.SoundWave,75503,75503,0,0,79024
/Game/Audio/Sounds/Impacts/Lyra_EnemyDestroyed_02.Lyra_EnemyDestroyed_02,/Script/Engine.SoundWave,68413,68413,0,0,72322
/Game/Audio/Sounds/Impacts/Lyra_EnemyDestroyed_03.Lyra_EnemyDestroyed_03,/Script/Engine.SoundWave,73940,73940,0,0,77944
/Game/Audio/Sounds/Impacts/Lyra_EnemyDestroyed_04.Lyra_EnemyDestroyed_04,/Script/Engine.SoundWave,79606,79606,0,0,83816
/Game/Audio/Sounds/Impacts/Lyra_EnemyDestroyed_05.Lyra_EnemyDestroyed_05,/Script/Engine.SoundWave,84060,84060,0,0,88926
/Game/Audio/Sounds/Impacts/Lyra_EnemyDestroyed_06.Lyra_EnemyDestroyed_06,/Script/Engine.SoundWave,73549,73549,0,0,77278
/Game/Audio/Sounds/Impacts/Lyra_EnemyDestroyed_07.Lyra_EnemyDestroyed_07,/Script/Engine.SoundWave,91727,91727,0,0,96616
/Game/Audio/Sounds/Impacts/Lyra_EnemyKilled_01.Lyra_EnemyKilled_01,/Script/Engine.SoundWave,43301,43301,0,0,46219
/Game/Audio/Sounds/Impacts/Lyra_EnemyKilled_02.Lyra_EnemyKilled_02,/Script/Engine.SoundWave,36545,36545,0,0,38555
/Game/Audio/Sounds/Impacts/Lyra_EnemyKilled_03.Lyra_EnemyKilled_03,/Script/Engine.SoundWave,39869,39869,0,0,41301
/Game/Audio/Sounds/Impacts/Lyra_EnemyKilled_04.Lyra_EnemyKilled_04,/Script/Engine.SoundWave,30764,30764,0,0,31615
/Game/Audio/Sounds/Impacts/Lyra_EnemyKilled_05.Lyra_EnemyKilled_05,/Script/Engine.SoundWave,31317,31317,0,0,32263
/Game/Audio/Sounds/Impacts/Lyra_ImpactGlass_01.Lyra_ImpactGlass_01,/Script/Engine.SoundWave,16262,16262,0,0,16504
/Game/Audio/Sounds/Impacts/Lyra_ImpactGlass_02.Lyra_ImpactGlass_02,/Script/Engine.SoundWave,17707,17707,0,0,17848
/Game/Audio/Sounds/Impacts/Lyra_ImpactGlass_03.Lyra_ImpactGlass_03,/Script/Engine.SoundWave,11994,11994,0,0,12250
/Game/Audio/Sounds/Impacts/Lyra_ImpactGlass_04.Lyra_ImpactGlass_04,/Script/Engine.SoundWave,15949,15949,0,0,16244
/Game/Audio/Sounds/Impacts/Lyra_ImpactGlass_05.Lyra_ImpactGlass_05,/Script/Engine.SoundWave,10383,10383,0,0,10732
/Game/Audio/Sounds/Impacts/Lyra_ImpactGlass_06.Lyra_ImpactGlass_06,/Script/Engine.SoundWave,15937,15937,0,0,16700
/Game/Audio/Sounds/Impacts/Lyra_ImpactGlass_07.Lyra_ImpactGlass_07,/Script/Engine.SoundWave,11103,11103,0,0,11354
/Game/Audio/Sounds/Impacts/Lyra_ImpactGlassDebris_01.Lyra_ImpactGlassDebris_01,/Script/Engine.SoundWave,41213,41213,0,0,41832
/Game/Audio/Sounds/Impacts/Lyra_ImpactGlassDebris_02.Lyra_ImpactGlassDebris_02,/Script/Engine.SoundWave,28163,28163,0,0,29662
/Game/Audio/Sounds/Impacts/Lyra_ImpactGlassDebris_03.Lyra_ImpactGlassDebris_03,/Script/Engine.SoundWave,26530,26530,0,0,26692
/Game/Audio/Sounds/Impacts/Lyra_ImpactGlassDebris_04.Lyra_ImpactGlassDebris_04,/Script/Engine.SoundWave,24604,24604,0,0,25600
/Game/Audio/Sounds/Impacts/Lyra_ImpactGlassDebris_05.Lyra_ImpactGlassDebris_05,/Script/Engine.SoundWave,21289,21289,0,0,21924
/Game/Audio/Sounds/Impacts/Lyra_ImpactGlassDebris_06.Lyra_ImpactGlassDebris_06,/Script/Engine.SoundWave,38640,38640,0,0,39776
/Game/Audio/Sounds/Impacts/Lyra_ImpactGlassDebris_07.Lyra_ImpactGlassDebris_07,/Script/Engine.SoundWave,41800,41800,0,0,44354
/Game/Audio/Sounds/Impacts/Lyra_ImpactHeadshot_01.Lyra_ImpactHeadshot_01,/Script/Engine.SoundWave,7150,7150,0,0,7421
/Game/Audio/Sounds/Impacts/Lyra_ImpactHeadshot_02.Lyra_ImpactHeadshot_02,/Script/Engine.SoundWave,8117,8117,0,0,8533
/Game/Audio/Sounds/Impacts/Lyra_ImpactHeadshot_03.Lyra_ImpactHeadshot_03,/Script/Engine.SoundWave,7951,7951,0,0,7985
/Game/Audio/Sounds/Impacts/Lyra_ImpactHeadshot_04.Lyra_ImpactHeadshot_04,/Script/Engine.SoundWave,8395,8395,0,0,8491
/Game/Audio/Sounds/Impacts/Lyra_ImpactHeadshot_05.Lyra_ImpactHeadshot_05,/Script/Engine.SoundWave,7740,7740,0,0,7887
/Game/Audio/Sounds/Impacts/Lyra_ImpactHeadshot_06.Lyra_ImpactHeadshot_06,/Script/Engine.SoundWave,7723,7723,0,0,7803
/Game/Audio/Sounds/Impacts/Lyra_ImpactPlaster_10.Lyra_ImpactPlaster_10,/Script/Engine.SoundWave,8224,8224,0,0,8526
/Game/Audio/Sounds/Impacts/Lyra_ImpactPlaster_01.Lyra_ImpactPlaster_01,/Script/Engine.SoundWave,8842,8842,0,0,8966
/Game/Audio/Sounds/Impacts/Lyra_ImpactPlaster_02.Lyra_ImpactPlaster_02,/Script/Engine.SoundWave,8028,8028,0,0,8234
/Game/Audio/Sounds/Impacts/Lyra_ImpactPlaster_03.Lyra_ImpactPlaster_03,/Script/Engine.SoundWave,7044,7044,0,0,7252
/Game/Audio/Sounds/Impacts/Lyra_ImpactPlaster_04.Lyra_ImpactPlaster_04,/Script/Engine.SoundWave,8001,8001,0,0,8122
/Game/Audio/Sounds/Impacts/Lyra_ImpactPlaster_05.Lyra_ImpactPlaster_05,/Script/Engine.SoundWave,6673,6673,0,0,6752
/Game/Audio/Sounds/Impacts/Lyra_ImpactPlaster_06.Lyra_ImpactPlaster_06,/Script/Engine.SoundWave,6196,6196,0,0,6288
/Game/Audio/Sounds/Impacts/Lyra_ImpactPlaster_07.Lyra_ImpactPlaster_07,/Script/Engine.SoundWave,6340,6340,0,0,6360
/Game/Audio/Sounds/Impacts/Lyra_ImpactPlaster_08.Lyra_ImpactPlaster_08,/Script/Engine.SoundWave,7952,7952,0,0,7952
/Game/Audio/Sounds/Impacts/Lyra_ImpactPlaster_09.Lyra_ImpactPlaster_09,/Script/Engine.SoundWave,7437,7437,0,0,8010
/Game/Audio/Sounds/Impacts/Lyra_ImpactPlasterDebris_01.Lyra_ImpactPlasterDebris_01,/Script/Engine.SoundWave,26041,26041,0,0,27756
/Game/Audio/Sounds/Impacts/Lyra_ImpactPlasterDebris_02.Lyra_ImpactPlasterDebris_02,/Script/Engine.SoundWave,33681,33681,0,0,36048
/Game/Audio/Sounds/Impacts/Lyra_ImpactPlasterDebris_03.Lyra_ImpactPlasterDebris_03,/Script/Engine.SoundWave,19813,19813,0,0,20158
/Game/Audio/Sounds/Impacts/Lyra_ImpactPlasterDebris_04.Lyra_ImpactPlasterDebris_04,/Script/Engine.SoundWave,27867,27867,0,0,29352
/Game/Audio/Sounds/Impacts/Lyra_ImpactPlasterDebris_05.Lyra_ImpactPlasterDebris_05,/Script/Engine.SoundWave,24421,24421,0,0,25334
/Game/Audio/Sounds/Impacts/Lyra_ImpactPlasterDebris_06.Lyra_ImpactPlasterDebris_06,/Script/Engine.SoundWave,26426,26426,0,0,27228
/Game/Audio/Sounds/Impacts/Lyra_ImpactPlasterDebris_07.Lyra_ImpactPlasterDebris_07,/Script/Engine.SoundWave,34412,34412,0,0,36740
/Game/Audio/Sounds/Impacts/Lyra_Plyr_BulletImpact_01.Lyra_Plyr_BulletImpact_01,/Script/Engine.SoundWave,14890,14890,0,0,15080
/Game/Audio/Sounds/Impacts/Lyra_Plyr_BulletImpact_02.Lyra_Plyr_BulletImpact_02,/Script/Engine.SoundWave,10184,10184,0,0,10392
/Game/Audio/Sounds/Impacts/Lyra_Plyr_BulletImpact_03.Lyra_Plyr_BulletImpact_03,/Script/Engine.SoundWave,11998,11998,0,0,12368
/Game/Audio/Sounds/Impacts/Lyra_Plyr_BulletImpact_04.Lyra_Plyr_BulletImpact_04,/Script/Engine.SoundWave,11787,11787,0,0,12606
/Game/Audio/Sounds/Impacts/Lyra_Plyr_BulletImpact_05.Lyra_Plyr_BulletImpact_05,/Script/Engine.SoundWave,12315,12315,0,0,12760
/Game/Audio/Sounds/Impacts/Lyra_Plyr_BulletImpact_06.Lyra_Plyr_BulletImpact_06,/Script/Engine.SoundWave,11136,11136,0,0,11474
/Game/Audio/Sounds/Music/mx_menu_perc-deep_01.mx_menu_perc-deep_01,/Script/Engine.SoundWave,100203,100203,0,0,110244
/Game/Audio/Sounds/Music/mx_menu_perc-deep_02.mx_menu_perc-deep_02,/Script/Engine.SoundWave,97510,97510,0,0,107220
/Game/Audio/Sounds/Music/mx_menu_perc-deep_03.mx_menu_perc-deep_03,/Script/Engine.SoundWave,104752,104752,0,0,114000
/Game/Audio/Sounds/Music/mx_menu_perc-deep_04.mx_menu_perc-deep_04,/Script/Engine.SoundWave,107922,107922,0,0,117640
/Game/Audio/Sounds/Music/mx_menu_perc-deep_05.mx_menu_perc-deep_05,/Script/Engine.SoundWave,57359,57359,0,0,67216
/Game/Audio/Sounds/Music/mx_menu_perc-deep_06.mx_menu_perc-deep_06,/Script/Engine.SoundWave,68162,68162,0,0,78260
/Game/Audio/Sounds/Music/mx_menu_perc-deep_07.mx_menu_perc-deep_07,/Script/Engine.SoundWave,39996,39996,0,0,47380
/Game/Audio/Sounds/Music/mx_menu_perc-light_01.mx_menu_perc-light_01,/Script/Engine.SoundWave,90737,90737,0,0,100200
/Game/Audio/Sounds/Music/mx_menu_perc-light_02.mx_menu_perc-light_02,/Script/Engine.SoundWave,92848,92848,0,0,101776
/Game/Audio/Sounds/Music/mx_menu_perc-light_03.mx_menu_perc-light_03,/Script/Engine.SoundWave,92595,92595,0,0,101660
/Game/Audio/Sounds/Music/mx_menu_perc-light_04.mx_menu_perc-light_04,/Script/Engine.SoundWave,85794,85794,0,0,94636
/Game/Audio/Sounds/Music/mx_menu_perc-light_05.mx_menu_perc-light_05,/Script/Engine.SoundWave,94384,94384,0,0,102696
/Game/Audio/Sounds/Music/mx_menu_plips_01.mx_menu_plips_01,/Script/Engine.SoundWave,63007,63007,0,0,72564
/Game/Audio/Sounds/Music/mx_menu_saw-bass_01.mx_menu_saw-bass_01,/Script/Engine.SoundWave,104510,104510,0,0,114248
/Game/Audio/Sounds/Music/mx_menu_short-pad_01.mx_menu_short-pad_01,/Script/Engine.SoundWave,135092,135092,0,0,146650
/Game/Audio/Sounds/Music/mx_menu_short-pad_02.mx_menu_short-pad_02,/Script/Engine.SoundWave,126051,126051,0,0,137406
/Game/Audio/Sounds/Music/mx_menu_wet-lead-a_01.mx_menu_wet-lead-a_01,/Script/Engine.SoundWave,75039,75039,0,0,87346
/Game/Audio/Sounds/Music/mx_menu_wet-lead-b_01.mx_menu_wet-lead-b_01,/Script/Engine.SoundWave,44140,44140,0,0,57224
/Game/Audio/Sounds/Music/mx_v1_amb_chord-a_long-pad_01.mx_v1_amb_chord-a_long-pad_01,/Script/Engine.SoundWave,86591,86591,0,0,106976
/Game/Audio/Sounds/Music/mx_v1_amb_chord-a_short-pad_01.mx_v1_amb_chord-a_short-pad_01,/Script/Engine.SoundWave,94429,94429,0,0,102386
/Game/Audio/Sounds/Music/mx_v1_amb_chord-b_long-pad_01.mx_v1_amb_chord-b_long-pad_01,/Script/Engine.SoundWave,43133,43133,0,0,54694
/Game/Audio/Sounds/Music/mx_v1_amb_chord-b_short-pad_01.mx_v1_amb_chord-b_short-pad_01,/Script/Engine.SoundWave,62006,62006,0,0,68880
/Game/Audio/Sounds/Music/mx_v1_amb_chord-c_long-pad_01.mx_v1_amb_chord-c_long-pad_01,/Script/Engine.SoundWave,88234,88234,0,0,103138
/Game/Audio/Sounds/Music/mx_v1_amb_chord-c_short-pad_01.mx_v1_amb_chord-c_short-pad_01,/Script/Engine.SoundWave,104801,104801,0,0,114096
/Game/Audio/Sounds/Music/mx_v1_amb_chord-d_long-pad_01.mx_v1_amb_chord-d_long-pad_01,/Script/Engine.SoundWave,63457,63457,0,0,73074
/Game/Audio/Sounds/Music/mx_v1_amb_chord-d_short-pad_01.mx_v1_amb_chord-d_short-pad_01,/Script/Engine.SoundWave,53723,53723,0,0,66292
/Game/Audio/Sounds/Music/mx_v1_amb_chord-e_long-pad_01.mx_v1_amb_chord-e_long-pad_01,/Script/Engine.SoundWave,79767,79767,0,0,96952
/Game/Audio/Sounds/Music/mx_v1_amb_chord-e_short-pad_01.mx_v1_amb_chord-e_short-pad_01,/Script/Engine.SoundWave,86344,86344,0,0,94366
/Game/Audio/Sounds/Music/mx_v1_combat_a_long-pad_01.mx_v1_combat_a_long-pad_01,/Script/Engine.SoundWave,123277,123277,0,0,136250
/Game/Audio/Sounds/Music/mx_v1_combat_a_long-pad_02.mx_v1_combat_a_long-pad_02,/Script/Engine.SoundWave,96176,96176,0,0,108650
/Game/Audio/Sounds/Music/mx_v1_combat_a_long-pad_03.mx_v1_combat_a_long-pad_03,/Script/Engine.SoundWave,83136,83136,0,0,94446
/Game/Audio/Sounds/Music/mx_v1_combat_a_long-pad_04.mx_v1_combat_a_long-pad_04,/Script/Engine.SoundWave,89235,89235,0,0,100050
/Game/Audio/Sounds/Music/mx_v1_combat_a_long-pad_05.mx_v1_combat_a_long-pad_05,/Script/Engine.SoundWave,95801,95801,0,0,106806
/Game/Audio/Sounds/Music/mx_v1_combat_a_long-pad_06.mx_v1_combat_a_long-pad_06,/Script/Engine.SoundWave,115326,115326,0,0,130260
/Game/Audio/Sounds/Music/mx_v1_combat_a_plips_01.mx_v1_combat_a_plips_01,/Script/Engine.SoundWave,51486,51486,0,0,57582
/Game/Audio/Sounds/Music/mx_v1_combat_a_plips_02.mx_v1_combat_a_plips_02,/Script/Engine.SoundWave,48536,48536,0,0,55234
/Game/Audio/Sounds/Music/mx_v1_combat_a_plips_03.mx_v1_combat_a_plips_03,/Script/Engine.SoundWave,51685,51685,0,0,58532
/Game/Audio/Sounds/Music/mx_v1_combat_a_plips_04.mx_v1_combat_a_plips_04,/Script/Engine.SoundWave,52175,52175,0,0,59540
/Game/Audio/Sounds/Music/mx_v1_combat_a_plips_05.mx_v1_combat_a_plips_05,/Script/Engine.SoundWave,46224,46224,0,0,52550
/Game/Audio/Sounds/Music/mx_v1_combat_a_saw-bass_01.mx_v1_combat_a_saw-bass_01,/Script/Engine.SoundWave,59116,59116,0,0,65880
/Game/Audio/Sounds/Music/mx_v1_combat_a_saw-bass_02.mx_v1_combat_a_saw-bass_02,/Script/Engine.SoundWave,54285,54285,0,0,62206
/Game/Audio/Sounds/Music/mx_v1_combat_a_saw-bass_03.mx_v1_combat_a_saw-bass_03,/Script/Engine.SoundWave,65283,65283,0,0,72570
/Game/Audio/Sounds/Music/mx_v1_combat_a_saw-bass_04.mx_v1_combat_a_saw-bass_04,/Script/Engine.SoundWave,43122,43122,0,0,49310
/Game/Audio/Sounds/Music/mx_v1_combat_a_saw-bass_05.mx_v1_combat_a_saw-bass_05,/Script/Engine.SoundWave,46084,46084,0,0,52074
/Game/Audio/Sounds/Music/mx_v1_combat_a_saw-bass_06.mx_v1_combat_a_saw-bass_06,/Script/Engine.SoundWave,57671,57671,0,0,65890
/Game/Audio/Sounds/Music/mx_v1_combat_a_short-pad_01.mx_v1_combat_a_short-pad_01,/Script/Engine.SoundWave,78622,78622,0,0,85492
/Game/Audio/Sounds/Music/mx_v1_combat_a_short-pad_02.mx_v1_combat_a_short-pad_02,/Script/Engine.SoundWave,71114,71114,0,0,77740
/Game/Audio/Sounds/Music/mx_v1_combat_a_short-pad_03.mx_v1_combat_a_short-pad_03,/Script/Engine.SoundWave,66880,66880,0,0,73460
/Game/Audio/Sounds/Music/mx_v1_combat_a_short-pad_04.mx_v1_combat_a_short-pad_04,/Script/Engine.SoundWave,63055,63055,0,0,68854
/Game/Audio/Sounds/Music/mx_v1_combat_a_short-pad_05.mx_v1_combat_a_short-pad_05,/Script/Engine.SoundWave,78447,78447,0,0,85432
/Game/Audio/Sounds/Music/mx_v1_combat_a_short-pad_06.mx_v1_combat_a_short-pad_06,/Script/Engine.SoundWave,73015,73015,0,0,79916
/Game/Audio/Sounds/Music/mx_v1_combat_a_short-pad_07.mx_v1_combat_a_short-pad_07,/Script/Engine.SoundWave,69317,69317,0,0,75916
/Game/Audio/Sounds/Music/mx_v1_combat_a_short-pad_08.mx_v1_combat_a_short-pad_08,/Script/Engine.SoundWave,61604,61604,0,0,67322
/Game/Audio/Sounds/Music/mx_v1_combat_a_wet-lead_01.mx_v1_combat_a_wet-lead_01,/Script/Engine.SoundWave,136672,136672,0,0,156102
/Game/Audio/Sounds/Music/mx_v1_combat_a_wet-lead_02.mx_v1_combat_a_wet-lead_02,/Script/Engine.SoundWave,101818,101818,0,0,114122
/Game/Audio/Sounds/Music/mx_v1_combat_a_wet-lead_03.mx_v1_combat_a_wet-lead_03,/Script/Engine.SoundWave,157760,157760,0,0,190510
/Game/Audio/Sounds/Music/mx_v1_combat_a_woo-bass_01.mx_v1_combat_a_woo-bass_01,/Script/Engine.SoundWave,52928,52928,0,0,61930
/Game/Audio/Sounds/Music/mx_v1_combat_a_woo-bass_02.mx_v1_combat_a_woo-bass_02,/Script/Engine.SoundWave,39087,39087,0,0,48718
/Game/Audio/Sounds/Music/mx_v1_combat_a_woo-bass_03.mx_v1_combat_a_woo-bass_03,/Script/Engine.SoundWave,53507,53507,0,0,63138
/Game/Audio/Sounds/Music/mx_v1_combat_a_woo-bass_04.mx_v1_combat_a_woo-bass_04,/Script/Engine.SoundWave,39440,39440,0,0,48938
/Game/Audio/Sounds/Music/mx_v1_combat_a_woo-bass_05.mx_v1_combat_a_woo-bass_05,/Script/Engine.SoundWave,40815,40815,0,0,49922
/Game/Audio/Sounds/Music/mx_v1_combat_b_chord-a_dry-lead_01.mx_v1_combat_b_chord-a_dry-lead_01,/Script/Engine.SoundWave,32926,32926,0,0,39074
/Game/Audio/Sounds/Music/mx_v1_combat_b_chord-a_wet-lead_01.mx_v1_combat_b_chord-a_wet-lead_01,/Script/Engine.SoundWave,36262,36262,0,0,42330
/Game/Audio/Sounds/Music/mx_v1_combat_b_chord-a_woo-bass_01.mx_v1_combat_b_chord-a_woo-bass_01,/Script/Engine.SoundWave,42848,42848,0,0,52856
/Game/Audio/Sounds/Music/mx_v1_combat_b_chord-b_dry-lead_01.mx_v1_combat_b_chord-b_dry-lead_01,/Script/Engine.SoundWave,33455,33455,0,0,40134
/Game/Audio/Sounds/Music/mx_v1_combat_b_chord-b_wet-lead_01.mx_v1_combat_b_chord-b_wet-lead_01,/Script/Engine.SoundWave,36825,36825,0,0,43718
/Game/Audio/Sounds/Music/mx_v1_combat_b_chord-b_woo-bass_01.mx_v1_combat_b_chord-b_woo-bass_01,/Script/Engine.SoundWave,38830,38830,0,0,47908
/Game/Audio/Sounds/Music/mx_v1_combat_b_chord-c_dry-lead_01.mx_v1_combat_b_chord-c_dry-lead_01,/Script/Engine.SoundWave,23632,23632,0,0,27940
/Game/Audio/Sounds/Music/mx_v1_combat_b_chord-c_wet-lead_01.mx_v1_combat_b_chord-c_wet-lead_01,/Script/Engine.SoundWave,25900,25900,0,0,30356
/Game/Audio/Sounds/Music/mx_v1_combat_b_chord-c_woo-bass_01.mx_v1_combat_b_chord-c_woo-bass_01,/Script/Engine.SoundWave,35018,35018,0,0,42860
/Game/Audio/Sounds/Music/mx_v1_combat_b_chord-d_dry-lead_01.mx_v1_combat_b_chord-d_dry-lead_01,/Script/Engine.SoundWave,33034,33034,0,0,39510
/Game/Audio/Sounds/Music/mx_v1_combat_b_chord-d_wet-lead_01.mx_v1_combat_b_chord-d_wet-lead_01,/Script/Engine.SoundWave,36235,36235,0,0,43146
/Game/Audio/Sounds/Music/mx_v1_combat_b_chord-d_woo-bass_01.mx_v1_combat_b_chord-d_woo-bass_01,/Script/Engine.SoundWave,42308,42308,0,0,51144
/Game/Audio/Sounds/Music/mx_v1_combat_b_perc-deep_01.mx_v1_combat_b_perc-deep_01,/Script/Engine.SoundWave,19095,19095,0,0,22784
/Game/Audio/Sounds/Music/mx_v1_combat_b_perc-deep_02.mx_v1_combat_b_perc-deep_02,/Script/Engine.SoundWave,5364,5364,0,0,7456
/Game/Audio/Sounds/Music/mx_v1_combat_b_perc-deep_03.mx_v1_combat_b_perc-deep_03,/Script/Engine.SoundWave,13569,13569,0,0,17528
/Game/Audio/Sounds/Music/mx_v1_combat_b_perc-deep_04.mx_v1_combat_b_perc-deep_04,/Script/Engine.SoundWave,21380,21380,0,0,25060
/Game/Audio/Sounds/Music/mx_v1_combat_b_perc-deep_05.mx_v1_combat_b_perc-deep_05,/Script/Engine.SoundWave,21296,21296,0,0,24968
/Game/Audio/Sounds/Music/mx_v1_combat_b_perc-deep_06.mx_v1_combat_b_perc-deep_06,/Script/Engine.SoundWave,8200,8200,0,0,9940
/Game/Audio/Sounds/Music/mx_v1_combat_b_perc-deep_07.mx_v1_combat_b_perc-deep_07,/Script/Engine.SoundWave,13858,13858,0,0,17816
/Game/Audio/Sounds/Music/mx_v1_combat_b_perc-deep_08.mx_v1_combat_b_perc-deep_08,/Script/Engine.SoundWave,12975,12975,0,0,14808
/Game/Audio/Sounds/Music/mx_v1_combat_b_perc-light_10.mx_v1_combat_b_perc-light_10,/Script/Engine.SoundWave,32646,32646,0,0,36896
/Game/Audio/Sounds/Music/mx_v1_combat_b_perc-light_11.mx_v1_combat_b_perc-light_11,/Script/Engine.SoundWave,17881,17881,0,0,20028
/Game/Audio/Sounds/Music/mx_v1_combat_b_perc-light_12.mx_v1_combat_b_perc-light_12,/Script/Engine.SoundWave,23082,23082,0,0,27228
/Game/Audio/Sounds/Music/mx_v1_combat_b_perc-light_13.mx_v1_combat_b_perc-light_13,/Script/Engine.SoundWave,32951,32951,0,0,37208
/Game/Audio/Sounds/Music/mx_v1_combat_b_perc-light_01.mx_v1_combat_b_perc-light_01,/Script/Engine.SoundWave,28165,28165,0,0,32072
/Game/Audio/Sounds/Music/mx_v1_combat_b_perc-light_02.mx_v1_combat_b_perc-light_02,/Script/Engine.SoundWave,26633,26633,0,0,30944
/Game/Audio/Sounds/Music/mx_v1_combat_b_perc-light_03.mx_v1_combat_b_perc-light_03,/Script/Engine.SoundWave,18809,18809,0,0,21076
/Game/Audio/Sounds/Music/mx_v1_combat_b_perc-light_04.mx_v1_combat_b_perc-light_04,/Script/Engine.SoundWave,16838,16838,0,0,20896
/Game/Audio/Sounds/Music/mx_v1_combat_b_perc-light_05.mx_v1_combat_b_perc-light_05,/Script/Engine.SoundWave,29124,29124,0,0,33416
/Game/Audio/Sounds/Music/mx_v1_combat_b_perc-light_06.mx_v1_combat_b_perc-light_06,/Script/Engine.SoundWave,19862,19862,0,0,22032
/Game/Audio/Sounds/Music/mx_v1_combat_b_perc-light_07.mx_v1_combat_b_perc-light_07,/Script/Engine.SoundWave,18122,18122,0,0,20280
/Game/Audio/Sounds/Music/mx_v1_combat_b_perc-light_08.mx_v1_combat_b_perc-light_08,/Script/Engine.SoundWave,23516,23516,0,0,27776
/Game/Audio/Sounds/Music/mx_v1_combat_b_perc-light_09.mx_v1_combat_b_perc-light_09,/Script/Engine.SoundWave,34679,34679,0,0,39204
/Game/Audio/Sounds/Music/mx_v1_combat_b_plips_01.mx_v1_combat_b_plips_01,/Script/Engine.SoundWave,44115,44115,0,0,48510
/Game/Audio/Sounds/Music/mx_v1_combat_b_plips_02.mx_v1_combat_b_plips_02,/Script/Engine.SoundWave,42696,42696,0,0,47648
/Game/Audio/Sounds/Music/mx_v1_combat_b_plips_03.mx_v1_combat_b_plips_03,/Script/Engine.SoundWave,53871,53871,0,0,59734
/Game/Audio/Sounds/Music/mx_v1_combat_b_plips_04.mx_v1_combat_b_plips_04,/Script/Engine.SoundWave,31551,31551,0,0,35986
/Game/Audio/Sounds/Music/mx_v1_combat_b_short-pad_01.mx_v1_combat_b_short-pad_01,/Script/Engine.SoundWave,52231,52231,0,0,58230
/Game/Audio/Sounds/Music/mx_v1_combat_b_short-pad_02.mx_v1_combat_b_short-pad_02,/Script/Engine.SoundWave,57724,57724,0,0,63810
/Game/Audio/Sounds/Music/mx_v1_combat_b_short-pad_03.mx_v1_combat_b_short-pad_03,/Script/Engine.SoundWave,56034,56034,0,0,62114
/Game/Audio/Sounds/Music/mx_v1_combat_b_short-pad_04.mx_v1_combat_b_short-pad_04,/Script/Engine.SoundWave,48436,48436,0,0,54246
/Game/Audio/Sounds/Music/mx_v2_combat_a_perc-deep_10.mx_v2_combat_a_perc-deep_10,/Script/Engine.SoundWave,21252,21252,0,0,25164
/Game/Audio/Sounds/Music/mx_v2_combat_a_perc-deep_11.mx_v2_combat_a_perc-deep_11,/Script/Engine.SoundWave,29113,29113,0,0,33184
/Game/Audio/Sounds/Music/mx_v2_combat_a_perc-deep_01.mx_v2_combat_a_perc-deep_01,/Script/Engine.SoundWave,25427,25427,0,0,29660
/Game/Audio/Sounds/Music/mx_v2_combat_a_perc-deep_02.mx_v2_combat_a_perc-deep_02,/Script/Engine.SoundWave,23191,23191,0,0,27112
/Game/Audio/Sounds/Music/mx_v2_combat_a_perc-deep_03.mx_v2_combat_a_perc-deep_03,/Script/Engine.SoundWave,22609,22609,0,0,26660
/Game/Audio/Sounds/Music/mx_v2_combat_a_perc-deep_04.mx_v2_combat_a_perc-deep_04,/Script/Engine.SoundWave,17069,17069,0,0,19228
/Game/Audio/Sounds/Music/mx_v2_combat_a_perc-deep_05.mx_v2_combat_a_perc-deep_05,/Script/Engine.SoundWave,27718,27718,0,0,32008
/Game/Audio/Sounds/Music/mx_v2_combat_a_perc-deep_06.mx_v2_combat_a_perc-deep_06,/Script/Engine.SoundWave,18542,18542,0,0,22428
/Game/Audio/Sounds/Music/mx_v2_combat_a_perc-deep_07.mx_v2_combat_a_perc-deep_07,/Script/Engine.SoundWave,25661,25661,0,0,29296
/Game/Audio/Sounds/Music/mx_v2_combat_a_perc-deep_08.mx_v2_combat_a_perc-deep_08,/Script/Engine.SoundWave,18572,18572,0,0,22396
/Game/Audio/Sounds/Music/mx_v2_combat_a_perc-deep_09.mx_v2_combat_a_perc-deep_09,/Script/Engine.SoundWave,26235,26235,0,0,30216
/Game/Audio/Sounds/Music/mx_v2_combat_a_perc-light_01.mx_v2_combat_a_perc-light_01,/Script/Engine.SoundWave,30285,30285,0,0,34256
/Game/Audio/Sounds/Music/mx_v2_combat_a_perc-light_02.mx_v2_combat_a_perc-light_02,/Script/Engine.SoundWave,18588,18588,0,0,20916
/Game/Audio/Sounds/Music/mx_v2_combat_a_perc-light_03.mx_v2_combat_a_perc-light_03,/Script/Engine.SoundWave,31636,31636,0,0,35988
/Game/Audio/Sounds/Music/mx_v2_combat_a_perc-light_04.mx_v2_combat_a_perc-light_04,/Script/Engine.SoundWave,36345,36345,0,0,40500
/Game/Audio/Sounds/Music/mx_v2_combat_a_perc-light_05.mx_v2_combat_a_perc-light_05,/Script/Engine.SoundWave,38099,38099,0,0,42600
/Game/Audio/Sounds/Music/mx_v2_combat_a_perc-light_06.mx_v2_combat_a_perc-light_06,/Script/Engine.SoundWave,13259,13259,0,0,14908
/Game/Audio/Sounds/Music/mx_v2_combat_a_perc-light_07.mx_v2_combat_a_perc-light_07,/Script/Engine.SoundWave,37245,37245,0,0,42244
/Game/Audio/Sounds/Music/mx_v2_combat_a_perc-light_08.mx_v2_combat_a_perc-light_08,/Script/Engine.SoundWave,25745,25745,0,0,29716
/Game/Audio/Sounds/Music/mx_v2_stinger_positive_perc-deep_01.mx_v2_stinger_positive_perc-deep_01,/Script/Engine.SoundWave,25841,25841,0,0,29520
/Game/Audio/Sounds/Music/mx_v2_stinger_positive_perc-deep_02.mx_v2_stinger_positive_perc-deep_02,/Script/Engine.SoundWave,25910,25910,0,0,29936
/Game/Audio/Sounds/Music/mx_v2_stinger_positive_perc-light_01.mx_v2_stinger_positive_perc-light_01,/Script/Engine.SoundWave,33738,33738,0,0,37744
/Game/Audio/Sounds/Music/mx_v2_stinger_positive_perc-light_02.mx_v2_stinger_positive_perc-light_02,/Script/Engine.SoundWave,41484,41484,0,0,46404
/Game/Audio/Sounds/Music/mx_v2_stinger_positive_saw-bass_01.mx_v2_stinger_positive_saw-bass_01,/Script/Engine.SoundWave,46175,46175,0,0,52060
/Game/Audio/Sounds/Music/mx_v2_stinger_positive_saw-bass_02.mx_v2_stinger_positive_saw-bass_02,/Script/Engine.SoundWave,45690,45690,0,0,51628
/Game/Audio/Sounds/Music/mx_v2_stinger_positive_short-pad_01.mx_v2_stinger_positive_short-pad_01,/Script/Engine.SoundWave,45858,45858,0,0,50494
/Game/Audio/Sounds/Music/mx_v2_stinger_positive_short-pad_02.mx_v2_stinger_positive_short-pad_02,/Script/Engine.SoundWave,45757,45757,0,0,50422
/Game/Audio/Sounds/Music/mx_v2_stinger_positive_wet-lead_01.mx_v2_stinger_positive_wet-lead_01,/Script/Engine.SoundWave,153601,153601,0,0,178706
/Game/Audio/Sounds/Music/mx_v2_stinger_positive_wet-lead_02.mx_v2_stinger_positive_wet-lead_02,/Script/Engine.SoundWave,154033,154033,0,0,179406
/Game/Audio/Sounds/Music/mx_v2_stinger_positive_woo-bass_01.mx_v2_stinger_positive_woo-bass_01,/Script/Engine.SoundWave,38878,38878,0,0,48448
/Game/Audio/Sounds/Music/mx_v2_stinger_positive_woo-bass_02.mx_v2_stinger_positive_woo-bass_02,/Script/Engine.SoundWave,45523,45523,0,0,55996
/Game/Audio/Sounds/SFX/Electrical_Popping_Malfunction.Electrical_Popping_Malfunction,/Script/Engine.SoundWave,76949,76949,0,0,79489
/Game/Audio/Sounds/SFX/Energy_Driven_Whoosh_1.Energy_Driven_Whoosh_1,/Script/Engine.SoundWave,48807,48807,0,0,52489
/Game/Audio/Sounds/SFX/Energy_Driven_Whoosh_2.Energy_Driven_Whoosh_2,/Script/Engine.SoundWave,41378,41378,0,0,45621
/Game/Audio/Sounds/SFX/Lyra_BasePickup_01.Lyra_BasePickup_01,/Script/Engine.SoundWave,65015,65015,0,0,66888
/Game/Audio/Sounds/SFX/Lyra_BasePickup_02.Lyra_BasePickup_02,/Script/Engine.SoundWave,81312,81312,0,0,84612
/Game/Audio/Sounds/SFX/Lyra_BasePickup_03.Lyra_BasePickup_03,/Script/Engine.SoundWave,65739,65739,0,0,68282
/Game/Audio/Sounds/SFX/Lyra_ControlPoint_CapturedByEnemy_01.Lyra_ControlPoint_CapturedByEnemy_01,/Script/Engine.SoundWave,37208,37208,0,0,40027
/Game/Audio/Sounds/SFX/Lyra_ControlPoint_CapturedByFriendly_01.Lyra_ControlPoint_CapturedByFriendly_01,/Script/Engine.SoundWave,37817,37817,0,0,40853
/Game/Audio/Sounds/SFX/Lyra_Dash_01.Lyra_Dash_01,/Script/Engine.SoundWave,27921,27921,0,0,28087
/Game/Audio/Sounds/SFX/Lyra_Dash_02.Lyra_Dash_02,/Script/Engine.SoundWave,22412,22412,0,0,22809
/Game/Audio/Sounds/SFX/Lyra_EndOfRound-Defeat_01.Lyra_EndOfRound-Defeat_01,/Script/Engine.SoundWave,114809,114809,0,0,122274
/Game/Audio/Sounds/SFX/Lyra_EndOfRound-Tick-01.Lyra_EndOfRound-Tick-01,/Script/Engine.SoundWave,30429,30429,0,0,34214
/Game/Audio/Sounds/SFX/Lyra_EndOfRound-Victory_01.Lyra_EndOfRound-Victory_01,/Script/Engine.SoundWave,106375,106375,0,0,114084
/Game/Audio/Sounds/SFX/Lyra_ItemReplenish_01.Lyra_ItemReplenish_01,/Script/Engine.SoundWave,41534,41534,0,0,42990
/Game/Audio/Sounds/SFX/Lyra_ItemReplenish_02.Lyra_ItemReplenish_02,/Script/Engine.SoundWave,41441,41441,0,0,43232
/Game/Audio/Sounds/SFX/Lyra_JumpPad_01.Lyra_JumpPad_01,/Script/Engine.SoundWave,22839,22839,0,0,24006
/Game/Audio/Sounds/SFX/Lyra_JumpPad_02.Lyra_JumpPad_02,/Script/Engine.SoundWave,25675,25675,0,0,26356
/Game/Audio/Sounds/SFX/Lyra_JumpPad_03.Lyra_JumpPad_03,/Script/Engine.SoundWave,33416,33416,0,0,35242
/Game/Audio/Sounds/SFX/Lyra_JumpPad_Whoosh_01.Lyra_JumpPad_Whoosh_01,/Script/Engine.SoundWave,36733,36733,0,0,38112
/Game/Audio/Sounds/SFX/Lyra_JumpPad_Whoosh_02.Lyra_JumpPad_Whoosh_02,/Script/Engine.SoundWave,34066,34066,0,0,35558
/Game/Audio/Sounds/SFX/Lyra_KillingSpree_01.Lyra_KillingSpree_01,/Script/Engine.SoundWave,95271,95271,0,0,102011
/Game/Audio/Sounds/SFX/Lyra_KillingSpree_02.Lyra_KillingSpree_02,/Script/Engine.SoundWave,94188,94188,0,0,100323
/Game/Audio/Sounds/SFX/Lyra_KillingSpree_03.Lyra_KillingSpree_03,/Script/Engine.SoundWave,100569,100569,0,0,106727
/Game/Audio/Sounds/SFX/Lyra_MeleeImpact_01.Lyra_MeleeImpact_01,/Script/Engine.SoundWave,6352,6352,0,0,6471
/Game/Audio/Sounds/SFX/Lyra_MeleeImpact_02.Lyra_MeleeImpact_02,/Script/Engine.SoundWave,8497,8497,0,0,8581
/Game/Audio/Sounds/SFX/Lyra_MeleeImpact_03.Lyra_MeleeImpact_03,/Script/Engine.SoundWave,8248,8248,0,0,8323
/Game/Audio/Sounds/SFX/Lyra_MeleeWhoosh_01.Lyra_MeleeWhoosh_01,/Script/Engine.SoundWave,6427,6427,0,0,6455
/Game/Audio/Sounds/SFX/Lyra_MeleeWhoosh_02.Lyra_MeleeWhoosh_02,/Script/Engine.SoundWave,7299,7299,0,0,7517
/Game/Audio/Sounds/SFX/Lyra_MeleeWhoosh_03.Lyra_MeleeWhoosh_03,/Script/Engine.SoundWave,7859,7859,0,0,7859
/Game/Audio/Sounds/SFX/Lyra_PickUpWeapon_01.Lyra_PickUpWeapon_01,/Script/Engine.SoundWave,21502,21502,0,0,22210
/Game/Audio/Sounds/SFX/Lyra_Plyr_Spawn_01.Lyra_Plyr_Spawn_01,/Script/Engine.SoundWave,81974,81974,0,0,85342
/Game/Audio/Sounds/SFX/Lyra_Plyr_Spawn_02.Lyra_Plyr_Spawn_02,/Script/Engine.SoundWave,74446,74446,0,0,76944
/Game/Audio/Sounds/SFX/Lyra_Portal_01.Lyra_Portal_01,/Script/Engine.SoundWave,61467,61467,0,0,64269
/Game/Audio/Sounds/SFX/Lyra_Portal_02.Lyra_Portal_02,/Script/Engine.SoundWave,49106,49106,0,0,51343
/Game/Audio/Sounds/SFX/Lyra_Portal_03.Lyra_Portal_03,/Script/Engine.SoundWave,45601,45601,0,0,47873
/Game/Audio/Sounds/SFX/Lyra_Portal_04.Lyra_Portal_04,/Script/Engine.SoundWave,61342,61342,0,0,63953
/Game/Audio/Sounds/SFX/Lyra_Portal_05.Lyra_Portal_05,/Script/Engine.SoundWave,55875,55875,0,0,56215
/Game/Audio/Sounds/SFX/Lyra_RingLoop_01.Lyra_RingLoop_01,/Script/Engine.SoundWave,106123,106123,0,0,111843
/Game/Audio/Sounds/SFX/Lyra_RingLoop_02.Lyra_RingLoop_02,/Script/Engine.SoundWave,121968,121968,0,0,127273
/Game/Audio/Sounds/SFX/Lyra_RingLoop_03.Lyra_RingLoop_03,/Script/Engine.SoundWave,168882,168882,0,0,172077
/Game/Audio/Sounds/SFX/SFX_Chime_03A.SFX_Chime_03A,/Script/Engine.SoundWave,24645,24645,0,0,28386
/Game/Audio/Sounds/UI/Lyra_UI_Lobby_Highlight_01.Lyra_UI_Lobby_Highlight_01,/Script/Engine.SoundWave,2359,2359,0,0,2566
/Game/Audio/Sounds/UI/Lyra_UI_Lobby_Highlight_02.Lyra_UI_Lobby_Highlight_02,/Script/Engine.SoundWave,2508,2508,0,0,2838
/Game/Audio/Sounds/UI/Lyra_UI_Lobby_Select.Lyra_UI_Lobby_Select,/Script/Engine.SoundWave,26689,26689,0,0,28852
/Game/Audio/Sounds/UI/Lyra_UI_MainMenu_Highlight_01.Lyra_UI_MainMenu_Highlight_01,/Script/Engine.SoundWave,12086,12086,0,0,12628
/Game/Audio/Sounds/UI/Lyra_UI_MainMenu_Highlight_02.Lyra_UI_MainMenu_Highlight_02,/Script/Engine.SoundWave,13170,13170,0,0,13712
/Game/Audio/Sounds/UI/Lyra_UI_MainMenu_Select.Lyra_UI_MainMenu_Select,/Script/Engine.SoundWave,47022,47022,0,0,49870
/Game/Audio/Sounds/UI/Lyra_UI_SubMenu_Highlight_01.Lyra_UI_SubMenu_Highlight_01,/Script/Engine.SoundWave,3076,3076,0,0,3076
/Game/Audio/Sounds/UI/Lyra_UI_SubMenu_Highlight_02.Lyra_UI_SubMenu_Highlight_02,/Script/Engine.SoundWave,2365,2365,0,0,2394
/Game/Audio/Sounds/Weapons/Pistol/Weapons_Pistol_ClipIn_01.Weapons_Pistol_ClipIn_01,/Script/Engine.SoundWave,11367,11367,0,0,11416
/Game/Audio/Sounds/Weapons/Pistol/Weapons_Pistol_ClipOut_01.Weapons_Pistol_ClipOut_01,/Script/Engine.SoundWave,10138,10138,0,0,10138
/Game/Audio/Sounds/Weapons/Pistol/Weapons_Pistol_DryFire_01.Weapons_Pistol_DryFire_01,/Script/Engine.SoundWave,5316,5316,0,0,5440
/Game/Audio/Sounds/Weapons/Pistol/Weapons_Pistol_Mech_01.Weapons_Pistol_Mech_01,/Script/Engine.SoundWave,1737,1737,0,0,1737
/Game/Audio/Sounds/Weapons/Pistol/Weapons_Pistol_Noise-Interior-Close_01.Weapons_Pistol_Noise-Interior-Close_01,/Script/Engine.SoundWave,41659,41659,0,0,43613
/Game/Audio/Sounds/Weapons/Pistol/Weapons_Pistol_Noise-Interior-Close_02.Weapons_Pistol_Noise-Interior-Close_02,/Script/Engine.SoundWave,40777,40777,0,0,42721
/Game/Audio/Sounds/Weapons/Pistol/Weapons_Pistol_Noise-Interior-Close_03.Weapons_Pistol_Noise-Interior-Close_03,/Script/Engine.SoundWave,40234,40234,0,0,42045
/Game/Audio/Sounds/Weapons/Pistol/Weapons_Pistol_Noise-Interior-Close_04.Weapons_Pistol_Noise-Interior-Close_04,/Script/Engine.SoundWave,41682,41682,0,0,43633
/Game/Audio/Sounds/Weapons/Pistol/Weapons_Pistol_Noise-Interior-Close_05.Weapons_Pistol_Noise-Interior-Close_05,/Script/Engine.SoundWave,40656,40656,0,0,42441
/Game/Audio/Sounds/Weapons/Pistol/Weapons_Pistol_Noise-Interior-Close_06.Weapons_Pistol_Noise-Interior-Close_06,/Script/Engine.SoundWave,40392,40392,0,0,42249
/Game/Audio/Sounds/Weapons/Pistol/Weapons_Pistol_Noise-Interior-Close_07.Weapons_Pistol_Noise-Interior-Close_07,/Script/Engine.SoundWave,41366,41366,0,0,43267
/Game/Audio/Sounds/Weapons/Pistol/Weapons_Pistol_Noise-Interior-Distant_01.Weapons_Pistol_Noise-Interior-Distant_01,/Script/Engine.SoundWave,27551,27551,0,0,28865
/Game/Audio/Sounds/Weapons/Pistol/Weapons_Pistol_Noise-Interior-Distant_02.Weapons_Pistol_Noise-Interior-Distant_02,/Script/Engine.SoundWave,27627,27627,0,0,28941
/Game/Audio/Sounds/Weapons/Pistol/Weapons_Pistol_Noise-Interior-Distant_03.Weapons_Pistol_Noise-Interior-Distant_03,/Script/Engine.SoundWave,27583,27583,0,0,28901
/Game/Audio/Sounds/Weapons/Pistol/Weapons_Pistol_Noise-Interior-Distant_04.Weapons_Pistol_Noise-Interior-Distant_04,/Script/Engine.SoundWave,27685,27685,0,0,29005
/Game/Audio/Sounds/Weapons/Pistol/Weapons_Pistol_Noise-Interior-Distant_05.Weapons_Pistol_Noise-Interior-Distant_05,/Script/Engine.SoundWave,27595,27595,0,0,28873
/Game/Audio/Sounds/Weapons/Pistol/Weapons_Pistol_Punch-Close_01.Weapons_Pistol_Punch-Close_01,/Script/Engine.SoundWave,11359,11359,0,0,11461
/Game/Audio/Sounds/Weapons/Pistol/Weapons_Pistol_Punch-Close_02.Weapons_Pistol_Punch-Close_02,/Script/Engine.SoundWave,11404,11404,0,0,11497
/Game/Audio/Sounds/Weapons/Pistol/Weapons_Pistol_Punch-Close_03.Weapons_Pistol_Punch-Close_03,/Script/Engine.SoundWave,11362,11362,0,0,11481
/Game/Audio/Sounds/Weapons/Pistol/Weapons_Pistol_Punch-Close_04.Weapons_Pistol_Punch-Close_04,/Script/Engine.SoundWave,11188,11188,0,0,11289
/Game/Audio/Sounds/Weapons/Pistol/Weapons_Pistol_Punch-Distant_01.Weapons_Pistol_Punch-Distant_01,/Script/Engine.SoundWave,7704,7704,0,0,8481
/Game/Audio/Sounds/Weapons/Pistol/Weapons_Pistol_Punch-Distant_02.Weapons_Pistol_Punch-Distant_02,/Script/Engine.SoundWave,8064,8064,0,0,8533
/Game/Audio/Sounds/Weapons/Pistol/Weapons_Pistol_Punch-Distant_03.Weapons_Pistol_Punch-Distant_03,/Script/Engine.SoundWave,7972,7972,0,0,8441
/Game/Audio/Sounds/Weapons/Pistol/Weapons_Pistol_Punch-Distant_04.Weapons_Pistol_Punch-Distant_04,/Script/Engine.SoundWave,8306,8306,0,0,8657
/Game/Audio/Sounds/Weapons/Pistol/Weapons_Pistol_Punch-Far_01.Weapons_Pistol_Punch-Far_01,/Script/Engine.SoundWave,3653,3653,0,0,3691
/Game/Audio/Sounds/Weapons/Pistol/Weapons_Pistol_Punch-Far_02.Weapons_Pistol_Punch-Far_02,/Script/Engine.SoundWave,3579,3579,0,0,3723
/Game/Audio/Sounds/Weapons/Pistol/Weapons_Pistol_Punch-Far_03.Weapons_Pistol_Punch-Far_03,/Script/Engine.SoundWave,3621,3621,0,0,3723
/Game/Audio/Sounds/Weapons/Pistol/Weapons_Pistol_Punch-Far_04.Weapons_Pistol_Punch-Far_04,/Script/Engine.SoundWave,3679,3679,0,0,3679
/Game/Audio/Sounds/Weapons/Pistol/Weapons_Pistol_Punch-Far_05.Weapons_Pistol_Punch-Far_05,/Script/Engine.SoundWave,3683,3683,0,0,3795
/Game/Audio/Sounds/Weapons/Pistol/Weapons_Pistol_Slide_01.Weapons_Pistol_Slide_01,/Script/Engine.SoundWave,7527,7527,0,0,7702
/Game/Audio/Sounds/Weapons/Pistol/Weapons_Pistol_Sweetener_01.Weapons_Pistol_Sweetener_01,/Script/Engine.SoundWave,16033,16033,0,0,16033
/Game/Audio/Sounds/Weapons/Pistol/Weapons_Pistol_Sweetener_02.Weapons_Pistol_Sweetener_02,/Script/Engine.SoundWave,15753,15753,0,0,15753
/Game/Audio/Sounds/Weapons/Pistol/Weapons_Pistol_Sweetener_03.Weapons_Pistol_Sweetener_03,/Script/Engine.SoundWave,16423,16423,0,0,16423
/Game/Audio/Sounds/Weapons/Pistol/Weapons_Pistol_Sweetener_04.Weapons_Pistol_Sweetener_04,/Script/Engine.SoundWave,15435,15435,0,0,15435
/Game/Audio/Sounds/Weapons/Rifle/Weapons_Rifle_Bolt_01.Weapons_Rifle_Bolt_01,/Script/Engine.SoundWave,13354,13354,0,0,13672
/Game/Audio/Sounds/Weapons/Rifle/Weapons_Rifle_ClipIn_01.Weapons_Rifle_ClipIn_01,/Script/Engine.SoundWave,12408,12408,0,0,12556
/Game/Audio/Sounds/Weapons/Rifle/Weapons_Rifle_ClipOut_01.Weapons_Rifle_ClipOut_01,/Script/Engine.SoundWave,12331,12331,0,0,12516
/Game/Audio/Sounds/Weapons/Rifle/Weapons_Rifle_DryFire_01.Weapons_Rifle_DryFire_01,/Script/Engine.SoundWave,3252,3252,0,0,3658
/Game/Audio/Sounds/Weapons/Rifle/Weapons_Rifle_Punch-Distant_10.Weapons_Rifle_Punch-Distant_10,/Script/Engine.SoundWave,5659,5659,0,0,5959
/Game/Audio/Sounds/Weapons/Rifle/Weapons_Rifle_Punch-Distant_11.Weapons_Rifle_Punch-Distant_11,/Script/Engine.SoundWave,5798,5798,0,0,5899
/Game/Audio/Sounds/Weapons/Rifle/Weapons_Rifle_Punch-Distant_12.Weapons_Rifle_Punch-Distant_12,/Script/Engine.SoundWave,5813,5813,0,0,5991
/Game/Audio/Sounds/Weapons/Rifle/Weapons_Rifle_Punch-Distant_13.Weapons_Rifle_Punch-Distant_13,/Script/Engine.SoundWave,5951,5951,0,0,5951
/Game/Audio/Sounds/Weapons/Rifle/Weapons_Rifle_Punch-Distant_14.Weapons_Rifle_Punch-Distant_14,/Script/Engine.SoundWave,5928,5928,0,0,5967
/Game/Audio/Sounds/Weapons/Rifle/Weapons_Rifle_Punch-Distant_15.Weapons_Rifle_Punch-Distant_15,/Script/Engine.SoundWave,6019,6019,0,0,6019
/Game/Audio/Sounds/Weapons/Rifle/Weapons_Rifle_Punch-Distant_16.Weapons_Rifle_Punch-Distant_16,/Script/Engine.SoundWave,5903,5903,0,0,5903
/Game/Audio/Sounds/Weapons/Rifle/Weapons_Rifle_Punch-Distant_01.Weapons_Rifle_Punch-Distant_01,/Script/Engine.SoundWave,5951,5951,0,0,5951
/Game/Audio/Sounds/Weapons/Rifle/Weapons_Rifle_Punch-Distant_02.Weapons_Rifle_Punch-Distant_02,/Script/Engine.SoundWave,5703,5703,0,0,5935
/Game/Audio/Sounds/Weapons/Rifle/Weapons_Rifle_Punch-Distant_03.Weapons_Rifle_Punch-Distant_03,/Script/Engine.SoundWave,5939,5939,0,0,5939
/Game/Audio/Sounds/Weapons/Rifle/Weapons_Rifle_Punch-Distant_04.Weapons_Rifle_Punch-Distant_04,/Script/Engine.SoundWave,5758,5758,0,0,5911
/Game/Audio/Sounds/Weapons/Rifle/Weapons_Rifle_Punch-Distant_05.Weapons_Rifle_Punch-Distant_05,/Script/Engine.SoundWave,5939,5939,0,0,5939
/Game/Audio/Sounds/Weapons/Rifle/Weapons_Rifle_Punch-Distant_06.Weapons_Rifle_Punch-Distant_06,/Script/Engine.SoundWave,5755,5755,0,0,5971
/Game/Audio/Sounds/Weapons/Rifle/Weapons_Rifle_Punch-Distant_07.Weapons_Rifle_Punch-Distant_07,/Script/Engine.SoundWave,5835,5835,0,0,5943
/Game/Audio/Sounds/Weapons/Rifle/Weapons_Rifle_Punch-Distant_08.Weapons_Rifle_Punch-Distant_08,/Script/Engine.SoundWave,5875,5875,0,0,5923
/Game/Audio/Sounds/Weapons/Rifle/Weapons_Rifle_Punch-Distant_09.Weapons_Rifle_Punch-Distant_09,/Script/Engine.SoundWave,5832,5832,0,0,5887
/Game/Audio/Sounds/Weapons/Rifle/Weapons_Rifle_Punch-Far_10.Weapons_Rifle_Punch-Far_10,/Script/Engine.SoundWave,4073,4073,0,0,4073
/Game/Audio/Sounds/Weapons/Rifle/Weapons_Rifle_Punch-Far_11.Weapons_Rifle_Punch-Far_11,/Script/Engine.SoundWave,3989,3989,0,0,3989
/Game/Audio/Sounds/Weapons/Rifle/Weapons_Rifle_Punch-Far_12.Weapons_Rifle_Punch-Far_12,/Script/Engine.SoundWave,3913,3913,0,0,3913
/Game/Audio/Sounds/Weapons/Rifle/Weapons_Rifle_Punch-Far_13.Weapons_Rifle_Punch-Far_13,/Script/Engine.SoundWave,3941,3941,0,0,3941
/Game/Audio/Sounds/Weapons/Rifle/Weapons_Rifle_Punch-Far_14.Weapons_Rifle_Punch-Far_14,/Script/Engine.SoundWave,3793,3793,0,0,3793
/Game/Audio/Sounds/Weapons/Rifle/Weapons_Rifle_Punch-Far_15.Weapons_Rifle_Punch-Far_15,/Script/Engine.SoundWave,3817,3817,0,0,3817
/Game/Audio/Sounds/Weapons/Rifle/Weapons_Rifle_Punch-Far_16.Weapons_Rifle_Punch-Far_16,/Script/Engine.SoundWave,3765,3765,0,0,3765
/Game/Audio/Sounds/Weapons/Rifle/Weapons_Rifle_Punch-Far_17.Weapons_Rifle_Punch-Far_17,/Script/Engine.SoundWave,3801,3801,0,0,3801
/Game/Audio/Sounds/Weapons/Rifle/Weapons_Rifle_Punch-Far_18.Weapons_Rifle_Punch-Far_18,/Script/Engine.SoundWave,3881,3881,0,0,3881
/Game/Audio/Sounds/Weapons/Rifle/Weapons_Rifle_Punch-Far_19.Weapons_Rifle_Punch-Far_19,/Script/Engine.SoundWave,4129,4129,0,0,4129
/Game/Audio/Sounds/Weapons/Rifle/Weapons_Rifle_Punch-Far_20.Weapons_Rifle_Punch-Far_20,/Script/Engine.SoundWave,3857,3857,0,0,3857
/Game/Audio/Sounds/Weapons/Rifle/Weapons_Rifle_Punch-Far_01.Weapons_Rifle_Punch-Far_01,/Script/Engine.SoundWave,4025,4025,0,0,4025
/Game/Audio/Sounds/Weapons/Rifle/Weapons_Rifle_Punch-Far_02.Weapons_Rifle_Punch-Far_02,/Script/Engine.SoundWave,3965,3965,0,0,3965
/Game/Audio/Sounds/Weapons/Rifle/Weapons_Rifle_Punch-Far_03.Weapons_Rifle_Punch-Far_03,/Script/Engine.SoundWave,4049,4049,0,0,4049
/Game/Audio/Sounds/Weapons/Rifle/Weapons_Rifle_Punch-Far_04.Weapons_Rifle_Punch-Far_04,/Script/Engine.SoundWave,3917,3917,0,0,3917
/Game/Audio/Sounds/Weapons/Rifle/Weapons_Rifle_Punch-Far_05.Weapons_Rifle_Punch-Far_05,/Script/Engine.SoundWave,3885,3885,0,0,3885
/Game/Audio/Sounds/Weapons/Rifle/Weapons_Rifle_Punch-Far_06.Weapons_Rifle_Punch-Far_06,/Script/Engine.SoundWave,3941,3941,0,0,3941
/Game/Audio/Sounds/Weapons/Rifle/Weapons_Rifle_Punch-Far_07.Weapons_Rifle_Punch-Far_07,/Script/Engine.SoundWave,4045,4045,0,0,4045
/Game/Audio/Sounds/Weapons/Rifle/Weapons_Rifle_Punch-Far_08.Weapons_Rifle_Punch-Far_08,/Script/Engine.SoundWave,3877,3877,0,0,3877
/Game/Audio/Sounds/Weapons/Rifle/Weapons_Rifle_Punch-Far_09.Weapons_Rifle_Punch-Far_09,/Script/Engine.SoundWave,4109,4109,0,0,4109
/Game/Audio/Sounds/Weapons/Rifle2/Weapons_Rifle2_Mech_10.Weapons_Rifle2_Mech_10,/Script/Engine.SoundWave,7938,7938,0,0,7973
/Game/Audio/Sounds/Weapons/Rifle2/Weapons_Rifle2_Mech_11.Weapons_Rifle2_Mech_11,/Script/Engine.SoundWave,7909,7909,0,0,7909
/Game/Audio/Sounds/Weapons/Rifle2/Weapons_Rifle2_Mech_12.Weapons_Rifle2_Mech_12,/Script/Engine.SoundWave,7761,7761,0,0,7761
/Game/Audio/Sounds/Weapons/Rifle2/Weapons_Rifle2_Mech_13.Weapons_Rifle2_Mech_13,/Script/Engine.SoundWave,7675,7675,0,0,7675
/Game/Audio/Sounds/Weapons/Rifle2/Weapons_Rifle2_Mech_01.Weapons_Rifle2_Mech_01,/Script/Engine.SoundWave,7865,7865,0,0,7865
/Game/Audio/Sounds/Weapons/Rifle2/Weapons_Rifle2_Mech_02.Weapons_Rifle2_Mech_02,/Script/Engine.SoundWave,7665,7665,0,0,7665
/Game/Audio/Sounds/Weapons/Rifle2/Weapons_Rifle2_Mech_03.Weapons_Rifle2_Mech_03,/Script/Engine.SoundWave,7825,7825,0,0,7825
/Game/Audio/Sounds/Weapons/Rifle2/Weapons_Rifle2_Mech_04.Weapons_Rifle2_Mech_04,/Script/Engine.SoundWave,7760,7760,0,0,7781
/Game/Audio/Sounds/Weapons/Rifle2/Weapons_Rifle2_Mech_05.Weapons_Rifle2_Mech_05,/Script/Engine.SoundWave,8041,8041,0,0,8041
/Game/Audio/Sounds/Weapons/Rifle2/Weapons_Rifle2_Mech_06.Weapons_Rifle2_Mech_06,/Script/Engine.SoundWave,7781,7781,0,0,7781
/Game/Audio/Sounds/Weapons/Rifle2/Weapons_Rifle2_Mech_07.Weapons_Rifle2_Mech_07,/Script/Engine.SoundWave,7724,7724,0,0,7749
/Game/Audio/Sounds/Weapons/Rifle2/Weapons_Rifle2_Mech_08.Weapons_Rifle2_Mech_08,/Script/Engine.SoundWave,7697,7697,0,0,7697
/Game/Audio/Sounds/Weapons/Rifle2/Weapons_Rifle2_Mech_09.Weapons_Rifle2_Mech_09,/Script/Engine.SoundWave,7894,7894,0,0,7929
/Game/Audio/Sounds/Weapons/Rifle2/Weapons_Rifle2_Noise-Interior-Close_01.Weapons_Rifle2_Noise-Interior-Close_01,/Script/Engine.SoundWave,46633,46633,0,0,49423
/Game/Audio/Sounds/Weapons/Rifle2/Weapons_Rifle2_Noise-Interior-Close_02.Weapons_Rifle2_Noise-Interior-Close_02,/Script/Engine.SoundWave,44127,44127,0,0,46919
/Game/Audio/Sounds/Weapons/Rifle2/Weapons_Rifle2_Noise-Interior-Close_03.Weapons_Rifle2_Noise-Interior-Close_03,/Script/Engine.SoundWave,42698,42698,0,0,45645
/Game/Audio/Sounds/Weapons/Rifle2/Weapons_Rifle2_Noise-Interior-Close_04.Weapons_Rifle2_Noise-Interior-Close_04,/Script/Engine.SoundWave,48611,48611,0,0,51279
/Game/Audio/Sounds/Weapons/Rifle2/Weapons_Rifle2_Noise-Interior-Close_05.Weapons_Rifle2_Noise-Interior-Close_05,/Script/Engine.SoundWave,49217,49217,0,0,51867
/Game/Audio/Sounds/Weapons/Rifle2/Weapons_Rifle2_Noise-Interior-Close_06.Weapons_Rifle2_Noise-Interior-Close_06,/Script/Engine.SoundWave,45316,45316,0,0,47979
/Game/Audio/Sounds/Weapons/Rifle2/Weapons_Rifle2_Noise-Interior-Close_07.Weapons_Rifle2_Noise-Interior-Close_07,/Script/Engine.SoundWave,46977,46977,0,0,49651
/Game/Audio/Sounds/Weapons/Rifle2/Weapons_Rifle2_Noise-Interior-Close_08.Weapons_Rifle2_Noise-Interior-Close_08,/Script/Engine.SoundWave,43246,43246,0,0,46079
/Game/Audio/Sounds/Weapons/Rifle2/Weapons_Rifle2_Noise-Interior-Distant_10.Weapons_Rifle2_Noise-Interior-Distant_10,/Script/Engine.SoundWave,32493,32493,0,0,36883
/Game/Audio/Sounds/Weapons/Rifle2/Weapons_Rifle2_Noise-Interior-Distant_11.Weapons_Rifle2_Noise-Interior-Distant_11,/Script/Engine.SoundWave,32597,32597,0,0,36859
/Game/Audio/Sounds/Weapons/Rifle2/Weapons_Rifle2_Noise-Interior-Distant_12.Weapons_Rifle2_Noise-Interior-Distant_12,/Script/Engine.SoundWave,32365,32365,0,0,36639
/Game/Audio/Sounds/Weapons/Rifle2/Weapons_Rifle2_Noise-Interior-Distant_01.Weapons_Rifle2_Noise-Interior-Distant_01,/Script/Engine.SoundWave,32312,32312,0,0,36575
/Game/Audio/Sounds/Weapons/Rifle2/Weapons_Rifle2_Noise-Interior-Distant_02.Weapons_Rifle2_Noise-Interior-Distant_02,/Script/Engine.SoundWave,32296,32296,0,0,36543
/Game/Audio/Sounds/Weapons/Rifle2/Weapons_Rifle2_Noise-Interior-Distant_03.Weapons_Rifle2_Noise-Interior-Distant_03,/Script/Engine.SoundWave,32830,32830,0,0,37127
/Game/Audio/Sounds/Weapons/Rifle2/Weapons_Rifle2_Noise-Interior-Distant_04.Weapons_Rifle2_Noise-Interior-Distant_04,/Script/Engine.SoundWave,32523,32523,0,0,36759
/Game/Audio/Sounds/Weapons/Rifle2/Weapons_Rifle2_Noise-Interior-Distant_05.Weapons_Rifle2_Noise-Interior-Distant_05,/Script/Engine.SoundWave,32513,32513,0,0,36803
/Game/Audio/Sounds/Weapons/Rifle2/Weapons_Rifle2_Noise-Interior-Distant_06.Weapons_Rifle2_Noise-Interior-Distant_06,/Script/Engine.SoundWave,32577,32577,0,0,36851
/Game/Audio/Sounds/Weapons/Rifle2/Weapons_Rifle2_Noise-Interior-Distant_07.Weapons_Rifle2_Noise-Interior-Distant_07,/Script/Engine.SoundWave,32668,32668,0,0,36907
/Game/Audio/Sounds/Weapons/Rifle2/Weapons_Rifle2_Noise-Interior-Distant_08.Weapons_Rifle2_Noise-Interior-Distant_08,/Script/Engine.SoundWave,32847,32847,0,0,37127
/Game/Audio/Sounds/Weapons/Rifle2/Weapons_Rifle2_Noise-Interior-Distant_09.Weapons_Rifle2_Noise-Interior-Distant_09,/Script/Engine.SoundWave,32253,32253,0,0,36595
/Game/Audio/Sounds/Weapons/Rifle2/Weapons_Rifle2_Punch_10.Weapons_Rifle2_Punch_10,/Script/Engine.SoundWave,7358,7358,0,0,7445
/Game/Audio/Sounds/Weapons/Rifle2/Weapons_Rifle2_Punch_11.Weapons_Rifle2_Punch_11,/Script/Engine.SoundWave,7432,7432,0,0,7509
/Game/Audio/Sounds/Weapons/Rifle2/Weapons_Rifle2_Punch_12.Weapons_Rifle2_Punch_12,/Script/Engine.SoundWave,7260,7260,0,0,7337
/Game/Audio/Sounds/Weapons/Rifle2/Weapons_Rifle2_Punch_13.Weapons_Rifle2_Punch_13,/Script/Engine.SoundWave,7622,7622,0,0,7681
/Game/Audio/Sounds/Weapons/Rifle2/Weapons_Rifle2_Punch_01.Weapons_Rifle2_Punch_01,/Script/Engine.SoundWave,7272,7272,0,0,7301
/Game/Audio/Sounds/Weapons/Rifle2/Weapons_Rifle2_Punch_02.Weapons_Rifle2_Punch_02,/Script/Engine.SoundWave,7033,7033,0,0,7033
/Game/Audio/Sounds/Weapons/Rifle2/Weapons_Rifle2_Punch_03.Weapons_Rifle2_Punch_03,/Script/Engine.SoundWave,7144,7144,0,0,7187
/Game/Audio/Sounds/Weapons/Rifle2/Weapons_Rifle2_Punch_04.Weapons_Rifle2_Punch_04,/Script/Engine.SoundWave,7027,7027,0,0,7079
/Game/Audio/Sounds/Weapons/Rifle2/Weapons_Rifle2_Punch_05.Weapons_Rifle2_Punch_05,/Script/Engine.SoundWave,7393,7393,0,0,7493
/Game/Audio/Sounds/Weapons/Rifle2/Weapons_Rifle2_Punch_06.Weapons_Rifle2_Punch_06,/Script/Engine.SoundWave,7416,7416,0,0,7497
/Game/Audio/Sounds/Weapons/Rifle2/Weapons_Rifle2_Punch_07.Weapons_Rifle2_Punch_07,/Script/Engine.SoundWave,7515,7515,0,0,7559
/Game/Audio/Sounds/Weapons/Rifle2/Weapons_Rifle2_Punch_08.Weapons_Rifle2_Punch_08,/Script/Engine.SoundWave,7268,7268,0,0,7357
/Game/Audio/Sounds/Weapons/Rifle2/Weapons_Rifle2_Punch_09.Weapons_Rifle2_Punch_09,/Script/Engine.SoundWave,7246,7246,0,0,7365
/Game/Audio/Sounds/Weapons/Rifle2/Weapons_Rifle2_Sweetener_01.Weapons_Rifle2_Sweetener_01,/Script/Engine.SoundWave,43330,43330,0,0,45881
/Game/Audio/Sounds/Weapons/Rifle2/Weapons_Rifle2_Sweetener_02.Weapons_Rifle2_Sweetener_02,/Script/Engine.SoundWave,42423,42423,0,0,44693
/Game/Audio/Sounds/Weapons/Rifle2/Weapons_Rifle2_Sweetener_03.Weapons_Rifle2_Sweetener_03,/Script/Engine.SoundWave,41551,41551,0,0,43565
/Game/Audio/Sounds/Weapons/Rifle2/Weapons_Rifle2_Sweetener_04.Weapons_Rifle2_Sweetener_04,/Script/Engine.SoundWave,42438,42438,0,0,44871
/Game/Audio/Sounds/Weapons/Shotgun/Weapons_Shotgun_ClipIn_01.Weapons_Shotgun_ClipIn_01,/Script/Engine.SoundWave,8715,8715,0,0,8776
/Game/Audio/Sounds/Weapons/Shotgun/Weapons_Shotgun_ClipOut_01.Weapons_Shotgun_ClipOut_01,/Script/Engine.SoundWave,15246,15246,0,0,15246
/Game/Audio/Sounds/Weapons/Shotgun/Weapons_Shotgun_HandHit_01.Weapons_Shotgun_HandHit_01,/Script/Engine.SoundWave,10500,10500,0,0,10678
/Game/Audio/Sounds/Weapons/Shotgun/Weapons_Shotgun_Mech_01.Weapons_Shotgun_Mech_01,/Script/Engine.SoundWave,3043,3043,0,0,3043
/Game/Audio/Sounds/Weapons/Shotgun/Weapons_Shotgun_Mech_02.Weapons_Shotgun_Mech_02,/Script/Engine.SoundWave,4829,4829,0,0,4829
/Game/Audio/Sounds/Weapons/Shotgun/Weapons_Shotgun_Mech_03.Weapons_Shotgun_Mech_03,/Script/Engine.SoundWave,5641,5641,0,0,5679
/Game/Audio/Sounds/Weapons/Shotgun/Weapons_Shotgun_Noise-Exterior-Close_01.Weapons_Shotgun_Noise-Exterior-Close_01,/Script/Engine.SoundWave,40667,40667,0,0,44559
/Game/Audio/Sounds/Weapons/Shotgun/Weapons_Shotgun_Noise-Exterior-Close_02.Weapons_Shotgun_Noise-Exterior-Close_02,/Script/Engine.SoundWave,38905,38905,0,0,43009
/Game/Audio/Sounds/Weapons/Shotgun/Weapons_Shotgun_Noise-Exterior-Close_03.Weapons_Shotgun_Noise-Exterior-Close_03,/Script/Engine.SoundWave,33090,33090,0,0,36707
/Game/Audio/Sounds/Weapons/Shotgun/Weapons_Shotgun_Noise-Interior-Close_01.Weapons_Shotgun_Noise-Interior-Close_01,/Script/Engine.SoundWave,36349,36349,0,0,37609
/Game/Audio/Sounds/Weapons/Shotgun/Weapons_Shotgun_Noise-Interior-Close_02.Weapons_Shotgun_Noise-Interior-Close_02,/Script/Engine.SoundWave,37737,37737,0,0,38963
/Game/Audio/Sounds/Weapons/Shotgun/Weapons_Shotgun_Noise-Interior-Close_03.Weapons_Shotgun_Noise-Interior-Close_03,/Script/Engine.SoundWave,34326,34326,0,0,35629
/Game/Audio/Sounds/Weapons/Shotgun/Weapons_Shotgun_Noise-Interior-Close_04.Weapons_Shotgun_Noise-Interior-Close_04,/Script/Engine.SoundWave,39587,39587,0,0,40825
/Game/Audio/Sounds/Weapons/Shotgun/Weapons_Shotgun_Noise-Interior-Distant_01.Weapons_Shotgun_Noise-Interior-Distant_01,/Script/Engine.SoundWave,47827,47827,0,0,50783
/Game/Audio/Sounds/Weapons/Shotgun/Weapons_Shotgun_Noise-Interior-Distant_02.Weapons_Shotgun_Noise-Interior-Distant_02,/Script/Engine.SoundWave,33950,33950,0,0,36833
/Game/Audio/Sounds/Weapons/Shotgun/Weapons_Shotgun_Noise-Interior-Distant_03.Weapons_Shotgun_Noise-Interior-Distant_03,/Script/Engine.SoundWave,50277,50277,0,0,53267
/Game/Audio/Sounds/Weapons/Shotgun/Weapons_Shotgun_Noise-Interior-Distant_04.Weapons_Shotgun_Noise-Interior-Distant_04,/Script/Engine.SoundWave,41423,41423,0,0,44681
/Game/Audio/Sounds/Weapons/Shotgun/Weapons_Shotgun_Noise-Interior-Distant_05.Weapons_Shotgun_Noise-Interior-Distant_05,/Script/Engine.SoundWave,40498,40498,0,0,42759
/Game/Audio/Sounds/Weapons/Shotgun/Weapons_Shotgun_Noise-Interior-Far_01.Weapons_Shotgun_Noise-Interior-Far_01,/Script/Engine.SoundWave,42703,42703,0,0,45089
/Game/Audio/Sounds/Weapons/Shotgun/Weapons_Shotgun_Noise-Interior-Far_02.Weapons_Shotgun_Noise-Interior-Far_02,/Script/Engine.SoundWave,45715,45715,0,0,48501
/Game/Audio/Sounds/Weapons/Shotgun/Weapons_Shotgun_Noise-Interior-Far_03.Weapons_Shotgun_Noise-Interior-Far_03,/Script/Engine.SoundWave,37702,37702,0,0,40529
/Game/Audio/Sounds/Weapons/Shotgun/Weapons_Shotgun_Noise-Interior-Far_04.Weapons_Shotgun_Noise-Interior-Far_04,/Script/Engine.SoundWave,36367,36367,0,0,38657
/Game/Audio/Sounds/Weapons/Shotgun/Weapons_Shotgun_Punch_01.Weapons_Shotgun_Punch_01,/Script/Engine.SoundWave,9569,9569,0,0,9569
/Game/Audio/Sounds/Weapons/Shotgun/Weapons_Shotgun_Punch_02.Weapons_Shotgun_Punch_02,/Script/Engine.SoundWave,9469,9469,0,0,9469
/Game/Audio/Sounds/Weapons/Shotgun/Weapons_Shotgun_Punch_03.Weapons_Shotgun_Punch_03,/Script/Engine.SoundWave,9059,9059,0,0,9059
/Game/Audio/Sounds/Weapons/Shotgun/Weapons_Shotgun_Sweetener_01.Weapons_Shotgun_Sweetener_01,/Script/Engine.SoundWave,17878,17878,0,0,19433
/Game/Audio/Sounds/Weapons/Shotgun/Weapons_Shotgun_Sweetener_02.Weapons_Shotgun_Sweetener_02,/Script/Engine.SoundWave,16362,16362,0,0,17471
/Game/Audio/Sounds/Weapons/Shotgun/Weapons_Shotgun_Sweetener_03.Weapons_Shotgun_Sweetener_03,/Script/Engine.SoundWave,13047,13047,0,0,13215
/Game/Audio/Sounds/WhizBys/sfx_AR_Whizbys_Oncoming_Close_01.sfx_AR_Whizbys_Oncoming_Close_01,/Script/Engine.SoundWave,5722,5722,0,0,5722
/Game/Audio/Sounds/WhizBys/sfx_AR_Whizbys_Oncoming_Close_02.sfx_AR_Whizbys_Oncoming_Close_02,/Script/Engine.SoundWave,6324,6324,0,0,6324
/Game/Audio/Sounds/WhizBys/sfx_AR_Whizbys_Oncoming_Close_03.sfx_AR_Whizbys_Oncoming_Close_03,/Script/Engine.SoundWave,6818,6818,0,0,6818
/Game/Audio/Sounds/WhizBys/sfx_AR_Whizbys_Oncoming_Close_04.sfx_AR_Whizbys_Oncoming_Close_04,/Script/Engine.SoundWave,5718,5718,0,0,5718
/Game/Audio/Sounds/WhizBys/sfx_AR_Whizbys_Oncoming_Far_01.sfx_AR_Whizbys_Oncoming_Far_01,/Script/Engine.SoundWave,4640,4640,0,0,4640
/Game/Audio/Sounds/WhizBys/sfx_AR_Whizbys_Oncoming_Far_02.sfx_AR_Whizbys_Oncoming_Far_02,/Script/Engine.SoundWave,5374,5374,0,0,5374
/Game/Audio/Sounds/WhizBys/sfx_AR_Whizbys_Oncoming_Far_03.sfx_AR_Whizbys_Oncoming_Far_03,/Script/Engine.SoundWave,4654,4654,0,0,4654
/Game/Audio/Sounds/WhizBys/sfx_AR_Whizbys_Oncoming_Far_04.sfx_AR_Whizbys_Oncoming_Far_04,/Script/Engine.SoundWave,4362,4362,0,0,4362
/Game/Audio/Sounds/WhizBys/sfx_AR_Whizbys_Oncoming_Far_05.sfx_AR_Whizbys_Oncoming_Far_05,/Script/Engine.SoundWave,3876,3876,0,0,3876
/Game/Audio/Sounds/WhizBys/sfx_AR_Whizbys_Oncoming_Far_06.sfx_AR_Whizbys_Oncoming_Far_06,/Script/Engine.SoundWave,4274,4274,0,0,4274
/Game/Audio/Sounds/WhizBys/sfx_AR_Whizbys_Oncoming_Mid_01.sfx_AR_Whizbys_Oncoming_Mid_01,/Script/Engine.SoundWave,4362,4362,0,0,4362
/Game/Audio/Sounds/WhizBys/sfx_AR_Whizbys_Oncoming_Mid_02.sfx_AR_Whizbys_Oncoming_Mid_02,/Script/Engine.SoundWave,4746,4746,0,0,4746
/Game/Audio/Sounds/WhizBys/sfx_AR_Whizbys_Oncoming_Mid_03.sfx_AR_Whizbys_Oncoming_Mid_03,/Script/Engine.SoundWave,4570,4570,0,0,4570
/Game/Audio/Sounds/WhizBys/sfx_AR_Whizbys_Oncoming_Mid_04.sfx_AR_Whizbys_Oncoming_Mid_04,/Script/Engine.SoundWave,5702,5702,0,0,5702
/Game/Audio/Sounds/WhizBys/sfx_AR_Whizbys_Oncoming_Mid_05.sfx_AR_Whizbys_Oncoming_Mid_05,/Script/Engine.SoundWave,4694,4694,0,0,4694
/Game/Audio/Sounds/WhizBys/sfx_AR_Whizbys_Receding_Close_01.sfx_AR_Whizbys_Receding_Close_01,/Script/Engine.SoundWave,6074,6074,0,0,6074
/Game/Audio/Sounds/WhizBys/sfx_AR_Whizbys_Receding_Close_02.sfx_AR_Whizbys_Receding_Close_02,/Script/Engine.SoundWave,6544,6544,0,0,6544
/Game/Audio/Sounds/WhizBys/sfx_AR_Whizbys_Receding_Close_03.sfx_AR_Whizbys_Receding_Close_03,/Script/Engine.SoundWave,7030,7030,0,0,7030
/Game/Audio/Sounds/WhizBys/sfx_AR_Whizbys_Receding_Close_04.sfx_AR_Whizbys_Receding_Close_04,/Script/Engine.SoundWave,6114,6114,0,0,6114
/Game/Audio/Sounds/WhizBys/sfx_AR_Whizbys_Receding_Far_01.sfx_AR_Whizbys_Receding_Far_01,/Script/Engine.SoundWave,4676,4676,0,0,4676
/Game/Audio/Sounds/WhizBys/sfx_AR_Whizbys_Receding_Far_02.sfx_AR_Whizbys_Receding_Far_02,/Script/Engine.SoundWave,5562,5562,0,0,5562
/Game/Audio/Sounds/WhizBys/sfx_AR_Whizbys_Receding_Far_03.sfx_AR_Whizbys_Receding_Far_03,/Script/Engine.SoundWave,4838,4838,0,0,4838
/Game/Audio/Sounds/WhizBys/sfx_AR_Whizbys_Receding_Far_04.sfx_AR_Whizbys_Receding_Far_04,/Script/Engine.SoundWave,4498,4498,0,0,4498
/Game/Audio/Sounds/WhizBys/sfx_AR_Whizbys_Receding_Far_05.sfx_AR_Whizbys_Receding_Far_05,/Script/Engine.SoundWave,3900,3900,0,0,3900
/Game/Audio/Sounds/WhizBys/sfx_AR_Whizbys_Receding_Far_06.sfx_AR_Whizbys_Receding_Far_06,/Script/Engine.SoundWave,4562,4562,0,0,4562
/Game/Audio/Sounds/WhizBys/sfx_AR_Whizbys_Receding_Mid_01.sfx_AR_Whizbys_Receding_Mid_01,/Script/Engine.SoundWave,4458,4458,0,0,4458
/Game/Audio/Sounds/WhizBys/sfx_AR_Whizbys_Receding_Mid_02.sfx_AR_Whizbys_Receding_Mid_02,/Script/Engine.SoundWave,4662,4662,0,0,4662
/Game/Audio/Sounds/WhizBys/sfx_AR_Whizbys_Receding_Mid_03.sfx_AR_Whizbys_Receding_Mid_03,/Script/Engine.SoundWave,4582,4582,0,0,4582
/Game/Audio/Sounds/WhizBys/sfx_AR_Whizbys_Receding_Mid_04.sfx_AR_Whizbys_Receding_Mid_04,/Script/Engine.SoundWave,5962,5962,0,0,5962
/Game/Audio/Sounds/WhizBys/sfx_AR_Whizbys_Receding_Mid_05.sfx_AR_Whizbys_Receding_Mid_05,/Script/Engine.SoundWave,4910,4910,0,0,4910
/Game/Audio/SoundWaves/Foley/SFX_Footstep_BaseLayer_10.SFX_Footstep_BaseLayer_10,/Script/Engine.SoundWave,4217,4217,0,0,4394
/Game/Audio/SoundWaves/Foley/SFX_Footstep_BaseLayer_11.SFX_Footstep_BaseLayer_11,/Script/Engine.SoundWave,4529,4529,0,0,4754
/Game/Audio/SoundWaves/Foley/SFX_Footstep_BaseLayer_01.SFX_Footstep_BaseLayer_01,/Script/Engine.SoundWave,4636,4636,0,0,4822
/Game/Audio/SoundWaves/Foley/SFX_Footstep_BaseLayer_02.SFX_Footstep_BaseLayer_02,/Script/Engine.SoundWave,5720,5720,0,0,6004
/Game/Audio/SoundWaves/Foley/SFX_Footstep_BaseLayer_03.SFX_Footstep_BaseLayer_03,/Script/Engine.SoundWave,4423,4423,0,0,4638
/Game/Audio/SoundWaves/Foley/SFX_Footstep_BaseLayer_04.SFX_Footstep_BaseLayer_04,/Script/Engine.SoundWave,4875,4875,0,0,5146
/Game/Audio/SoundWaves/Foley/SFX_Footstep_BaseLayer_05.SFX_Footstep_BaseLayer_05,/Script/Engine.SoundWave,6168,6168,0,0,6468
/Game/Audio/SoundWaves/Foley/SFX_Footstep_BaseLayer_06.SFX_Footstep_BaseLayer_06,/Script/Engine.SoundWave,5814,5814,0,0,6012
/Game/Audio/SoundWaves/Foley/SFX_Footstep_BaseLayer_07.SFX_Footstep_BaseLayer_07,/Script/Engine.SoundWave,5148,5148,0,0,5414
/Game/Audio/SoundWaves/Foley/SFX_Footstep_BaseLayer_08.SFX_Footstep_BaseLayer_08,/Script/Engine.SoundWave,2588,2588,0,0,2606
/Game/Audio/SoundWaves/Foley/SFX_Footstep_BaseLayer_09.SFX_Footstep_BaseLayer_09,/Script/Engine.SoundWave,5662,5662,0,0,5912
/Game/Audio/SoundWaves/SFX/Text_Pop.Text_Pop,/Script/Engine.SoundWave,6019,6019,0,0,6019
/Game/Audio/SoundWaves/Weapons/SFX_BulletImpact_01.SFX_BulletImpact_01,/Script/Engine.SoundWave,5200,5200,0,0,5489
/Game/Audio/SoundWaves/Weapons/SFX_BulletImpact_02.SFX_BulletImpact_02,/Script/Engine.SoundWave,3467,3467,0,0,3595
/Game/Audio/SoundWaves/Weapons/SFX_BulletImpact_03.SFX_BulletImpact_03,/Script/Engine.SoundWave,5365,5365,0,0,5667
/Game/Audio/SoundWaves/Weapons/SFX_BulletImpact_04.SFX_BulletImpact_04,/Script/Engine.SoundWave,4671,4671,0,0,4907
/Game/Audio/SoundWaves/Weapons/SFX_BulletImpact_05.SFX_BulletImpact_05,/Script/Engine.SoundWave,3707,3707,0,0,3707
/Game/Audio/SoundWaves/Weapons/SFX_BulletImpact_06.SFX_BulletImpact_06,/Script/Engine.SoundWave,4855,4855,0,0,5057
/Game/Audio/SoundWaves/Weapons/SFX_BulletImpact_07.SFX_BulletImpact_07,/Script/Engine.SoundWave,5660,5660,0,0,5907
/Game/Audio/SoundWaves/Weapons/SFX_BulletImpact_08.SFX_BulletImpact_08,/Script/Engine.SoundWave,3569,3569,0,0,3569
/Game/Audio/SoundWaves/Weapons/sfx_Weapon_Pistol_DryClick_nl_01.sfx_Weapon_Pistol_DryClick_nl_01,/Script/Engine.SoundWave,2546,2546,0,0,2615
/Game/Audio/SoundWaves/Weapons/sfx_Weapon_Pistol_DryClick_nl_02.sfx_Weapon_Pistol_DryClick_nl_02,/Script/Engine.SoundWave,2560,2560,0,0,2705
/Game/Audio/SoundWaves/Weapons/sfx_Weapon_Pistol_DryClick_nl_03.sfx_Weapon_Pistol_DryClick_nl_03,/Script/Engine.SoundWave,2498,2498,0,0,2563
/Game/Audio/SoundWaves/Weapons/sfx_Weapon_Pistol_DryClick_nl_04.sfx_Weapon_Pistol_DryClick_nl_04,/Script/Engine.SoundWave,2372,2372,0,0,2821
/Game/Audio/SoundWaves/Weapons/sfx_Weapon_Pistol_DryClick_nl_05.sfx_Weapon_Pistol_DryClick_nl_05,/Script/Engine.SoundWave,2776,2776,0,0,2873
/Game/Audio/SoundWaves/Weapons/sfx_Weapon_Pistol_MainLayer_nl_01.sfx_Weapon_Pistol_MainLayer_nl_01,/Script/Engine.SoundWave,15359,15359,0,0,19287
/Game/Audio/SoundWaves/Weapons/sfx_Weapon_Pistol_MainLayer_nl_02.sfx_Weapon_Pistol_MainLayer_nl_02,/Script/Engine.SoundWave,15676,15676,0,0,19599
/Game/Audio/SoundWaves/Weapons/sfx_Weapon_Pistol_MainLayer_nl_03.sfx_Weapon_Pistol_MainLayer_nl_03,/Script/Engine.SoundWave,15215,15215,0,0,19575
/Game/Audio/SoundWaves/Weapons/sfx_Weapon_Pistol_MainLayer_nl_04.sfx_Weapon_Pistol_MainLayer_nl_04,/Script/Engine.SoundWave,15126,15126,0,0,19185
/Game/Audio/SoundWaves/Weapons/sfx_Weapon_Pistol_MainLayer_nl_05.sfx_Weapon_Pistol_MainLayer_nl_05,/Script/Engine.SoundWave,15602,15602,0,0,19425
/Game/Audio/SoundWaves/Weapons/sfx_Weapon_Pistol_MainLayer_nl_06.sfx_Weapon_Pistol_MainLayer_nl_06,/Script/Engine.SoundWave,15106,15106,0,0,19479
/Game/Audio/SoundWaves/Weapons/sfx_Weapon_Pistol_MainLayer_nl_07.sfx_Weapon_Pistol_MainLayer_nl_07,/Script/Engine.SoundWave,15451,15451,0,0,18521
/Game/Audio/SoundWaves/Weapons/sfx_Weapon_Pistol_SecondaryLayer_nl_01.sfx_Weapon_Pistol_SecondaryLayer_nl_01,/Script/Engine.SoundWave,25560,25560,0,0,28919
/Game/Audio/SoundWaves/Weapons/sfx_Weapon_Pistol_SecondaryLayer_nl_02.sfx_Weapon_Pistol_SecondaryLayer_nl_02,/Script/Engine.SoundWave,25606,25606,0,0,28939
/Game/Audio/SoundWaves/Weapons/sfx_Weapon_Pistol_SecondaryLayer_nl_03.sfx_Weapon_Pistol_SecondaryLayer_nl_03,/Script/Engine.SoundWave,24702,24702,0,0,28135
/Game/Audio/SoundWaves/Weapons/sfx_Weapon_Pistol_SecondaryLayer_nl_04.sfx_Weapon_Pistol_SecondaryLayer_nl_04,/Script/Engine.SoundWave,25238,25238,0,0,28639
/Game/Audio/SoundWaves/Weapons/sfx_Weapon_Shotgun_DryClick_nl_01.sfx_Weapon_Shotgun_DryClick_nl_01,/Script/Engine.SoundWave,7178,7178,0,0,7433
/Game/Audio/SoundWaves/Weapons/sfx_Weapon_Shotgun_DryClick_nl_02.sfx_Weapon_Shotgun_DryClick_nl_02,/Script/Engine.SoundWave,7030,7030,0,0,7313
/Game/Audio/SoundWaves/Weapons/sfx_Weapon_Shotgun_DryClick_nl_03.sfx_Weapon_Shotgun_DryClick_nl_03,/Script/Engine.SoundWave,7457,7457,0,0,7919
/Game/Audio/SoundWaves/Weapons/sfx_Weapon_Shotgun_DryClick_nl_04.sfx_Weapon_Shotgun_DryClick_nl_04,/Script/Engine.SoundWave,6970,6970,0,0,7291
/Game/Audio/SoundWaves/Weapons/sfx_Weapon_Shotgun_DryClick_nl_05.sfx_Weapon_Shotgun_DryClick_nl_05,/Script/Engine.SoundWave,7348,7348,0,0,7795
/Game/Audio/SoundWaves/Weapons/sfx_Weapon_Shotgun_MainLayer_nl_01.sfx_Weapon_Shotgun_MainLayer_nl_01,/Script/Engine.SoundWave,23280,23280,0,0,24327
/Game/Audio/SoundWaves/Weapons/sfx_Weapon_Shotgun_MainLayer_nl_02.sfx_Weapon_Shotgun_MainLayer_nl_02,/Script/Engine.SoundWave,23231,23231,0,0,24345
/Game/Audio/SoundWaves/Weapons/sfx_Weapon_Shotgun_MainLayer_nl_03.sfx_Weapon_Shotgun_MainLayer_nl_03,/Script/Engine.SoundWave,22946,22946,0,0,24117
/Game/Audio/SoundWaves/Weapons/sfx_Weapon_Shotgun_MainLayer_nl_04.sfx_Weapon_Shotgun_MainLayer_nl_04,/Script/Engine.SoundWave,22763,22763,0,0,23921
/Game/Audio/SoundWaves/Weapons/sfx_Weapon_Shotgun_MainLayer_nl_05.sfx_Weapon_Shotgun_MainLayer_nl_05,/Script/Engine.SoundWave,22741,22741,0,0,23893
/Game/Audio/SoundWaves/Weapons/sfx_Weapon_Shotgun_MainLayer_nl_06.sfx_Weapon_Shotgun_MainLayer_nl_06,/Script/Engine.SoundWave,23044,23044,0,0,24243
/Game/Audio/SoundWaves/Weapons/sfx_Weapon_Shotgun_SecondaryLayer_nl_01.sfx_Weapon_Shotgun_SecondaryLayer_nl_01,/Script/Engine.SoundWave,49564,49564,0,0,53027
/Game/Audio/SoundWaves/Weapons/sfx_Weapon_Shotgun_SecondaryLayer_nl_02.sfx_Weapon_Shotgun_SecondaryLayer_nl_02,/Script/Engine.SoundWave,49409,49409,0,0,52633
/Game/Audio/SoundWaves/Weapons/sfx_Weapon_Shotgun_SecondaryLayer_nl_03.sfx_Weapon_Shotgun_SecondaryLayer_nl_03,/Script/Engine.SoundWave,49312,49312,0,0,52531
/Game/Audio/SoundWaves/Weapons/sfx_Weapon_Shotgun_SecondaryLayer_nl_04.sfx_Weapon_Shotgun_SecondaryLayer_nl_04,/Script/Engine.SoundWave,49989,49989,0,0,53421
/Game/Audio/SoundWaves/Weapons/sfx_Weapon_Shotgun_SecondaryLayer_nl_05.sfx_Weapon_Shotgun_SecondaryLayer_nl_05,/Script/Engine.SoundWave,50539,50539,0,0,53859
/Game/Effects/Audio_Sound_Effects/Cyber_laser_pulse_1.Cyber_laser_pulse_1,/Script/Engine.SoundWave,19373,19373,0,0,20867
/Game/Effects/Audio_Sound_Effects/Cyber_laser_pulse_2.Cyber_laser_pulse_2,/Script/Engine.SoundWave,19215,19215,0,0,20579
/Game/Effects/Audio_Sound_Effects/Cyber_laser_shotgun__1.Cyber_laser_shotgun__1,/Script/Engine.SoundWave,23468,23468,0,0,25687
/Game/Effects/Audio_Sound_Effects/Head_Roll_1.Head_Roll_1,/Script/Engine.SoundWave,64654,64654,0,0,69711
/Game/Effects/Audio_Sound_Effects/Head_Roll_2.Head_Roll_2,/Script/Engine.SoundWave,55356,55356,0,0,60839
/Game/Effects/Audio_Sound_Effects/Laser_on_metal_fire_1.Laser_on_metal_fire_1,/Script/Engine.SoundWave,35938,35938,0,0,39137
/Game/ShantyTown/Audio/Audio/Ambient_Birds_01.Ambient_Birds_01,/Script/Engine.SoundWave,2905684,2905684,0,0,3044057
/Game/Weapons/Rifle/Sounds/Rifle_Load01.Rifle_Load01,/Script/Engine.SoundWave,23741,23741,0,0,23917
/ShooterTests/Input/SoundVibrations/Emote_FingerGuns_Test.Emote_FingerGuns_Test,/Script/Engine.SoundWave,135598,135598,0,0,140414
/TopDownArena/Game/Bombs/Explosion22.Explosion22,/Script/Engine.SoundWave,12615,12615,0,0,12615
/Engine/EditorSounds/GamePreview/EndSimulate_Cue.EndSimulate_Cue,/Script/Engine.SoundCue,714,714,0,0,714
/Engine/EditorSounds/GamePreview/PossessPlayer_Cue.PossessPlayer_Cue,/Script/Engine.SoundCue,724,724,0,0,724
/Game/Audio/Cues/SC_AFL_DashWoosh.SC_AFL_DashWoosh,/Script/Engine.SoundCue,604,604,0,0,1314
/Game/ShantyTown/Audio/Sound_Cues/SC_Ambient_Birds_01.SC_Ambient_Birds_01,/Script/Engine.SoundCue,734,734,0,0,734
/TopDownArena/Game/Bombs/Cue_DropBomb.Cue_DropBomb,/Script/Engine.SoundCue,728,728,0,0,728
/TopDownArena/Game/Bombs/ExplosionFireballCue.ExplosionFireballCue,/Script/Engine.SoundCue,955,955,0,0,955
/Engine/EngineDebugMaterials/VolumeToRender.VolumeToRender,/Script/Engine.VolumeTexture,3533,3533,0,0,8516
/Engine/EngineMaterials/Substrate/Volume/SubstrateSimpleVolumeEnvLUT3D.SubstrateSimpleVolumeEnvLUT3D,/Script/Engine.VolumeTexture,1977,1977,0,0,2488
/Engine/EngineMaterials/Substrate/Volume/SubstrateSimpleVolumeLUT3D.SubstrateSimpleVolumeLUT3D,/Script/Engine.VolumeTexture,10639,10639,0,0,17968
/Engine/EngineResources/DefaultVolumeTexture.DefaultVolumeTexture,/Script/Engine.VolumeTexture,776,776,0,0,776
/Engine/EngineSky/VolumetricClouds/VT_Lightning.VT_Lightning,/Script/Engine.VolumeTexture,227155,227155,0,0,1199169
/Engine/EngineSky/VolumetricClouds/VT_PerlinWorley_Balanced.VT_PerlinWorley_Balanced,/Script/Engine.VolumeTexture,6570445,6570445,0,0,8389144
/Engine/EngineFonts/DroidSansMono.DroidSansMono,/Script/Engine.Font,567,567,0,0,567
/Engine/EngineFonts/Roboto.Roboto,/Script/Engine.Font,561,561,0,0,1044
/Engine/EngineFonts/RobotoDistanceField.RobotoDistanceField,/Script/Engine.Font,42829,42829,0,0,137214
/Game/UI/Foundation/Fonts/NotoSans.NotoSans,/Script/Engine.Font,1106,1106,0,0,3266
/Game/UI/Foundation/Fonts/Orbitron.Orbitron,/Script/Engine.Font,1190,1190,0,0,3586
/Engine/EngineFonts/Faces/DroidSansFallback.DroidSansFallback,/Script/Engine.FontFace,409,409,0,0,409
/Engine/EngineFonts/Faces/DroidSansMono.DroidSansMono,/Script/Engine.FontFace,378,378,0,0,378
/Engine/EngineFonts/Faces/RobotoBold.RobotoBold,/Script/Engine.FontFace,360,360,0,0,360
/Engine/EngineFonts/Faces/RobotoBoldItalic.RobotoBoldItalic,/Script/Engine.FontFace,390,390,0,0,390
/Engine/EngineFonts/Faces/RobotoItalic.RobotoItalic,/Script/Engine.FontFace,378,378,0,0,378
/Engine/EngineFonts/Faces/RobotoLight.RobotoLight,/Script/Engine.FontFace,362,362,0,0,362
/Engine/EngineFonts/Faces/RobotoRegular.RobotoRegular,/Script/Engine.FontFace,371,371,0,0,371
/Game/UI/Foundation/Fonts/NotoSans/NotoColorEmoji.NotoColorEmoji,/Script/Engine.FontFace,408,408,0,0,408
/Game/UI/Foundation/Fonts/NotoSans/NotoSans-Black.NotoSans-Black,/Script/Engine.FontFace,401,401,0,0,401
/Game/UI/Foundation/Fonts/NotoSans/NotoSans-Bold.NotoSans-Bold,/Script/Engine.FontFace,388,388,0,0,388
/Game/UI/Foundation/Fonts/NotoSans/NotoSans-Light.NotoSans-Light,/Script/Engine.FontFace,401,401,0,0,401
/Game/UI/Foundation/Fonts/NotoSans/NotoSans-Regular.NotoSans-Regular,/Script/Engine.FontFace,420,420,0,0,420
/Game/UI/Foundation/Fonts/NotoSans/NotoSansArabic-Bold.NotoSansArabic-Bold,/Script/Engine.FontFace,422,422,0,0,422
/Game/UI/Foundation/Fonts/NotoSans/NotoSansArabic-Regular.NotoSansArabic-Regular,/Script/Engine.FontFace,425,425,0,0,425
/Game/UI/Foundation/Fonts/NotoSans/NotoSansJP-Bold.NotoSansJP-Bold,/Script/Engine.FontFace,441,441,0,0,441
/Game/UI/Foundation/Fonts/NotoSans/NotoSansKR-Regular.NotoSansKR-Regular,/Script/Engine.FontFace,426,426,0,0,426
/Game/UI/Foundation/Fonts/NotoSans/NotoSansSC-Regular.NotoSansSC-Regular,/Script/Engine.FontFace,426,426,0,0,426
/Game/UI/Foundation/Fonts/NotoSans/NotoSansTC-Regular.NotoSansTC-Regular,/Script/Engine.FontFace,426,426,0,0,426
/Game/UI/Foundation/Fonts/Orbitron/Orbitron-Black.Orbitron-Black,/Script/Engine.FontFace,380,380,0,0,380
/Game/UI/Foundation/Fonts/Orbitron/Orbitron-Bold.Orbitron-Bold,/Script/Engine.FontFace,379,379,0,0,379
/Game/UI/Foundation/Fonts/Orbitron/Orbitron-Medium.Orbitron-Medium,/Script/Engine.FontFace,389,389,0,0,389
/Engine/EngineMaterials/DefaultDestructiblePhysicalMaterial.DefaultDestructiblePhysicalMaterial,/Script/PhysicsCore.PhysicalMaterial,376,376,0,0,376
/Engine/EngineMaterials/DefaultPhysicalMaterial.DefaultPhysicalMaterial,/Script/PhysicsCore.PhysicalMaterial,346,346,0,0,346
/Game/PhysicsMaterials/PM_Character.PM_Character,/Script/PhysicsCore.PhysicalMaterial,325,325,0,0,325
/Game/PhysicsMaterials/PM_Concrete.PM_Concrete,/Script/PhysicsCore.PhysicalMaterial,325,325,0,0,325
/Game/PhysicsMaterials/PM_Glass.PM_Glass,/Script/PhysicsCore.PhysicalMaterial,317,317,0,0,317
/Engine/EngineMaterials/Substrate/GLints/AGlintTex2dArray.AGlintTex2dArray,/Script/Engine.Texture2DArray,510238,510238,0,0,1041209
/Engine/EngineMaterials/Substrate/Glints2/AGlintTex2dArray2.AGlintTex2dArray2,/Script/Engine.Texture2DArray,819897,819897,0,0,2081589
/Engine/EngineMaterials/WeightMapArrayPlaceholderTexture.WeightMapArrayPlaceholderTexture,/Script/Engine.Texture2DArray,560,560,0,0,560
/Engine/EngineResources/DefaultTextureCube.DefaultTextureCube,/Script/Engine.TextureCube,6726,6726,0,0,66438
/Engine/EngineResources/GrayLightTextureCube.GrayLightTextureCube,/Script/Engine.TextureCube,412,412,0,0,4921
/Game/ShantyTown/Textures/T_green_sanctuary_4k.T_green_sanctuary_4k,/Script/Engine.TextureCube,10854054,10854054,0,0,16778150
/Engine/EngineResources/LandscapeVisibilityLayerInfo.LandscapeVisibilityLayerInfo,/Script/Landscape.LandscapeLayerInfoObject,386,386,0,0,386
/Game/Sci_FI_Valley_Village/Level/L_showcase_level_sharedassets/Ground1_LayerInfo.Ground1_LayerInfo,/Script/Landscape.LandscapeLayerInfoObject,404,404,0,0,404
/Game/Sci_FI_Valley_Village/Level/L_showcase_level_sharedassets/Ground2_LayerInfo.Ground2_LayerInfo,/Script/Landscape.LandscapeLayerInfoObject,404,404,0,0,404
/Game/Sci_FI_Valley_Village/Level/L_showcase_level_sharedassets/Ground3_LayerInfo.Ground3_LayerInfo,/Script/Landscape.LandscapeLayerInfoObject,404,404,0,0,404
/Game/Sci_FI_Valley_Village/Level/L_showcase_level_sharedassets/Ground4_LayerInfo.Ground4_LayerInfo,/Script/Landscape.LandscapeLayerInfoObject,404,404,0,0,404
/Game/ShantyTown/Textures/Landscape/Layers/Layer_1_LayerInfo.Layer_1_LayerInfo,/Script/Landscape.LandscapeLayerInfoObject,380,380,0,0,380
/Game/ShantyTown/Textures/Landscape/Layers/Layer_2_LayerInfo.Layer_2_LayerInfo,/Script/Landscape.LandscapeLayerInfoObject,380,380,0,0,380
/Game/ShantyTown/Textures/Landscape/Layers/Layer_3_LayerInfo.Layer_3_LayerInfo,/Script/Landscape.LandscapeLayerInfoObject,380,380,0,0,380
/Game/ShantyTown/Textures/Landscape/Layers/Layer_4_LayerInfo.Layer_4_LayerInfo,/Script/Landscape.LandscapeLayerInfoObject,380,380,0,0,380
/Game/ShantyTown/Textures/Landscape/Layers/Layer_5_LayerInfo.Layer_5_LayerInfo,/Script/Landscape.LandscapeLayerInfoObject,380,380,0,0,380
/Engine/EngineSky/C_Sky_Cloud_Color.C_Sky_Cloud_Color,/Script/Engine.CurveLinearColor,820,820,0,0,820
/Engine/EngineSky/C_Sky_Horizon_Color.C_Sky_Horizon_Color,/Script/Engine.CurveLinearColor,820,820,0,0,820
/Engine/EngineSky/C_Sky_Zenith_Color.C_Sky_Zenith_Color,/Script/Engine.CurveLinearColor,901,901,0,0,901
/Game/Characters/Heroes/Mannequin/Materials/Functions/ChromaticCurve2.ChromaticCurve2,/Script/Engine.CurveLinearColor,737,737,0,0,737
/Game/Characters/Heroes/Mannequin/Textures/Shared/ChromaticCurve.ChromaticCurve,/Script/Engine.CurveLinearColor,385,385,0,0,1064
/Game/Effects/Curves/FX_Pyro_Fire.FX_Pyro_Fire,/Script/Engine.CurveLinearColor,627,627,0,0,627
/Game/Effects/Curves/FX_Pyro_Fire_2.FX_Pyro_Fire_2,/Script/Engine.CurveLinearColor,569,569,0,0,569
/Game/Effects/Curves/FX_Pyro_Fire_3.FX_Pyro_Fire_3,/Script/Engine.CurveLinearColor,627,627,0,0,627
/Game/Effects/Curves/FX_Pyro_Sparks.FX_Pyro_Sparks,/Script/Engine.CurveLinearColor,496,496,0,0,496
/Game/UI/Hud/Art/C_UI_Accolade_Alpha.C_UI_Accolade_Alpha,/Script/Engine.CurveLinearColor,500,500,0,0,500
/Game/UI/Hud/Art/C_UI_Accolade_Color.C_UI_Accolade_Color,/Script/Engine.CurveLinearColor,554,554,0,0,554
/Game/UI/Hud/Art/C_UI_AmmoCounter.C_UI_AmmoCounter,/Script/Engine.CurveLinearColor,662,662,0,0,662
/Game/UI/Hud/Art/C_UI_ControlRing.C_UI_ControlRing,/Script/Engine.CurveLinearColor,554,554,0,0,554
/Game/UI/Hud/Art/C_UI_DashCooldown.C_UI_DashCooldown,/Script/Engine.CurveLinearColor,581,581,0,0,581
/Game/UI/Hud/Art/C_UI_ElimFeed_Glow-Shadow.C_UI_ElimFeed_Glow-Shadow,/Script/Engine.CurveLinearColor,570,570,0,0,570
/Game/UI/Hud/Art/C_UI_Elimination_Alpha.C_UI_Elimination_Alpha,/Script/Engine.CurveLinearColor,508,508,0,0,508
/Game/UI/Hud/Art/C_UI_Elimination_Color.C_UI_Elimination_Color,/Script/Engine.CurveLinearColor,562,562,0,0,562
/Game/UI/Hud/Art/C_UI_HealthBar_Shadow-Notch-Glow.C_UI_HealthBar_Shadow-Notch-Glow,/Script/Engine.CurveLinearColor,640,640,0,0,640
/Game/UI/Hud/Art/C_UI_TeamScore.C_UI_TeamScore,/Script/Engine.CurveLinearColor,438,438,0,0,438
/Game/UI/Hud/Art/C_UI_WeaponCard.C_UI_WeaponCard,/Script/Engine.CurveLinearColor,573,573,0,0,573
/Game/UI/Hud/Art/C_UI_WeaponCard_ActiveBoost.C_UI_WeaponCard_ActiveBoost,/Script/Engine.CurveLinearColor,481,481,0,0,481
/Game/UI/Menu/Art/C_UI_LoadingScreen.C_UI_LoadingScreen,/Script/Engine.CurveLinearColor,608,608,0,0,608
/Game/UI/Menu/Art/C_UI_Logo.C_UI_Logo,/Script/Engine.CurveLinearColor,538,538,0,0,538
/Game/UI/Menu/Art/C_UI_MapTile.C_UI_MapTile,/Script/Engine.CurveLinearColor,438,438,0,0,438
/Game/UI/Menu/Art/C_UI_MenuBorder.C_UI_MenuBorder,/Script/Engine.CurveLinearColor,600,600,0,0,600
/Game/UI/Menu/Art/C_UI_MenuButton_Base.C_UI_MenuButton_Base,/Script/Engine.CurveLinearColor,589,589,0,0,589
/Game/UI/Menu/Art/C_UI_ScrollBar.C_UI_ScrollBar,/Script/Engine.CurveLinearColor,384,384,0,0,384
/Game/UI/Menu/Art/C_UI_TeamLogos.C_UI_TeamLogos,/Script/Engine.CurveLinearColor,573,573,0,0,573
/Game/UI/Menu/Art/C_UI_TeamStripe.C_UI_TeamStripe,/Script/Engine.CurveLinearColor,519,519,0,0,519
/Game/UI/Menu/Art/C_UI_TileArt.C_UI_TileArt,/Script/Engine.CurveLinearColor,573,573,0,0,573
/ShooterTests/Input/DeviceColor/C_InputDeviceColor.C_InputDeviceColor,/Script/Engine.CurveLinearColor,597,597,0,0,597
/TopDownArena/Game/Bombs/BombPulseTime.BombPulseTime,/Script/Engine.CurveLinearColor,716,716,0,0,716
/Engine/EngineSounds/Duck_Normal_Attack_MixMod.Duck_Normal_Attack_MixMod,/Script/Engine.SoundMix,445,445,0,0,445
/Engine/EngineSounds/Master.Master,/Script/Engine.SoundClass,301,301,0,0,301
/Engine/EngineSounds/Normal_Attack.Normal_Attack,/Script/Engine.SoundClass,388,388,0,0,388
/Engine/EngineSounds/SFX.SFX,/Script/Engine.SoundClass,546,546,0,0,546
/Engine/EngineSounds/Special_Attack_PSM.Special_Attack_PSM,/Script/Engine.SoundClass,510,510,0,0,510
/Game/Audio/Classes/Application_Focused.Application_Focused,/Script/Engine.SoundClass,788,788,0,0,788
/Game/Audio/Classes/Music.Music,/Script/Engine.SoundClass,591,591,0,0,591
/Game/Audio/Classes/Overall.Overall,/Script/Engine.SoundClass,520,520,0,0,520
/Game/Audio/Classes/RenderedCinematics.RenderedCinematics,/Script/Engine.SoundClass,616,616,0,0,616
/Game/Audio/Classes/SFX.SFX,/Script/Engine.SoundClass,583,583,0,0,583
/Game/Audio/Classes/UI.UI,/Script/Engine.SoundClass,573,573,0,0,573
/Game/Audio/Classes/VoiceChat.VoiceChat,/Script/Engine.SoundClass,599,599,0,0,599
/Engine/EngineSounds/Submixes/MasterEQEffectPreset.MasterEQEffectPreset,/Script/AudioMixer.SubmixEffectSubmixEQPreset,330,330,0,0,330
/Engine/EngineSounds/Submixes/MasterEQSubmixDefault.MasterEQSubmixDefault,/Script/Engine.SoundSubmix,539,539,0,0,539
/Engine/EngineSounds/Submixes/MasterReverbSubmixDefault.MasterReverbSubmixDefault,/Script/Engine.SoundSubmix,552,552,0,0,552
/Engine/EngineSounds/Submixes/MasterSubmixDefault.MasterSubmixDefault,/Script/Engine.SoundSubmix,544,544,0,0,544
/Game/Audio/Submixes/EarlyReflectionsSubmix.EarlyReflectionsSubmix,/Script/Engine.SoundSubmix,729,729,0,0,729
/Game/Audio/Submixes/MainSubmix.MainSubmix,/Script/Engine.SoundSubmix,813,813,0,0,813
/Game/Audio/Submixes/MusicSubmix.MusicSubmix,/Script/Engine.SoundSubmix,403,403,0,0,403
/Game/Audio/Submixes/ReverbSubmix.ReverbSubmix,/Script/Engine.SoundSubmix,509,509,0,0,509
/Game/Audio/Submixes/SendEffectSubmix.SendEffectSubmix,/Script/Engine.SoundSubmix,414,414,0,0,414
/Game/Audio/Submixes/SFXSubmix.SFXSubmix,/Script/Engine.SoundSubmix,476,476,0,0,476
/Game/Audio/Submixes/UISubmix.UISubmix,/Script/Engine.SoundSubmix,394,394,0,0,394
/Game/Audio/Submixes/VoiceSubmix.VoiceSubmix,/Script/Engine.SoundSubmix,403,403,0,0,403
/Engine/EngineSounds/Submixes/MasterReverbEffectPreset.MasterReverbEffectPreset,/Script/AudioMixer.SubmixEffectReverbPreset,338,338,0,0,338
/Engine/Maps/Entry.Entry,/Script/Engine.World,970,970,0,0,2115
/Game/BagMan/Armory/L_IRONICS_Armory.L_IRONICS_Armory,/Script/Engine.World,102077,102077,0,0,587260
/Game/Maps/L_Arena_01.L_Arena_01,/Script/Engine.World,11373,11373,0,0,61492
/Game/Maps/L_Arena_04.L_Arena_04,/Script/Engine.World,87304,87304,0,0,432554
/Game/Maps/L_Arena_05.L_Arena_05,/Script/Engine.World,2390,2390,0,0,5363
/Game/Maps/L_Duel_01.L_Duel_01,/Script/Engine.World,10695,10695,0,0,47191
/Game/Maps/L_ShantyTown.L_ShantyTown,/Script/Engine.World,130296270,130296270,0,0,533534584
/Game/Maps/L_ShantyTown/_Generated_/03GQLVD57PTDUY0QSQORBY5MV.L_ShantyTown,/Script/Engine.World,2076,2076,0,0,5333
/Game/Maps/L_ShantyTown/_Generated_/067F34A5MF599H3O0TWA888MJ.L_ShantyTown,/Script/Engine.World,2173,2173,0,0,5847
/Game/Maps/L_ShantyTown/_Generated_/071MS2FQXF6FZ0BN3S8GTVNTZ.L_ShantyTown,/Script/Engine.World,8907,8907,0,0,29421
/Game/Maps/L_ShantyTown/_Generated_/0C5ZB12VJW22JEUQAGREZUC2L.L_ShantyTown,/Script/Engine.World,5957,5957,0,0,98787
/Game/Maps/L_ShantyTown/_Generated_/0ZAQ4D8SXLTRQ839GEUORW7KZ.L_ShantyTown,/Script/Engine.World,3471,3471,0,0,21596
/Game/Maps/L_ShantyTown/_Generated_/131H9FQUSV89VYCGUM59WW0QK.L_ShantyTown,/Script/Engine.World,7596678,7596678,0,0,29426520
/Game/Maps/L_ShantyTown/_Generated_/13FV9ZWJJA8M9U2UAHSV3RAYS.L_ShantyTown,/Script/Engine.World,5457,5457,0,0,75539
/Game/Maps/L_ShantyTown/_Generated_/1VAR8N5G0IWO3S36KWRFTG0XI.L_ShantyTown,/Script/Engine.World,5074,5074,0,0,31714
/Game/Maps/L_ShantyTown/_Generated_/27HHP3E71MS8LT58LWWA99FHC.L_ShantyTown,/Script/Engine.World,393686,393686,0,0,4435836
/Game/Maps/L_ShantyTown/_Generated_/2EEQPTFKC3NSGKU9608SMUUDN.L_ShantyTown,/Script/Engine.World,27754,27754,0,0,94739
/Game/Maps/L_ShantyTown/_Generated_/2WG62NLMMR8Q0OHQFHI1I9IUR.L_ShantyTown,/Script/Engine.World,540595,540595,0,0,2828855
/Game/Maps/L_ShantyTown/_Generated_/38NL097RR05NMRIMHVOJCUXN1.L_ShantyTown,/Script/Engine.World,11688,11688,0,0,39911
/Game/Maps/L_ShantyTown/_Generated_/3MY4J2PXAHQONGE9RQD641J0W.L_ShantyTown,/Script/Engine.World,3002173,3002173,0,0,8124004
/Game/Maps/L_ShantyTown/_Generated_/3O6ELIIHWKCA56YVN29WYU6RO.L_ShantyTown,/Script/Engine.World,2511616,2511616,0,0,7908503
/Game/Maps/L_ShantyTown/_Generated_/3PLEQ9OYIKAAV9LCRDTBBEN21.L_ShantyTown,/Script/Engine.World,1895265,1895265,0,0,6831221
/Game/Maps/L_ShantyTown/_Generated_/3SAD5XY4JYNC2PO3AJABP4EH1.L_ShantyTown,/Script/Engine.World,1627,1627,0,0,3331
/Game/Maps/L_ShantyTown/_Generated_/3SQ7Y67SPI44UX8AIMVK67RI1.L_ShantyTown,/Script/Engine.World,1580107,1580107,0,0,4411557
/Game/Maps/L_ShantyTown/_Generated_/4MB950QZ1ZB75IODNSB2Y6FA7.L_ShantyTown,/Script/Engine.World,2939201,2939201,0,0,12770951
/Game/Maps/L_ShantyTown/_Generated_/4Z6MN1J7TLHH8LHW55A3MXFW1.L_ShantyTown,/Script/Engine.World,2208,2208,0,0,6241
/Game/Maps/L_ShantyTown/_Generated_/5E9IGQASAFPH4PXS30PWRSG6I.L_ShantyTown,/Script/Engine.World,2721440,2721440,0,0,8374736
/Game/Maps/L_ShantyTown/_Generated_/5J25KW129RH4DJKL2L4BXPUEF.L_ShantyTown,/Script/Engine.World,3926542,3926542,0,0,10802703
/Game/Maps/L_ShantyTown/_Generated_/5JCGVVAEF0M414I1PWV3EFMQN.L_ShantyTown,/Script/Engine.World,2889224,2889224,0,0,12894067
/Game/Maps/L_ShantyTown/_Generated_/5W4L2LOSW63Q5L96MSWP4GRZ4.L_ShantyTown,/Script/Engine.World,4444,4444,0,0,23258
/Game/Maps/L_ShantyTown/_Generated_/69W0AB54JTBR8V0WCQBGNTRGM.L_ShantyTown,/Script/Engine.World,2505,2505,0,0,12523
/Game/Maps/L_ShantyTown/_Generated_/6BWNMSMNIV65JRNR0V4AC3JIQ.L_ShantyTown,/Script/Engine.World,1638,1638,0,0,3385
/Game/Maps/L_ShantyTown/_Generated_/6JXWG6565P00J32YSOY6EIC6H.L_ShantyTown,/Script/Engine.World,1736562,1736562,0,0,4553507
/Game/Maps/L_ShantyTown/_Generated_/6NK3KT35QE5P3N5AMF7CY4OG3.L_ShantyTown,/Script/Engine.World,1988122,1988122,0,0,6730462
/Game/Maps/L_ShantyTown/_Generated_/6Z998Z6Z10VPARQNVTEED5JRO.L_ShantyTown,/Script/Engine.World,404191,404191,0,0,1180318
/Game/Maps/L_ShantyTown/_Generated_/70XSW44ZB0224QCRX0OPYJTIJ.L_ShantyTown,/Script/Engine.World,1154,1154,0,0,2398
/Game/Maps/L_ShantyTown/_Generated_/7P5NSNAXUOMDUD2BJ6R8WSOTV.L_ShantyTown,/Script/Engine.World,4304123,4304123,0,0,15136709
/Game/Maps/L_ShantyTown/_Generated_/7WQ9TMEJYCRH7S506WFYCO71Y.L_ShantyTown,/Script/Engine.World,617223,617223,0,0,1817228
/Game/Maps/L_ShantyTown/_Generated_/809Y2SPLDI542IUCM2Y8LJDU3.L_ShantyTown,/Script/Engine.World,2025583,2025583,0,0,6973470
/Game/Maps/L_ShantyTown/_Generated_/82AR7O9WX3YLDLD2KS29YZV96.L_ShantyTown,/Script/Engine.World,741532,741532,0,0,6737939
/Game/Maps/L_ShantyTown/_Generated_/84F9HXF7T9CUW97MVEGB4XA1K.L_ShantyTown,/Script/Engine.World,4048,4048,0,0,22036
/Game/Maps/L_ShantyTown/_Generated_/8WEO00DPBYPT9LWE3TC7YQC9W.L_ShantyTown,/Script/Engine.World,1651,1651,0,0,3384
/Game/Maps/L_ShantyTown/_Generated_/8XXGW1KNR1W2EVP0YDC6BTJRI.L_ShantyTown,/Script/Engine.World,677795,677795,0,0,2144882
/Game/Maps/L_ShantyTown/_Generated_/9YQ8TEPGRVB3QRU7M7IYTYU9C.L_ShantyTown,/Script/Engine.World,2142,2142,0,0,5373
/Game/Maps/L_ShantyTown/_Generated_/AUPI0GG598NPQR9J3TF1IUKDY.L_ShantyTown,/Script/Engine.World,35529,35529,0,0,115951
/Game/Maps/L_ShantyTown/_Generated_/B9D2ND548XX9F2ZWZUTIQ471D.L_ShantyTown,/Script/Engine.World,31910,31910,0,0,172479
/Game/Maps/L_ShantyTown/_Generated_/BECZBYHQ9Z7AS0DJNRJ17YGWW.L_ShantyTown,/Script/Engine.World,50473,50473,0,0,128019
/Game/Maps/L_ShantyTown/_Generated_/CTJZ4O37RA2GK69446YHI7KA2.L_ShantyTown,/Script/Engine.World,407188,407188,0,0,3263421
/Game/Maps/L_ShantyTown/_Generated_/DZT07YR5KYCXGIQSWONPLBDHM.L_ShantyTown,/Script/Engine.World,7137758,7137758,0,0,20797776
/Game/Maps/L_ShantyTown/_Generated_/E76QFY798YOLD1WANBT4A3EVP.L_ShantyTown,/Script/Engine.World,1143,1143,0,0,2374
/Game/Maps/L_ShantyTown/_Generated_/E8KYQGO9C49J7TBTZ2CNYQCG5.L_ShantyTown,/Script/Engine.World,1301,1301,0,0,2550
/Game/Maps/L_ShantyTown/_Generated_/EAHQ5WKGD02A59J19Q52PN7PP.L_ShantyTown,/Script/Engine.World,2219211,2219211,0,0,6638827
/Game/Maps/L_ShantyTown/_Generated_/EXEL85FXCDC08YS9FL4KSBFRP.L_ShantyTown,/Script/Engine.World,9876,9876,0,0,38644
/Game/Maps/L_ShantyTown/_Generated_/EZIFL1ZQ37Q3K774TWI9KU94S.L_ShantyTown,/Script/Engine.World,1483746,1483746,0,0,3929094
/Game/Maps/L_ValleyVillage.L_ValleyVillage,/Script/Engine.World,28075957,28075957,0,0,68713630
/Game/System/DefaultEditorMap/L_DefaultEditorOverview.L_DefaultEditorOverview,/Script/Engine.World,5066,5066,0,0,13119
/Game/System/FrontEnd/Maps/L_LyraFrontEnd.L_LyraFrontEnd,/Script/Engine.World,3195,3195,0,0,7776
/ShooterCore/Maps/L_ShooterGym.L_ShooterGym,/Script/Engine.World,14960,14960,0,0,68781
/ShooterCore/Maps/L_ShooterPerf.L_ShooterPerf,/Script/Engine.World,259199,259199,0,0,2056369
/ShooterExplorer/Maps/L_InteractionTestMap.L_InteractionTestMap,/Script/Engine.World,5735,5735,0,0,20668
/ShooterExplorer/Maps/L_InventoryTestMap.L_InventoryTestMap,/Script/Engine.World,5243,5243,0,0,17572
/ShooterExplorer/Maps/L_StateTree_FollowTest.L_StateTree_FollowTest,/Script/Engine.World,27125,27125,0,0,162881
/ShooterMaps/Maps/L_Convolution_Blockout.L_Convolution_Blockout,/Script/Engine.World,88789,88789,0,0,484407
/ShooterMaps/Maps/L_Convolution_Blockout/_Generated_/4TDIOJEK2BRX8MONEHTHW70BJ.L_Convolution_Blockout,/Script/Engine.World,9657,9657,0,0,47770
/ShooterMaps/Maps/L_Convolution_Blockout/_Generated_/6KBNKUS7BL8PGUTVIRDMEEYM9.L_Convolution_Blockout,/Script/Engine.World,4102,4102,0,0,11704
/ShooterMaps/Maps/L_Convolution_Blockout/_Generated_/CX41W5H1RJDS6J5F1YJW6NFT9.L_Convolution_Blockout,/Script/Engine.World,6609,6609,0,0,23240
/ShooterMaps/Maps/L_Convolution_Blockout/_Generated_/D6U5AO6LUQOFAK28MINJ8G7LV.L_Convolution_Blockout,/Script/Engine.World,4278,4278,0,0,10902
/ShooterMaps/Maps/L_Expanse.L_Expanse,/Script/Engine.World,218982,218982,0,0,1800116
/ShooterMaps/Maps/L_Expanse/_Generated_/143GWIITS5TZZL1QV9BC72V0D.L_Expanse,/Script/Engine.World,7499,7499,0,0,41207
/ShooterMaps/Maps/L_Expanse/_Generated_/5OAWGQG4MUN1IP66XBGALFVKD.L_Expanse,/Script/Engine.World,5651,5651,0,0,20936
/ShooterMaps/Maps/L_Expanse/_Generated_/6I9EBC2F8F76VI2C8LLL7Q19X.L_Expanse,/Script/Engine.World,4824,4824,0,0,17646
/ShooterMaps/Maps/L_Expanse/_Generated_/8IC373HRUCY55EJCFHWCDVH28.L_Expanse,/Script/Engine.World,5971,5971,0,0,24367
/ShooterMaps/Maps/L_Expanse_Blockout.L_Expanse_Blockout,/Script/Engine.World,122223,122223,0,0,1025804
/ShooterMaps/Maps/L_Expanse_Blockout/_Generated_/0BN4KBNQFR9Z7SXC0XQ5YJELM.L_Expanse_Blockout,/Script/Engine.World,8813,8813,0,0,46050
/ShooterMaps/Maps/L_Expanse_Blockout/_Generated_/1XV84RPZ855KKWXYLN7DP0GBN.L_Expanse_Blockout,/Script/Engine.World,5492,5492,0,0,19509
/ShooterMaps/Maps/L_Expanse_Blockout/_Generated_/3AIZRTWABMF8DYZ3XG984RGK0.L_Expanse_Blockout,/Script/Engine.World,3178,3178,0,0,7199
/ShooterMaps/Maps/L_Expanse_Blockout/_Generated_/62A4A8EUJVI1A11DXKNYR3BDM.L_Expanse_Blockout,/Script/Engine.World,3262,3262,0,0,7586
/ShooterMaps/Maps/L_Expanse_Blockout/_Generated_/9H2XCG92JNQJRVO2V2ZD8CFFT.L_Expanse_Blockout,/Script/Engine.World,9311,9311,0,0,46752
/ShooterMaps/Maps/L_Expanse_Blockout/_Generated_/AEAT2GKRBEJE1UQB4BK18YOY1.L_Expanse_Blockout,/Script/Engine.World,6124,6124,0,0,21631
/ShooterMaps/Maps/L_Expanse_Blockout/_Generated_/E4ZNW69C7H1OIDD9AY7VXMISG.L_Expanse_Blockout,/Script/Engine.World,3255,3255,0,0,7587
/ShooterMaps/Maps/L_Expanse_Blockout/_Generated_/F4ZNVQQW4KA6540RMQ4TCZWL7.L_Expanse_Blockout,/Script/Engine.World,3186,3186,0,0,7199
/ShooterMaps/Maps/L_FiringRange_WP.L_FiringRange_WP,/Script/Engine.World,16135,16135,0,0,78459
/ShooterMaps/Maps/L_FiringRange_WP/_Generated_/0M29E570Z60PGQ6EWVNAG7YII.L_FiringRange_WP,/Script/Engine.World,2296,2296,0,0,5825
/ShooterMaps/Maps/L_FiringRange_WP/_Generated_/3C0EOMJZP0IZYKFP55NPKK59M.L_FiringRange_WP,/Script/Engine.World,2672,2672,0,0,9759
/ShooterMaps/Maps/L_FiringRange_WP/_Generated_/8AZGERIX3RX5TK8SPTUU04NIU.L_FiringRange_WP,/Script/Engine.World,5906,5906,0,0,25064
/ShooterMaps/Maps/L_FiringRange_WP/_Generated_/8FZIV9FCFOXNFI77CT46LUA8D.L_FiringRange_WP,/Script/Engine.World,1532,1532,0,0,4834
/ShooterMaps/Maps/L_FiringRange_WP/_Generated_/9DV9P0ZHKSEDXWMB68NZEZ0E9.L_FiringRange_WP,/Script/Engine.World,4672,4672,0,0,25373
/ShooterMaps/Maps/L_FiringRange_WP/_Generated_/ADEUQ1CENBISC4XSIVQ6WT8DM.L_FiringRange_WP,/Script/Engine.World,13294,13294,0,0,53950
/ShooterMaps/Maps/L_FiringRange_WP/_Generated_/BYMF60W6B7M1DIVOBT3OMT543.L_FiringRange_WP,/Script/Engine.World,1547,1547,0,0,4397
/ShooterMaps/Maps/L_FiringRange_WP/_Generated_/DGOKMCT14DY1P7LWBUVDEU0T7.L_FiringRange_WP,/Script/Engine.World,3460,3460,0,0,9834
/ShooterMaps/Maps/L_FiringRange_WP/_Generated_/DK2OOMGT6UA2LXJH2NEFR3F66.L_FiringRange_WP,/Script/Engine.World,7223,7223,0,0,38886
/ShooterMaps/Maps/L_FiringRange_WP/_Generated_/E9DB5UQD5AV5NGHT9UBRXGYOS.L_FiringRange_WP,/Script/Engine.World,2421,2421,0,0,7213
/ShooterMaps/Maps/L_FiringRange_WP/_Generated_/EHWMLI3IXXMSZP1R1ZKJB8006.L_FiringRange_WP,/Script/Engine.World,1724,1724,0,0,5337
/ShooterMaps/Maps/L_FiringRange_WP/_Generated_/F05YEEZSX7VWHW7QD2YI26GEX.L_FiringRange_WP,/Script/Engine.World,1586,1586,0,0,4128
/ShooterMaps/Maps/L_ShooterFrontendBackground.L_ShooterFrontendBackground,/Script/Engine.World,138893,138893,0,0,1410085
/ShooterTests/Maps/L_AsyncMessagePassing.L_AsyncMessagePassing,/Script/Engine.World,7385,7385,0,0,38525
/ShooterTests/Maps/L_ShooterTest_AutoRun.L_ShooterTest_AutoRun,/Script/Engine.World,2772,2772,0,0,6010
/ShooterTests/Maps/L_ShooterTest_Basic.L_ShooterTest_Basic,/Script/Engine.World,2192,2192,0,0,4631
/ShooterTests/Maps/L_ShooterTest_DeviceProperties.L_ShooterTest_DeviceProperties,/Script/Engine.World,7079,7079,0,0,24354
/ShooterTests/Maps/L_ShooterTest_FireWeapon.L_ShooterTest_FireWeapon,/Script/Engine.World,2637,2637,0,0,5714
/TopDownArena/Maps/L_TopDown_LocalMultiplayer.L_TopDown_LocalMultiplayer,/Script/Engine.World,8696,8696,0,0,48362
/TopDownArena/Maps/L_TopDownArenaGym.L_TopDownArenaGym,/Script/Engine.World,9848,9848,0,0,59537
/Engine/Maps/Entry_BuiltData.Entry_BuiltData,/Script/Engine.MapBuildDataRegistry,398,398,0,0,24281
/Game/System/DefaultEditorMap/L_DefaultEditorOverview_BuiltData.L_DefaultEditorOverview_BuiltData,/Script/Engine.MapBuildDataRegistry,365967,365967,0,0,1048977
/Game/System/FrontEnd/Maps/L_LyraFrontEnd_BuiltData.L_LyraFrontEnd_BuiltData,/Script/Engine.MapBuildDataRegistry,563020,563020,0,0,2128921
/ShooterMaps/Maps/L_Convolution_Blockout_BuiltData.L_Convolution_Blockout_BuiltData,/Script/Engine.MapBuildDataRegistry,9973309,9973309,0,0,20971976
/ShooterMaps/Maps/L_Expanse_Blockout_BuiltData.L_Expanse_Blockout_BuiltData,/Script/Engine.MapBuildDataRegistry,18556964,18556964,0,0,41943568
/ShooterMaps/Maps/L_Expanse_BuiltData.L_Expanse_BuiltData,/Script/Engine.MapBuildDataRegistry,6003907,6003907,0,0,12583304
/Game/Audio/AttenuationPresets/ATT_Amb_Pad.ATT_Amb_Pad,/Script/Engine.SoundAttenuation,403,403,0,0,403
/Game/Audio/AttenuationPresets/ATT_Default.ATT_Default,/Script/Engine.SoundAttenuation,345,345,0,0,345
/Game/Audio/AttenuationPresets/ATT_Foley.ATT_Foley,/Script/Engine.SoundAttenuation,387,387,0,0,387
/Game/Audio/AttenuationPresets/ATT_Footstep_NPC.ATT_Footstep_NPC,/Script/Engine.SoundAttenuation,472,472,0,0,472
/Game/Audio/AttenuationPresets/ATT_Footstep_PC.ATT_Footstep_PC,/Script/Engine.SoundAttenuation,547,547,0,0,547
/Game/Audio/AttenuationPresets/ATT_FX_BulletImpact.ATT_FX_BulletImpact,/Script/Engine.SoundAttenuation,402,402,0,0,402
/Game/Audio/AttenuationPresets/ATT_FX_Dash.ATT_FX_Dash,/Script/Engine.SoundAttenuation,333,333,0,0,333
/Game/Audio/AttenuationPresets/ATT_FX_GrenadeBounce.ATT_FX_GrenadeBounce,/Script/Engine.SoundAttenuation,386,386,0,0,386
/Game/Audio/AttenuationPresets/ATT_FX_Pad.ATT_FX_Pad,/Script/Engine.SoundAttenuation,339,339,0,0,339
/Game/Audio/AttenuationPresets/ATT_Grenade.ATT_Grenade,/Script/Engine.SoundAttenuation,537,537,0,0,537
/Game/Audio/AttenuationPresets/ATT_Melee.ATT_Melee,/Script/Engine.SoundAttenuation,345,345,0,0,345
/Game/Audio/AttenuationPresets/ATT_Pistol.ATT_Pistol,/Script/Engine.SoundAttenuation,542,542,0,0,542
/Game/Audio/AttenuationPresets/ATT_Projectile.ATT_Projectile,/Script/Engine.SoundAttenuation,360,360,0,0,360
/Game/Audio/AttenuationPresets/ATT_Rifle.ATT_Rifle,/Script/Engine.SoundAttenuation,542,542,0,0,542
/Game/Audio/AttenuationPresets/ATT_Shotgun.ATT_Shotgun,/Script/Engine.SoundAttenuation,542,542,0,0,542
/Game/Audio/AttenuationPresets/ATT_WhizBy.ATT_WhizBy,/Script/Engine.SoundAttenuation,404,404,0,0,404
/Game/Audio/AttenuationPresets/TempITDSpatializationSourceSettings.TempITDSpatializationSourceSettings,/Script/Spatialization.ITDSpatializationSourceSettings,452,452,0,0,452
/Game/Audio/Concurrency/SCon_Default.SCon_Default,/Script/Engine.SoundConcurrency,312,312,0,0,312
/Game/Audio/Concurrency/SCON_Footsteps.SCON_Footsteps,/Script/Engine.SoundConcurrency,320,320,0,0,320
/Game/Audio/Concurrency/SCON_Guns_LimitToOwner.SCON_Guns_LimitToOwner,/Script/Engine.SoundConcurrency,346,346,0,0,346
/Game/Audio/Concurrency/SCON_Guns_StopFarthest.SCON_Guns_StopFarthest,/Script/Engine.SoundConcurrency,330,330,0,0,330
/Game/Audio/Concurrency/SCON_Impacts.SCON_Impacts,/Script/Engine.SoundConcurrency,312,312,0,0,312
/Game/Audio/Concurrency/SCON_PlayerDamage.SCON_PlayerDamage,/Script/Engine.SoundConcurrency,337,337,0,0,337
/Game/Audio/Concurrency/SCON_WhizBys.SCON_WhizBys,/Script/Engine.SoundConcurrency,321,321,0,0,321
/Game/Audio/DYN_LowMultibandDynamics.DYN_LowMultibandDynamics,/Script/Synthesis.SubmixEffectMultibandCompressorPreset,455,455,0,0,455
/Game/Audio/Effects/SubmixEffects/CREV_1978_LargeRoom.CREV_1978_LargeRoom,/Script/Synthesis.SubmixEffectConvolutionReverbPreset,432,432,0,0,432
/Game/Audio/Effects/SubmixEffects/CREV_BaseMain.CREV_BaseMain,/Script/Synthesis.SubmixEffectConvolutionReverbPreset,424,424,0,0,424
/Game/Audio/Effects/SubmixEffects/CREV_BaseMain_Tunnel.CREV_BaseMain_Tunnel,/Script/Synthesis.SubmixEffectConvolutionReverbPreset,443,443,0,0,443
/Game/Audio/Effects/SubmixEffects/CREV_BaseWing.CREV_BaseWing,/Script/Synthesis.SubmixEffectConvolutionReverbPreset,427,427,0,0,427
/Game/Audio/Effects/SubmixEffects/CREV_CenterCylinder.CREV_CenterCylinder,/Script/Synthesis.SubmixEffectConvolutionReverbPreset,435,435,0,0,435
/Game/Audio/Effects/SubmixEffects/CREV_ControlPoint.CREV_ControlPoint,/Script/Synthesis.SubmixEffectConvolutionReverbPreset,429,429,0,0,429
/Game/Audio/Effects/SubmixEffects/CREV_Exterior.CREV_Exterior,/Script/Synthesis.SubmixEffectConvolutionReverbPreset,431,431,0,0,431
/Game/Audio/Effects/SubmixEffects/DYN_LowDynamics.DYN_LowDynamics,/Script/AudioMixer.SubmixEffectDynamicsProcessorPreset,356,356,0,0,356
/Game/Audio/Effects/SubmixEffects/DYN_MainDynamics.DYN_MainDynamics,/Script/AudioMixer.SubmixEffectDynamicsProcessorPreset,342,342,0,0,342
/Game/Audio/Effects/SubmixEffects/FLT_EarlyReflections.FLT_EarlyReflections,/Script/Synthesis.SubmixEffectFilterPreset,344,344,0,0,344
/Game/Audio/Effects/SubmixEffects/FLT_EarlyReflectionsHPF.FLT_EarlyReflectionsHPF,/Script/Synthesis.SubmixEffectFilterPreset,351,351,0,0,351
/Game/Audio/Effects/SubmixEffects/TAP_EarlyReflections.TAP_EarlyReflections,/Script/Synthesis.SubmixEffectTapDelayPreset,444,444,0,0,444
/Game/Audio/Impulses/1978_LargeRoom_IR.1978_LargeRoom_IR,/Script/Synthesis.AudioImpulseResponse,296544,296544,0,0,1032842
/Game/Audio/Impulses/IR_Reverb_Exterior_01_IR.IR_Reverb_Exterior_01_IR,/Script/Synthesis.AudioImpulseResponse,79363,79363,0,0,211162
/Game/Audio/Impulses/IR_Reverb_Hall_02_IR.IR_Reverb_Hall_02_IR,/Script/Synthesis.AudioImpulseResponse,200789,200789,0,0,497306
/Game/Audio/Impulses/IR_Reverb_Room_02_IR.IR_Reverb_Room_02_IR,/Script/Synthesis.AudioImpulseResponse,67280,67280,0,0,230666
/Game/Audio/Impulses/IR_Reverb_Room_06_IR.IR_Reverb_Room_06_IR,/Script/Synthesis.AudioImpulseResponse,137028,137028,0,0,393386
/Game/Audio/Impulses/IR_Reverb_Room_07_IR.IR_Reverb_Room_07_IR,/Script/Synthesis.AudioImpulseResponse,86733,86733,0,0,465046
/Game/Audio/MetaSounds/lib_DovetailClip.lib_DovetailClip,/Script/MetasoundEngine.MetaSoundPatch,4452,4452,0,0,13129
/Game/Audio/MetaSounds/lib_DovetailClipFromArray.lib_DovetailClipFromArray,/Script/MetasoundEngine.MetaSoundPatch,2897,2897,0,0,7157
/Game/Audio/MetaSounds/lib_RandInterpTo.lib_RandInterpTo,/Script/MetasoundEngine.MetaSoundPatch,1894,1894,0,0,4599
/Game/Audio/MetaSounds/lib_RandPanStereo.lib_RandPanStereo,/Script/MetasoundEngine.MetaSoundPatch,1477,1477,0,0,3735
/Game/Audio/MetaSounds/lib_StereoBalance.lib_StereoBalance,/Script/MetasoundEngine.MetaSoundPatch,1810,1810,0,0,5146
/Game/Audio/MetaSounds/lib_TriggerAfter.lib_TriggerAfter,/Script/MetasoundEngine.MetaSoundPatch,1948,1948,0,0,4605
/Game/Audio/MetaSounds/lib_TriggerEvery.lib_TriggerEvery,/Script/MetasoundEngine.MetaSoundPatch,1900,1900,0,0,4327
/Game/Audio/MetaSounds/lib_TriggerModulo.lib_TriggerModulo,/Script/MetasoundEngine.MetaSoundPatch,2211,2211,0,0,5177
/Game/Audio/MetaSounds/lib_TriggerStopAfter.lib_TriggerStopAfter,/Script/MetasoundEngine.MetaSoundPatch,1972,1972,0,0,4656
/Game/Audio/MetaSounds/lib_WhizBy.lib_WhizBy,/Script/MetasoundEngine.MetaSoundPatch,4666,4666,0,0,14572
/Game/Audio/MetaSounds/MS_Graph_RandomPitch_Stereo.MS_Graph_RandomPitch_Stereo,/Script/MetasoundEngine.MetaSoundPatch,3571,3571,0,0,9144
/Game/Audio/MetaSounds/MS_Graph_TriggerDelayPitchShift_Mono.MS_Graph_TriggerDelayPitchShift_Mono,/Script/MetasoundEngine.MetaSoundPatch,4061,4061,0,0,10923
/Game/Audio/MetaSounds/mx_PlayAmbientChord.mx_PlayAmbientChord,/Script/MetasoundEngine.MetaSoundPatch,2748,2748,0,0,7285
/Game/Audio/MetaSounds/mx_PlayAmbientElement.mx_PlayAmbientElement,/Script/MetasoundEngine.MetaSoundPatch,4122,4122,0,0,11279
/Game/Audio/MetaSounds/mx_Stingers.mx_Stingers,/Script/MetasoundEngine.MetaSoundPatch,4296,4296,0,0,16304
/Game/Audio/MetaSounds/sfx_BaseLayer_Interactable_Pad_nl_meta.sfx_BaseLayer_Interactable_Pad_nl_meta,/Script/MetasoundEngine.MetaSoundPatch,2003,2003,0,0,4171
/Game/Audio/Sounds/Weapons/MS_EqualPowerCrossfade.MS_EqualPowerCrossfade,/Script/MetasoundEngine.MetaSoundPatch,1287,1287,0,0,3248
/Game/Audio/Sounds/Weapons/MS_GatedWavePlayer.MS_GatedWavePlayer,/Script/MetasoundEngine.MetaSoundPatch,3937,3937,0,0,10279
/Game/Audio/Sounds/Weapons/MS_LowAmmoTone.MS_LowAmmoTone,/Script/MetasoundEngine.MetaSoundPatch,3051,3051,0,0,7672
/Game/Audio/Sounds/Weapons/MS_RandomEQ.MS_RandomEQ,/Script/MetasoundEngine.MetaSoundPatch,3344,3344,0,0,14394
/Game/Audio/Sounds/Weapons/MS_StereoGain.MS_StereoGain,/Script/MetasoundEngine.MetaSoundPatch,1361,1361,0,0,3255
/Game/Audio/Sounds/Weapons/MS_StereoHighShelf.MS_StereoHighShelf,/Script/MetasoundEngine.MetaSoundPatch,1602,1602,0,0,4199
/Game/Audio/Sounds/Weapons/MS_WaveArrayCrossfader.MS_WaveArrayCrossfader,/Script/MetasoundEngine.MetaSoundPatch,2665,2665,0,0,9295
/Game/Audio/Sounds/Weapons/MS_WavePlayerCrossfader.MS_WavePlayerCrossfader,/Script/MetasoundEngine.MetaSoundPatch,5580,5580,0,0,19307
/Game/Audio/MetaSounds/mx_System.mx_System,/Script/MetasoundEngine.MetaSoundSource,35119,35119,0,0,114611
/Game/Audio/MetaSounds/sfx_Amb_Wind_lp_meta.sfx_Amb_Wind_lp_meta,/Script/MetasoundEngine.MetaSoundSource,6543,6543,0,0,24121
/Game/Audio/MetaSounds/sfx_CapturePoint_Progress_meta.sfx_CapturePoint_Progress_meta,/Script/MetasoundEngine.MetaSoundSource,7058,7058,0,0,26479
/Game/Audio/MetaSounds/sfx_Character_DamageGiven_nl_meta.sfx_Character_DamageGiven_nl_meta,/Script/MetasoundEngine.MetaSoundSource,2876,2876,0,0,6903
/Game/Audio/MetaSounds/sfx_Character_DamageGivenKill_nl_meta.sfx_Character_DamageGivenKill_nl_meta,/Script/MetasoundEngine.MetaSoundSource,2867,2867,0,0,6756
/Game/Audio/MetaSounds/sfx_Character_DamageGivenWeakSpot_nl_meta.sfx_Character_DamageGivenWeakSpot_nl_meta,/Script/MetasoundEngine.MetaSoundSource,2872,2872,0,0,6901
/Game/Audio/MetaSounds/sfx_Character_DamageTaken_nl_meta.sfx_Character_DamageTaken_nl_meta,/Script/MetasoundEngine.MetaSoundSource,3742,3742,0,0,9526
/Game/Audio/MetaSounds/sfx_Character_DamageTakenWeakSpot_nl_meta.sfx_Character_DamageTakenWeakSpot_nl_meta,/Script/MetasoundEngine.MetaSoundSource,3762,3762,0,0,9566
/Game/Audio/MetaSounds/sfx_Character_FS_Base_nl_meta.sfx_Character_FS_Base_nl_meta,/Script/MetasoundEngine.MetaSoundSource,3665,3665,0,0,9743
/Game/Audio/MetaSounds/sfx_Character_FS_Concrete_nl_meta.sfx_Character_FS_Concrete_nl_meta,/Script/MetasoundEngine.MetaSoundSource,2625,2625,0,0,6396
/Game/Audio/MetaSounds/sfx_Character_FS_Glass_nl_meta.sfx_Character_FS_Glass_nl_meta,/Script/MetasoundEngine.MetaSoundSource,2537,2537,0,0,6046
/Game/Audio/MetaSounds/sfx_Character_Land_Concrete_nl_meta.sfx_Character_Land_Concrete_nl_meta,/Script/MetasoundEngine.MetaSoundSource,2394,2394,0,0,5574
/Game/Audio/MetaSounds/sfx_Character_Land_Glass_nl_meta.sfx_Character_Land_Glass_nl_meta,/Script/MetasoundEngine.MetaSoundSource,2373,2373,0,0,5552
/Game/Audio/MetaSounds/sfx_Character_RespawnTimer_meta.sfx_Character_RespawnTimer_meta,/Script/MetasoundEngine.MetaSoundSource,7282,7282,0,0,29903
/Game/Audio/MetaSounds/sfx_DashStereo_nl_meta_Preset.sfx_DashStereo_nl_meta_Preset,/Script/MetasoundEngine.MetaSoundSource,2670,2670,0,0,6690
/Game/Audio/MetaSounds/sfx_Death_nl_meta_Preset.sfx_Death_nl_meta_Preset,/Script/MetasoundEngine.MetaSoundSource,2341,2341,0,0,5603
/Game/Audio/MetaSounds/sfx_Emote_FingerGuns_nl_meta_Preset.sfx_Emote_FingerGuns_nl_meta_Preset,/Script/MetasoundEngine.MetaSoundSource,2669,2669,0,0,6724
/Game/Audio/MetaSounds/sfx_EndOfRound-LowScore_nl_meta.sfx_EndOfRound-LowScore_nl_meta,/Script/MetasoundEngine.MetaSoundSource,4126,4126,0,0,11001
/Game/Audio/MetaSounds/sfx_EndOfRound-Tick_nl_meta.sfx_EndOfRound-Tick_nl_meta,/Script/MetasoundEngine.MetaSoundSource,3210,3210,0,0,7905
/Game/Audio/MetaSounds/sfx_Heal_nl_metaPreset.sfx_Heal_nl_metaPreset,/Script/MetasoundEngine.MetaSoundSource,2207,2207,0,0,5193
/Game/Audio/MetaSounds/sfx_ImpactDefault_nl_meta_Preset.sfx_ImpactDefault_nl_meta_Preset,/Script/MetasoundEngine.MetaSoundSource,3597,3597,0,0,10368
/Game/Audio/MetaSounds/sfx_ImpactGlass_nl_meta_Preset.sfx_ImpactGlass_nl_meta_Preset,/Script/MetasoundEngine.MetaSoundSource,3728,3728,0,0,10898
/Game/Audio/MetaSounds/sfx_ImpactPlaster_nl_meta.sfx_ImpactPlaster_nl_meta,/Script/MetasoundEngine.MetaSoundSource,4956,4956,0,0,14719
/Game/Audio/MetaSounds/sfx_Interactable_JumpPad_nl_meta.sfx_Interactable_JumpPad_nl_meta,/Script/MetasoundEngine.MetaSoundSource,3178,3178,0,0,7847
/Game/Audio/MetaSounds/sfx_Interactable_WeaponPad_Collect_nl_metaPreset.sfx_Interactable_WeaponPad_Collect_nl_metaPreset,/Script/MetasoundEngine.MetaSoundSource,3033,3033,0,0,7097
/Game/Audio/MetaSounds/sfx_Interactable_WeaponPad_Replenish_nl_metaPreset.sfx_Interactable_WeaponPad_Replenish_nl_metaPreset,/Script/MetasoundEngine.MetaSoundSource,2224,2224,0,0,5169
/Game/Audio/MetaSounds/sfx_InventoryPad_lp_meta.sfx_InventoryPad_lp_meta,/Script/MetasoundEngine.MetaSoundSource,4020,4020,0,0,9977
/Game/Audio/MetaSounds/sfx_KillingSpree_nl_meta_Preset.sfx_KillingSpree_nl_meta_Preset,/Script/MetasoundEngine.MetaSoundSource,2600,2600,0,0,6624
/Game/Audio/MetaSounds/sfx_MeleeWhoosh_nl_meta_Preset.sfx_MeleeWhoosh_nl_meta_Preset,/Script/MetasoundEngine.MetaSoundSource,2642,2642,0,0,6706
/Game/Audio/MetaSounds/sfx_Random_nl_meta.sfx_Random_nl_meta,/Script/MetasoundEngine.MetaSoundSource,3770,3770,0,0,9355
/Game/Audio/MetaSounds/sfx_RandomStereo_nl_meta.sfx_RandomStereo_nl_meta,/Script/MetasoundEngine.MetaSoundSource,4228,4228,0,0,11195
/Game/Audio/MetaSounds/sfx_Spawn_nl_meta_Preset.sfx_Spawn_nl_meta_Preset,/Script/MetasoundEngine.MetaSoundSource,2643,2643,0,0,6625
/Game/Audio/MetaSounds/sfx_Teleport_nl_meta_Preset.sfx_Teleport_nl_meta_Preset,/Script/MetasoundEngine.MetaSoundSource,2692,2692,0,0,6849
/Game/Audio/MetaSounds/sfx_Weapon_BaseImpact_nl_metaPreset.sfx_Weapon_BaseImpact_nl_metaPreset,/Script/MetasoundEngine.MetaSoundSource,2353,2353,0,0,5750
/Game/Audio/MetaSounds/sfx_Weapon_GrenadeExplosion_nl_meta.sfx_Weapon_GrenadeExplosion_nl_meta,/Script/MetasoundEngine.MetaSoundSource,4859,4859,0,0,14935
/Game/Audio/MetaSounds/sfx_Weapon_GrenadeImpact_nl_meta.sfx_Weapon_GrenadeImpact_nl_meta,/Script/MetasoundEngine.MetaSoundSource,7904,7904,0,0,26096
/Game/Audio/MetaSounds/sfx_Weapon_MeleeImpact_nl_meta.sfx_Weapon_MeleeImpact_nl_meta,/Script/MetasoundEngine.MetaSoundSource,2505,2505,0,0,5216
/Game/Audio/MetaSounds/sfx_Weapon_SemiAutomatic_nl_meta.sfx_Weapon_SemiAutomatic_nl_meta,/Script/MetasoundEngine.MetaSoundSource,7846,7846,0,0,28244
/Game/Audio/MetaSounds/sfx_Weapon_SemiAutomaticPistol_nl_metaPreset.sfx_Weapon_SemiAutomaticPistol_nl_metaPreset,/Script/MetasoundEngine.MetaSoundSource,4105,4105,0,0,12381
/Game/Audio/MetaSounds/sfx_Weapon_SemiAutomaticShotgun_nl_metaPreset.sfx_Weapon_SemiAutomaticShotgun_nl_metaPreset,/Script/MetasoundEngine.MetaSoundSource,4084,4084,0,0,12403
/Game/Audio/MetaSounds/sfx_WeaponSwap_nl_meta_Preset.sfx_WeaponSwap_nl_meta_Preset,/Script/MetasoundEngine.MetaSoundSource,2245,2245,0,0,5278
/Game/Audio/MetaSounds/sfx_WhizBys_nl_meta.sfx_WhizBys_nl_meta,/Script/MetasoundEngine.MetaSoundSource,6148,6148,0,0,20687
/Game/Audio/MetaSounds/sfx_ZoomIn_nl_meta_Preset.sfx_ZoomIn_nl_meta_Preset,/Script/MetasoundEngine.MetaSoundSource,2214,2214,0,0,5233
/Game/Audio/MetaSounds/sfx_ZoomOut_nl_meta_Preset.sfx_ZoomOut_nl_meta_Preset,/Script/MetasoundEngine.MetaSoundSource,2218,2218,0,0,5236
/Game/Audio/Sounds/Explosions/MSS_Explosions_Grenade.MSS_Explosions_Grenade,/Script/MetasoundEngine.MetaSoundSource,13026,13026,0,0,62228
/Game/Audio/Sounds/UI/sfx_UI_Lobby_Highlight_nl_meta_Preset.sfx_UI_Lobby_Highlight_nl_meta_Preset,/Script/MetasoundEngine.MetaSoundSource,2593,2593,0,0,6551
/Game/Audio/Sounds/UI/sfx_UI_Lobby_Select_nl_meta_Preset.sfx_UI_Lobby_Select_nl_meta_Preset,/Script/MetasoundEngine.MetaSoundSource,2544,2544,0,0,6443
/Game/Audio/Sounds/UI/sfx_UI_MainMenu_Highlight_nl_meta_Preset.sfx_UI_MainMenu_Highlight_nl_meta_Preset,/Script/MetasoundEngine.MetaSoundSource,2601,2601,0,0,6569
/Game/Audio/Sounds/UI/sfx_UI_MainMenu_Select_nl_meta_Preset.sfx_UI_MainMenu_Select_nl_meta_Preset,/Script/MetasoundEngine.MetaSoundSource,2559,2559,0,0,6454
/Game/Audio/Sounds/UI/sfx_UI_SubMenu_Highlight_nl_meta_Preset.sfx_UI_SubMenu_Highlight_nl_meta_Preset,/Script/MetasoundEngine.MetaSoundSource,2589,2589,0,0,6555
/Game/Audio/Sounds/UI/sfx_UI_SubMenu_Select_nl_meta_Preset.sfx_UI_SubMenu_Select_nl_meta_Preset,/Script/MetasoundEngine.MetaSoundSource,2595,2595,0,0,6555
/Game/Audio/Sounds/Weapons/Pistol/MSS_Weapons_Pistol_Fire.MSS_Weapons_Pistol_Fire,/Script/MetasoundEngine.MetaSoundSource,12335,12335,0,0,48227
/Game/Audio/Sounds/Weapons/Rifle2/MSS_Weapons_Rifle2_Fire.MSS_Weapons_Rifle2_Fire,/Script/MetasoundEngine.MetaSoundSource,20990,20990,0,0,74713
/Game/Audio/Sounds/Weapons/Shotgun/MSS_Weapons_Shotgun_Fire.MSS_Weapons_Shotgun_Fire,/Script/MetasoundEngine.MetaSoundSource,17216,17216,0,0,70630
/Game/Audio/Modulation/ControlBuses/CB_Cinematics.CB_Cinematics,/Script/AudioModulation.SoundControlBus,417,417,0,0,417
/Game/Audio/Modulation/ControlBuses/CB_Dialogue.CB_Dialogue,/Script/AudioModulation.SoundControlBus,418,418,0,0,418
/Game/Audio/Modulation/ControlBuses/CB_Main.CB_Main,/Script/AudioModulation.SoundControlBus,409,409,0,0,409
/Game/Audio/Modulation/ControlBuses/CB_Music.CB_Music,/Script/AudioModulation.SoundControlBus,407,407,0,0,407
/Game/Audio/Modulation/ControlBuses/CB_SFX.CB_SFX,/Script/AudioModulation.SoundControlBus,401,401,0,0,401
/Game/Audio/Modulation/ControlBuses/CB_UI.CB_UI,/Script/AudioModulation.SoundControlBus,401,401,0,0,401
/Game/Audio/Modulation/ControlBuses/CB_VoiceChat.CB_VoiceChat,/Script/AudioModulation.SoundControlBus,419,419,0,0,419
/Game/Audio/Modulation/ControlBusMixes/CBM_BaseMix.CBM_BaseMix,/Script/AudioModulation.SoundControlBusMix,322,322,0,0,322
/Game/Audio/Modulation/ControlBusMixes/CBM_LoadingScreenMix.CBM_LoadingScreenMix,/Script/AudioModulation.SoundControlBusMix,555,555,0,0,555
/Game/Audio/Modulation/ControlBusMixes/CBM_UserMix.CBM_UserMix,/Script/AudioModulation.SoundControlBusMix,872,872,0,0,872
/Game/Audio/Modulation/ParameterPatches/PP_DefaultCinematics.PP_DefaultCinematics,/Script/AudioModulation.SoundModulationPatch,684,684,0,0,684
/Game/Audio/Modulation/ParameterPatches/PP_DefaultMusic.PP_DefaultMusic,/Script/AudioModulation.SoundModulationPatch,671,671,0,0,671
/Game/Audio/Modulation/ParameterPatches/PP_DefaultOverall.PP_DefaultOverall,/Script/AudioModulation.SoundModulationPatch,552,552,0,0,552
/Game/Audio/Modulation/ParameterPatches/PP_DefaultSFX.PP_DefaultSFX,/Script/AudioModulation.SoundModulationPatch,669,669,0,0,669
/Game/Audio/Modulation/ParameterPatches/PP_DefaultUI.PP_DefaultUI,/Script/AudioModulation.SoundModulationPatch,660,660,0,0,660
/Game/Audio/Modulation/ParameterPatches/PP_DefaultVoiceChat.PP_DefaultVoiceChat,/Script/AudioModulation.SoundModulationPatch,683,683,0,0,683
/Game/BagMan/Characters/Cosmetics/IRONICS_Blank/SKM_IRONICS_Blank.SKM_IRONICS_Blank,/Script/Engine.SkeletalMesh,1625197,1625197,0,0,4330379
/Game/BagMan/Equipment/Akuma/SK_AFL_Akuma.SK_AFL_Akuma,/Script/Engine.SkeletalMesh,1571409,1571409,0,0,3958960
/Game/BagMan/Equipment/Aria/SK_AFL_Aria_Chord.SK_AFL_Aria_Chord,/Script/Engine.SkeletalMesh,1444595,1444595,0,0,3743980
/Game/BagMan/Equipment/Astra/SK_AFL_Astra_Zenith.SK_AFL_Astra_Zenith,/Script/Engine.SkeletalMesh,1516520,1516520,0,0,3928815
/Game/BagMan/Equipment/Aurelia/SK_AFL_Aurelia_Nimbus.SK_AFL_Aurelia_Nimbus,/Script/Engine.SkeletalMesh,1459955,1459955,0,0,3787095
/Game/BagMan/Equipment/Azura/SK_AFL_Azura_Prism.SK_AFL_Azura_Prism,/Script/Engine.SkeletalMesh,1462206,1462206,0,0,3746786
/Game/BagMan/Equipment/BeamCutter/SK_AFL_BeamCutter.SK_AFL_BeamCutter,/Script/Engine.SkeletalMesh,1497588,1497588,0,0,3676942
/Game/BagMan/Equipment/BigSixx/SK_AFL_BigSixx_Nest.SK_AFL_BigSixx_Nest,/Script/Engine.SkeletalMesh,1440017,1440017,0,0,3686994
/Game/BagMan/Equipment/Breachbolt/SK_AFL_Breachbolt.SK_AFL_Breachbolt,/Script/Engine.SkeletalMesh,1495291,1495291,0,0,3791758
/Game/BagMan/Equipment/Cielo/SK_AFL_Cielo_Vane.SK_AFL_Cielo_Vane,/Script/Engine.SkeletalMesh,1361808,1361808,0,0,3534625
/Game/BagMan/Equipment/Coralis/SK_AFL_Coralis.SK_AFL_Coralis,/Script/Engine.SkeletalMesh,1395152,1395152,0,0,3636876
/Game/BagMan/Equipment/Draco/SK_AFL_Draco_Wyrmfang.SK_AFL_Draco_Wyrmfang,/Script/Engine.SkeletalMesh,1457287,1457287,0,0,3718282
/Game/BagMan/Equipment/Duskbeam/SK_AFL_Duskbeam.SK_AFL_Duskbeam,/Script/Engine.SkeletalMesh,1298302,1298302,0,0,2887034
/Game/BagMan/Equipment/Ember/SK_AFL_Ember_Forgemaw.SK_AFL_Ember_Forgemaw,/Script/Engine.SkeletalMesh,1606173,1606173,0,0,4097677
/Game/BagMan/Equipment/Emberpulse/SK_AFL_Emberpulse.SK_AFL_Emberpulse,/Script/Engine.SkeletalMesh,1439719,1439719,0,0,3765226
/Game/BagMan/Equipment/EMPDevice/SK_AFL_EMPDevice.SK_AFL_EMPDevice,/Script/Engine.SkeletalMesh,1941784,1941784,0,0,4399331
/Game/BagMan/Equipment/FANATICS/SK_AFL_FANATICS.SK_AFL_FANATICS,/Script/Engine.SkeletalMesh,1429335,1429335,0,0,3639134
/Game/BagMan/Equipment/Flak/SK_AFL_Flak.SK_AFL_Flak,/Script/Engine.SkeletalMesh,1366453,1366453,0,0,2821746
/Game/BagMan/Equipment/HALO/SK_AFL_HALO.SK_AFL_HALO,/Script/Engine.SkeletalMesh,1410634,1410634,0,0,3691574
/Game/BagMan/Equipment/HandCannon/DRAGON_SOUL/L/SK_AFL_HandCannon_DRAGON_SOUL_L.SK_AFL_HandCannon_DRAGON_SOUL_L,/Script/Engine.SkeletalMesh,1193587,1193587,0,0,2401622
/Game/BagMan/Equipment/HandCannon/DRAGON_SOUL/R/SK_AFL_HandCannon_DRAGON_SOUL_R.SK_AFL_HandCannon_DRAGON_SOUL_R,/Script/Engine.SkeletalMesh,1194546,1194546,0,0,2401614
/Game/BagMan/Equipment/HandCannon/FUTURE_WARRIOR/L/SK_AFL_HandCannon_FUTURE_WARRIOR_L.SK_AFL_HandCannon_FUTURE_WARRIOR_L,/Script/Engine.SkeletalMesh,1254182,1254182,0,0,2529415
/Game/BagMan/Equipment/HandCannon/FUTURE_WARRIOR/R/SK_AFL_HandCannon_FUTURE_WARRIOR_R.SK_AFL_HandCannon_FUTURE_WARRIOR_R,/Script/Engine.SkeletalMesh,1254342,1254342,0,0,2529415
/Game/BagMan/Equipment/HandCannon/IRONICS/L/SK_AFL_HandCannon_IRONICS_L.SK_AFL_HandCannon_IRONICS_L,/Script/Engine.SkeletalMesh,1189738,1189738,0,0,2406970
/Game/BagMan/Equipment/HandCannon/IRONICS/R/SK_AFL_HandCannon_IRONICS_R.SK_AFL_HandCannon_IRONICS_R,/Script/Engine.SkeletalMesh,1189620,1189620,0,0,2406962
/Game/BagMan/Equipment/HandCannon/JAGUAR_NEON/L/SK_AFL_HandCannon_JAGUAR_NEON_L.SK_AFL_HandCannon_JAGUAR_NEON_L,/Script/Engine.SkeletalMesh,1147087,1147087,0,0,2304002
/Game/BagMan/Equipment/HandCannon/JAGUAR_NEON/R/SK_AFL_HandCannon_JAGUAR_NEON_R.SK_AFL_HandCannon_JAGUAR_NEON_R,/Script/Engine.SkeletalMesh,1146744,1146744,0,0,2303994
/Game/BagMan/Equipment/HandCannon/L/SK_AFL_HandCannon_FANATICS2_L.SK_AFL_HandCannon_FANATICS2_L,/Script/Engine.SkeletalMesh,1231479,1231479,0,0,2484382
/Game/BagMan/Equipment/HandCannon/R/SK_AFL_HandCannon_FANATICS2_R.SK_AFL_HandCannon_FANATICS2_R,/Script/Engine.SkeletalMesh,1232290,1232290,0,0,2484374
/Game/BagMan/Equipment/HandCannon/RUN_IT_BACK/L/SK_AFL_HandCannon_RUN_IT_BACK_L.SK_AFL_HandCannon_RUN_IT_BACK_L,/Script/Engine.SkeletalMesh,1132004,1132004,0,0,2295938
/Game/BagMan/Equipment/HandCannon/RUN_IT_BACK/R/SK_AFL_HandCannon_RUN_IT_BACK_R.SK_AFL_HandCannon_RUN_IT_BACK_R,/Script/Engine.SkeletalMesh,1132291,1132291,0,0,2295930
/Game/BagMan/Equipment/HandCannon/SIMULARENT/L/SK_AFL_HandCannon_SIMULARENT_L.SK_AFL_HandCannon_SIMULARENT_L,/Script/Engine.SkeletalMesh,1153858,1153858,0,0,2311725
/Game/BagMan/Equipment/HandCannon/SIMULARENT/R/SK_AFL_HandCannon_SIMULARENT_R.SK_AFL_HandCannon_SIMULARENT_R,/Script/Engine.SkeletalMesh,1154187,1154187,0,0,2311725
/Game/BagMan/Equipment/Homer/SK_AFL_Homer.SK_AFL_Homer,/Script/Engine.SkeletalMesh,1582251,1582251,0,0,4283860
/Game/BagMan/Equipment/KAGE/SK_AFL_KAGE.SK_AFL_KAGE,/Script/Engine.SkeletalMesh,1351338,1351338,0,0,3531038
/Game/BagMan/Equipment/Lobber/SK_AFL_Lobber.SK_AFL_Lobber,/Script/Engine.SkeletalMesh,1361834,1361834,0,0,3557686
/Game/BagMan/Equipment/Makhiavelli/SK_AFL_Makhiavelli_Gambit.SK_AFL_Makhiavelli_Gambit,/Script/Engine.SkeletalMesh,1546977,1546977,0,0,4219562
/Game/BagMan/Equipment/NovaKai/SK_AFL_NovaKai_Nebula.SK_AFL_NovaKai_Nebula,/Script/Engine.SkeletalMesh,1326236,1326236,0,0,3473583
/Game/BagMan/Equipment/OnyxPrime/SK_AFL_OnyxPrime_Monolith.SK_AFL_OnyxPrime_Monolith,/Script/Engine.SkeletalMesh,1310198,1310198,0,0,3514445
/Game/BagMan/Equipment/ORION/SK_AFL_ORION.SK_AFL_ORION,/Script/Engine.SkeletalMesh,1366660,1366660,0,0,3582892
/Game/BagMan/Equipment/Railgun/SK_AFL_Railgun.SK_AFL_Railgun,/Script/Engine.SkeletalMesh,604327,604327,0,0,1244660
/Game/BagMan/Equipment/RiftOne/SK_AFL_RiftOne_Fracture.SK_AFL_RiftOne_Fracture,/Script/Engine.SkeletalMesh,1371059,1371059,0,0,3570533
/Game/BagMan/Equipment/Ripsaw/SK_AFL_Ripsaw.SK_AFL_Ripsaw,/Script/Engine.SkeletalMesh,1445572,1445572,0,0,3685154
/Game/BagMan/Equipment/Ronin/SK_AFL_Ronin_Tachi.SK_AFL_Ronin_Tachi,/Script/Engine.SkeletalMesh,1424485,1424485,0,0,3708722
/Game/BagMan/Equipment/Ryu/SK_AFL_Ryu_Tempest.SK_AFL_Ryu_Tempest,/Script/Engine.SkeletalMesh,1423065,1423065,0,0,3760608
/Game/BagMan/Equipment/Sable/SK_AFL_Sable_Whisper.SK_AFL_Sable_Whisper,/Script/Engine.SkeletalMesh,1416919,1416919,0,0,3727324
/Game/BagMan/Equipment/Scarlett/SK_AFL_Scarlett_Fatale.SK_AFL_Scarlett_Fatale,/Script/Engine.SkeletalMesh,1436083,1436083,0,0,3677294
/Game/BagMan/Equipment/Scatterhawk/SK_AFL_Scatterhawk.SK_AFL_Scatterhawk,/Script/Engine.SkeletalMesh,1419037,1419037,0,0,3618672
/Game/BagMan/Equipment/Seeker/SK_AFL_Seeker.SK_AFL_Seeker,/Script/Engine.SkeletalMesh,2025761,2025761,0,0,5257724
/Game/BagMan/Equipment/SMG/SK_AFL_SMG.SK_AFL_SMG,/Script/Engine.SkeletalMesh,710845,710845,0,0,1451692
/Game/BagMan/Equipment/SOLARA/SK_AFL_SOLARA.SK_AFL_SOLARA,/Script/Engine.SkeletalMesh,1379893,1379893,0,0,3594062
/Game/BagMan/Equipment/Talon/SK_AFL_Talon_Stoop.SK_AFL_Talon_Stoop,/Script/Engine.SkeletalMesh,1534057,1534057,0,0,4006976
/Game/BagMan/Equipment/Valkyr/SK_AFL_Valkyr_Ascendant.SK_AFL_Valkyr_Ascendant,/Script/Engine.SkeletalMesh,1340426,1340426,0,0,2873218
/Game/BagMan/Equipment/Vanta/SK_AFL_Vanta_Eclipse.SK_AFL_Vanta_Eclipse,/Script/Engine.SkeletalMesh,1502143,1502143,0,0,3857930
/Game/BagMan/Equipment/Verdant/SK_AFL_Verdant.SK_AFL_Verdant,/Script/Engine.SkeletalMesh,1488387,1488387,0,0,3848376
/Game/BagMan/Equipment/Volt/SK_AFL_Volt_Coilbreaker.SK_AFL_Volt_Coilbreaker,/Script/Engine.SkeletalMesh,1493574,1493574,0,0,3832592
/Game/BagMan/Equipment/Warhead/SK_AFL_Warhead.SK_AFL_Warhead,/Script/Engine.SkeletalMesh,1590526,1590526,0,0,4348920
/Game/BagMan/Equipment/ZenKoan/SK_AFL_ZenKoan.SK_AFL_ZenKoan,/Script/Engine.SkeletalMesh,1310669,1310669,0,0,2834616
/Game/Characters/Heroes/Mannequin/Meshes/SKM_Manny.SKM_Manny,/Script/Engine.SkeletalMesh,4981990,4981990,0,0,9709089
/Game/Characters/Heroes/Mannequin/Meshes/SKM_Manny_Invis.SKM_Manny_Invis,/Script/Engine.SkeletalMesh,8348,8348,0,0,22347
/Game/Characters/Heroes/Mannequin/Meshes/SKM_Quinn.SKM_Quinn,/Script/Engine.SkeletalMesh,6516330,6516330,0,0,15737515
/Game/Characters/Heroes/Mannequin/Meshes/SKM_Quinn_Invis.SKM_Quinn_Invis,/Script/Engine.SkeletalMesh,8463,8463,0,0,22349
/Game/Weapons/AFL/Arclight/SK_IRONICS_Arclight.SK_IRONICS_Arclight,/Script/Engine.SkeletalMesh,145308,145308,0,0,483512
/Game/Weapons/AFL/Ioncaster/SK_IRONICS_Ioncaster.SK_IRONICS_Ioncaster,/Script/Engine.SkeletalMesh,114537,114537,0,0,496330
/Game/Weapons/AFL/Voltaic/SK_IRONICS_Voltaic.SK_IRONICS_Voltaic,/Script/Engine.SkeletalMesh,233573,233573,0,0,739753
/Game/Weapons/Mesh/Assault/SK_ACWI_Assault_Xaxis.SK_ACWI_Assault_Xaxis,/Script/Engine.SkeletalMesh,167531,167531,0,0,691968
/Game/Weapons/Mesh/Assault/SK_M4_Assault_Xaxis.SK_M4_Assault_Xaxis,/Script/Engine.SkeletalMesh,189048,189048,0,0,874849
/Game/Weapons/Mesh/LMG/SK_N90_LMG_Xaxis.SK_N90_LMG_Xaxis,/Script/Engine.SkeletalMesh,84684,84684,0,0,325495
/Game/Weapons/Mesh/Other/SK_GrenadeLauncher_Yaxis.SK_GrenadeLauncher_Yaxis,/Script/Engine.SkeletalMesh,139318,139318,0,0,637444
/Game/Weapons/Mesh/Pistol/SK_DE-42_Pistol_Xaxis.SK_DE-42_Pistol_Xaxis,/Script/Engine.SkeletalMesh,72092,72092,0,0,265408
/Game/Weapons/Mesh/Pistol/SK_Judge-45_Pistol_Xaxis.SK_Judge-45_Pistol_Xaxis,/Script/Engine.SkeletalMesh,41091,41091,0,0,149961
/Game/Weapons/Mesh/Pistol/SK_NFP-16_Xaxis.SK_NFP-16_Xaxis,/Script/Engine.SkeletalMesh,51550,51550,0,0,173733
/Game/Weapons/Mesh/Shotgun/SK_M890_Shotgun_Xaxis.SK_M890_Shotgun_Xaxis,/Script/Engine.SkeletalMesh,96811,96811,0,0,376582
/Game/Weapons/Mesh/Shotgun/SK_Remore_Shotgun_Xaxis.SK_Remore_Shotgun_Xaxis,/Script/Engine.SkeletalMesh,113281,113281,0,0,391321
/Game/Weapons/Mesh/SMG/SK_GTM_SMG_Xaxis.SK_GTM_SMG_Xaxis,/Script/Engine.SkeletalMesh,199621,199621,0,0,872041
/Game/Weapons/Mesh/SMG/SK_PP9_SMG_Xaxis.SK_PP9_SMG_Xaxis,/Script/Engine.SkeletalMesh,53933,53933,0,0,211847
/Game/Weapons/Pistol/Mesh/SK_Pistol.SK_Pistol,/Script/Engine.SkeletalMesh,66110,66110,0,0,182566
/Game/Weapons/Rifle/Mesh/SK_Rifle.SK_Rifle,/Script/Engine.SkeletalMesh,167666,167666,0,0,498812
/Game/Weapons/Shotgun/Mesh/SKM_Shotgun.SKM_Shotgun,/Script/Engine.SkeletalMesh,229834,229834,0,0,709400
/MetaHumanCharacter/Body/IdentityTemplate/SKM_Body.SKM_Body,/Script/Engine.SkeletalMesh,1463575,1463575,0,0,2857901
/Game/BagMan/Characters/Cosmetics/SkinColors/DA_AFL_BrandEdgeMap.DA_AFL_BrandEdgeMap,/Script/AFLCombat.AFLBrandEdgeMap,1857,1857,0,0,4717
/Game/BagMan/Characters/Cosmetics/SkinColors/DA_AFL_CharacterPartMap.DA_AFL_CharacterPartMap,/Script/AFLCombat.AFLCharacterPartMap,1855,1855,0,0,4814
/Game/BagMan/Cosmetics/DA_AFL_ColorIdentityRegistry.DA_AFL_ColorIdentityRegistry,/Script/AFLCosmeticCore.AFLColorIdentityRegistry,3588,3588,0,0,9972
/Game/BagMan/Equipment/Akuma/SK_AFL_Akuma_Skeleton.SK_AFL_Akuma_Skeleton,/Script/Engine.Skeleton,610,610,0,0,1224
/Game/BagMan/Equipment/Aria/SK_AFL_Aria_Chord_Skeleton.SK_AFL_Aria_Chord_Skeleton,/Script/Engine.Skeleton,707,707,0,0,1454
/Game/BagMan/Equipment/Astra/SK_AFL_Astra_Zenith_Skeleton.SK_AFL_Astra_Zenith_Skeleton,/Script/Engine.Skeleton,662,662,0,0,1422
/Game/BagMan/Equipment/Aurelia/SK_AFL_Aurelia_Nimbus_Skeleton.SK_AFL_Aurelia_Nimbus_Skeleton,/Script/Engine.Skeleton,668,668,0,0,1430
/Game/BagMan/Equipment/Azura/SK_AFL_Azura_Prism_Skeleton.SK_AFL_Azura_Prism_Skeleton,/Script/Engine.Skeleton,690,690,0,0,1438
/Game/BagMan/Equipment/BeamCutter/SK_AFL_BeamCutter_Skeleton.SK_AFL_BeamCutter_Skeleton,/Script/Engine.Skeleton,610,610,0,0,1248
/Game/BagMan/Equipment/BigSixx/SK_AFL_BigSixx_Nest_Skeleton.SK_AFL_BigSixx_Nest_Skeleton,/Script/Engine.Skeleton,618,618,0,0,1248
/Game/BagMan/Equipment/Breachbolt/SK_AFL_Breachbolt_Skeleton.SK_AFL_Breachbolt_Skeleton,/Script/Engine.Skeleton,617,617,0,0,1248
/Game/BagMan/Equipment/Cielo/SK_AFL_Cielo_Vane_Skeleton.SK_AFL_Cielo_Vane_Skeleton,/Script/Engine.Skeleton,660,660,0,0,1414
/Game/BagMan/Equipment/Coralis/SK_AFL_Coralis_Skeleton.SK_AFL_Coralis_Skeleton,/Script/Engine.Skeleton,612,612,0,0,1232
/Game/BagMan/Equipment/Draco/SK_AFL_Draco_Wyrmfang_Skeleton.SK_AFL_Draco_Wyrmfang_Skeleton,/Script/Engine.Skeleton,613,613,0,0,1248
/Game/BagMan/Equipment/Duskbeam/SK_AFL_Duskbeam_Skeleton.SK_AFL_Duskbeam_Skeleton,/Script/Engine.Skeleton,615,615,0,0,1240
/Game/BagMan/Equipment/Ember/SK_AFL_Ember_Forgemaw_Skeleton.SK_AFL_Ember_Forgemaw_Skeleton,/Script/Engine.Skeleton,643,643,0,0,1398
/Game/BagMan/Equipment/Emberpulse/SK_AFL_Emberpulse_Skeleton.SK_AFL_Emberpulse_Skeleton,/Script/Engine.Skeleton,646,646,0,0,1272
/Game/BagMan/Equipment/EMPDevice/SK_AFL_EMPDevice_Skeleton.SK_AFL_EMPDevice_Skeleton,/Script/Engine.Skeleton,822,822,0,0,822
/Game/BagMan/Equipment/FANATICS/SK_AFL_FANATICS_Skeleton.SK_AFL_FANATICS_Skeleton,/Script/Engine.Skeleton,644,644,0,0,1264
/Game/BagMan/Equipment/Flak/SK_AFL_Flak_Skeleton.SK_AFL_Flak_Skeleton,/Script/Engine.Skeleton,633,633,0,0,1265
/Game/BagMan/Equipment/HALO/SK_AFL_HALO_Skeleton.SK_AFL_HALO_Skeleton,/Script/Engine.Skeleton,698,698,0,0,1430
/Game/BagMan/Equipment/HandCannon/DRAGON_SOUL/L/SK_AFL_HandCannon_DRAGON_SOUL_L_Skeleton.SK_AFL_HandCannon_DRAGON_SOUL_L_Skeleton,/Script/Engine.Skeleton,559,559,0,0,1098
/Game/BagMan/Equipment/HandCannon/DRAGON_SOUL/R/SK_AFL_HandCannon_DRAGON_SOUL_R_Skeleton.SK_AFL_HandCannon_DRAGON_SOUL_R_Skeleton,/Script/Engine.Skeleton,559,559,0,0,1098
/Game/BagMan/Equipment/HandCannon/FUTURE_WARRIOR/L/SK_AFL_HandCannon_FUTURE_WARRIOR_L_Skeleton.SK_AFL_HandCannon_FUTURE_WARRIOR_L_Skeleton,/Script/Engine.Skeleton,564,564,0,0,1114
/Game/BagMan/Equipment/HandCannon/FUTURE_WARRIOR/R/SK_AFL_HandCannon_FUTURE_WARRIOR_R_Skeleton.SK_AFL_HandCannon_FUTURE_WARRIOR_R_Skeleton,/Script/Engine.Skeleton,559,559,0,0,1106
/Game/BagMan/Equipment/HandCannon/IRONICS/L/SK_AFL_HandCannon_IRONICS_L_Skeleton.SK_AFL_HandCannon_IRONICS_L_Skeleton,/Script/Engine.Skeleton,556,556,0,0,1082
/Game/BagMan/Equipment/HandCannon/IRONICS/R/SK_AFL_HandCannon_IRONICS_R_Skeleton.SK_AFL_HandCannon_IRONICS_R_Skeleton,/Script/Engine.Skeleton,555,555,0,0,1082
/Game/BagMan/Equipment/HandCannon/JAGUAR_NEON/L/SK_AFL_HandCannon_JAGUAR_NEON_L_Skeleton.SK_AFL_HandCannon_JAGUAR_NEON_L_Skeleton,/Script/Engine.Skeleton,560,560,0,0,1098
/Game/BagMan/Equipment/HandCannon/JAGUAR_NEON/R/SK_AFL_HandCannon_JAGUAR_NEON_R_Skeleton.SK_AFL_HandCannon_JAGUAR_NEON_R_Skeleton,/Script/Engine.Skeleton,559,559,0,0,1098
/Game/BagMan/Equipment/HandCannon/L/SK_AFL_HandCannon_FANATICS2_L_Skeleton.SK_AFL_HandCannon_FANATICS2_L_Skeleton,/Script/Engine.Skeleton,560,560,0,0,1074
/Game/BagMan/Equipment/HandCannon/R/SK_AFL_HandCannon_FANATICS2_R_Skeleton.SK_AFL_HandCannon_FANATICS2_R_Skeleton,/Script/Engine.Skeleton,556,556,0,0,1074
/Game/BagMan/Equipment/HandCannon/RUN_IT_BACK/L/SK_AFL_HandCannon_RUN_IT_BACK_L_Skeleton.SK_AFL_HandCannon_RUN_IT_BACK_L_Skeleton,/Script/Engine.Skeleton,560,560,0,0,1098
/Game/BagMan/Equipment/HandCannon/RUN_IT_BACK/R/SK_AFL_HandCannon_RUN_IT_BACK_R_Skeleton.SK_AFL_HandCannon_RUN_IT_BACK_R_Skeleton,/Script/Engine.Skeleton,559,559,0,0,1098
/Game/BagMan/Equipment/HandCannon/SIMULARENT/L/SK_AFL_HandCannon_SIMULARENT_L_Skeleton.SK_AFL_HandCannon_SIMULARENT_L_Skeleton,/Script/Engine.Skeleton,560,560,0,0,1098
/Game/BagMan/Equipment/HandCannon/SIMULARENT/R/SK_AFL_HandCannon_SIMULARENT_R_Skeleton.SK_AFL_HandCannon_SIMULARENT_R_Skeleton,/Script/Engine.Skeleton,556,556,0,0,1090
/Game/BagMan/Equipment/Homer/SK_AFL_Homer_Skeleton.SK_AFL_Homer_Skeleton,/Script/Engine.Skeleton,610,610,0,0,1224
/Game/BagMan/Equipment/KAGE/SK_AFL_KAGE_Skeleton.SK_AFL_KAGE_Skeleton,/Script/Engine.Skeleton,638,638,0,0,1248
/Game/BagMan/Equipment/Lobber/SK_AFL_Lobber_Skeleton.SK_AFL_Lobber_Skeleton,/Script/Engine.Skeleton,604,604,0,0,1224
/Game/BagMan/Equipment/Makhiavelli/SK_AFL_Makhiavelli_Gambit_Skeleton.SK_AFL_Makhiavelli_Gambit_Skeleton,/Script/Engine.Skeleton,616,616,0,0,1264
/Game/BagMan/Equipment/NovaKai/SK_AFL_NovaKai_Nebula_Skeleton.SK_AFL_NovaKai_Nebula_Skeleton,/Script/Engine.Skeleton,665,665,0,0,1430
/Game/BagMan/Equipment/OnyxPrime/SK_AFL_OnyxPrime_Monolith_Skeleton.SK_AFL_OnyxPrime_Monolith_Skeleton,/Script/Engine.Skeleton,696,696,0,0,1462
/Game/BagMan/Equipment/ORION/SK_AFL_ORION_Skeleton.SK_AFL_ORION_Skeleton,/Script/Engine.Skeleton,610,610,0,0,1224
/Game/BagMan/Equipment/Railgun/SK_AFL_Railgun_Skeleton.SK_AFL_Railgun_Skeleton,/Script/Engine.Skeleton,953,953,0,0,953
/Game/BagMan/Equipment/RiftOne/SK_AFL_RiftOne_Fracture_Skeleton.SK_AFL_RiftOne_Fracture_Skeleton,/Script/Engine.Skeleton,680,680,0,0,1446
/Game/BagMan/Equipment/Ripsaw/SK_AFL_Ripsaw_Skeleton.SK_AFL_Ripsaw_Skeleton,/Script/Engine.Skeleton,612,612,0,0,1232
/Game/BagMan/Equipment/Ronin/SK_AFL_Ronin_Tachi_Skeleton.SK_AFL_Ronin_Tachi_Skeleton,/Script/Engine.Skeleton,692,692,0,0,1438
/Game/BagMan/Equipment/Ryu/SK_AFL_Ryu_Tempest_Skeleton.SK_AFL_Ryu_Tempest_Skeleton,/Script/Engine.Skeleton,709,709,0,0,1454
/Game/BagMan/Equipment/Sable/SK_AFL_Sable_Whisper_Skeleton.SK_AFL_Sable_Whisper_Skeleton,/Script/Engine.Skeleton,694,694,0,0,1446
/Game/BagMan/Equipment/Scarlett/SK_AFL_Scarlett_Fatale_Skeleton.SK_AFL_Scarlett_Fatale_Skeleton,/Script/Engine.Skeleton,623,623,0,0,1272
/Game/BagMan/Equipment/Scatterhawk/SK_AFL_Scatterhawk_Skeleton.SK_AFL_Scatterhawk_Skeleton,/Script/Engine.Skeleton,619,619,0,0,1248
/Game/BagMan/Equipment/Seeker/SK_AFL_Seeker_Skeleton.SK_AFL_Seeker_Skeleton,/Script/Engine.Skeleton,628,628,0,0,1248
/Game/BagMan/Equipment/SMG/SK_AFL_SMG_Skeleton.SK_AFL_SMG_Skeleton,/Script/Engine.Skeleton,653,653,0,0,1256
/Game/BagMan/Equipment/SOLARA/SK_AFL_SOLARA_Skeleton.SK_AFL_SOLARA_Skeleton,/Script/Engine.Skeleton,640,640,0,0,1256
/Game/BagMan/Equipment/Talon/SK_AFL_Talon_Stoop_Skeleton.SK_AFL_Talon_Stoop_Skeleton,/Script/Engine.Skeleton,608,608,0,0,1240
/Game/BagMan/Equipment/Valkyr/SK_AFL_Valkyr_Ascendant_Skeleton.SK_AFL_Valkyr_Ascendant_Skeleton,/Script/Engine.Skeleton,667,667,0,0,1430
/Game/BagMan/Equipment/Vanta/SK_AFL_Vanta_Eclipse_Skeleton.SK_AFL_Vanta_Eclipse_Skeleton,/Script/Engine.Skeleton,642,642,0,0,1280
/Game/BagMan/Equipment/Verdant/SK_AFL_Verdant_Skeleton.SK_AFL_Verdant_Skeleton,/Script/Engine.Skeleton,640,640,0,0,1256
/Game/BagMan/Equipment/Volt/SK_AFL_Volt_Coilbreaker_Skeleton.SK_AFL_Volt_Coilbreaker_Skeleton,/Script/Engine.Skeleton,643,643,0,0,1272
/Game/BagMan/Equipment/Warhead/SK_AFL_Warhead_Skeleton.SK_AFL_Warhead_Skeleton,/Script/Engine.Skeleton,640,640,0,0,1256
/Game/BagMan/Equipment/ZenKoan/SK_AFL_ZenKoan_Skeleton.SK_AFL_ZenKoan_Skeleton,/Script/Engine.Skeleton,659,659,0,0,1272
/Game/Characters/Heroes/Mannequin/Meshes/SK_Mannequin.SK_Mannequin,/Script/Engine.Skeleton,10374,10374,0,0,34172
/Game/Weapons/AFL/Arclight/SK_IRONICS_Arclight_Skeleton.SK_IRONICS_Arclight_Skeleton,/Script/Engine.Skeleton,602,602,0,0,1191
/Game/Weapons/AFL/Voltaic/SK_IRONICS_Voltaic_Skeleton.SK_IRONICS_Voltaic_Skeleton,/Script/Engine.Skeleton,786,786,0,0,1544
/Game/Weapons/Mesh/Assault/SK_ACWI_Assault_Xaxis_Skeleton.SK_ACWI_Assault_Xaxis_Skeleton,/Script/Engine.Skeleton,865,865,0,0,1576
/Game/Weapons/Mesh/Assault/SK_M4_Assault_Xaxis_Skeleton.SK_M4_Assault_Xaxis_Skeleton,/Script/Engine.Skeleton,619,619,0,0,1175
/Game/Weapons/Mesh/LMG/SK_N90_LMG_Xaxis_Skeleton.SK_N90_LMG_Xaxis_Skeleton,/Script/Engine.Skeleton,607,607,0,0,1167
/Game/Weapons/Mesh/Other/SK_GrenadeLauncher_Yaxis_Skeleton.SK_GrenadeLauncher_Yaxis_Skeleton,/Script/Engine.Skeleton,1231,1231,0,0,2825
/Game/Weapons/Mesh/Pistol/SK_DE-42_Pistol_Xaxis_Skeleton.SK_DE-42_Pistol_Xaxis_Skeleton,/Script/Engine.Skeleton,630,630,0,0,1175
/Game/Weapons/Mesh/Pistol/SK_Judge-45_Pistol_Xaxis_Skeleton.SK_Judge-45_Pistol_Xaxis_Skeleton,/Script/Engine.Skeleton,768,768,0,0,1437
/Game/Weapons/Mesh/Pistol/SK_NFP-16_Xaxis_Skeleton.SK_NFP-16_Xaxis_Skeleton,/Script/Engine.Skeleton,637,637,0,0,1159
/Game/Weapons/Mesh/Shotgun/SK_M890_Shotgun_Xaxis_Skeleton.SK_M890_Shotgun_Xaxis_Skeleton,/Script/Engine.Skeleton,574,574,0,0,1298
/Game/Weapons/Mesh/Shotgun/SK_Remore_Shotgun_Xaxis_Skeleton.SK_Remore_Shotgun_Xaxis_Skeleton,/Script/Engine.Skeleton,632,632,0,0,1191
/Game/Weapons/Mesh/SMG/SK_GTM_SMG_Xaxis_Skeleton.SK_GTM_SMG_Xaxis_Skeleton,/Script/Engine.Skeleton,618,618,0,0,1159
/Game/Weapons/Mesh/SMG/SK_PP9_SMG_Xaxis_Skeleton.SK_PP9_SMG_Xaxis_Skeleton,/Script/Engine.Skeleton,611,611,0,0,1159
/Game/Weapons/Mesh/SMG/SK_V014_SMG_Xaxis_Skeleton.SK_V014_SMG_Xaxis_Skeleton,/Script/Engine.Skeleton,569,569,0,0,1044
/Game/Weapons/Pistol/Mesh/SK_Pistol_Skeleton.SK_Pistol_Skeleton,/Script/Engine.Skeleton,856,856,0,0,1881
/Game/Weapons/Rifle/Mesh/SK_Rifle_Skeleton.SK_Rifle_Skeleton,/Script/Engine.Skeleton,918,918,0,0,2186
/Game/Weapons/Shotgun/Mesh/SK_Shotgun_Skeleton.SK_Shotgun_Skeleton,/Script/Engine.Skeleton,904,904,0,0,2178
/MetaHumanCharacter/Face/Face_Archetype_Skeleton.Face_Archetype_Skeleton,/Script/Engine.Skeleton,59251,59251,0,0,251477
/MetaHumanCharacter/Female/Medium/NormalWeight/Body/metahuman_base_skel.metahuman_base_skel,/Script/Engine.Skeleton,17484,17484,0,0,45724
/Game/BagMan/Playlists/DA_AFL_Arena01_3v3_ProMod.DA_AFL_Arena01_3v3_ProMod,/Script/LyraGame.LyraUserFacingExperienceDefinition,879,879,0,0,879
/Game/BagMan/Playlists/DA_AFL_Arena01_Extract3v3.DA_AFL_Arena01_Extract3v3,/Script/LyraGame.LyraUserFacingExperienceDefinition,878,878,0,0,878
/Game/BagMan/Playlists/DA_AFL_Arena01_Extract4v4.DA_AFL_Arena01_Extract4v4,/Script/LyraGame.LyraUserFacingExperienceDefinition,880,880,0,0,880
/Game/BagMan/Playlists/DA_AFL_Arena04_5v5_Haywire.DA_AFL_Arena04_5v5_Haywire,/Script/LyraGame.LyraUserFacingExperienceDefinition,937,937,0,0,937
/Game/BagMan/Playlists/DA_AFL_Arena04_5v5_ProMod.DA_AFL_Arena04_5v5_ProMod,/Script/LyraGame.LyraUserFacingExperienceDefinition,928,928,0,0,928
/Game/BagMan/Playlists/DA_AFL_Arena04_8v8_Haywire.DA_AFL_Arena04_8v8_Haywire,/Script/LyraGame.LyraUserFacingExperienceDefinition,931,931,0,0,931
/Game/BagMan/Playlists/DA_AFL_Arena04_8v8_ProMod.DA_AFL_Arena04_8v8_ProMod,/Script/LyraGame.LyraUserFacingExperienceDefinition,922,922,0,0,922
/Game/BagMan/Playlists/DA_AFL_Duel01_Shootout1v1.DA_AFL_Duel01_Shootout1v1,/Script/LyraGame.LyraUserFacingExperienceDefinition,836,836,0,0,836
/Game/BagMan/Playlists/DA_AFL_ShantyTown_1v1_Haywire.DA_AFL_ShantyTown_1v1_Haywire,/Script/LyraGame.LyraUserFacingExperienceDefinition,989,989,0,0,989
/Game/BagMan/Playlists/DA_AFL_ShantyTown_1v1_ProMod.DA_AFL_ShantyTown_1v1_ProMod,/Script/LyraGame.LyraUserFacingExperienceDefinition,980,980,0,0,980
/Game/BagMan/Playlists/DA_AFL_ShantyTown_2v2_Haywire.DA_AFL_ShantyTown_2v2_Haywire,/Script/LyraGame.LyraUserFacingExperienceDefinition,989,989,0,0,989
/Game/BagMan/Playlists/DA_AFL_ShantyTown_2v2_ProMod.DA_AFL_ShantyTown_2v2_ProMod,/Script/LyraGame.LyraUserFacingExperienceDefinition,980,980,0,0,980
/Game/BagMan/Playlists/DA_AFL_ShantyTown_3v3_Haywire.DA_AFL_ShantyTown_3v3_Haywire,/Script/LyraGame.LyraUserFacingExperienceDefinition,982,982,0,0,982
/Game/BagMan/Playlists/DA_AFL_ShantyTown_3v3_ProMod.DA_AFL_ShantyTown_3v3_ProMod,/Script/LyraGame.LyraUserFacingExperienceDefinition,973,973,0,0,973
/Game/BagMan/Playlists/DA_AFL_ShantyTown_4v4_Haywire.DA_AFL_ShantyTown_4v4_Haywire,/Script/LyraGame.LyraUserFacingExperienceDefinition,974,974,0,0,974
/Game/BagMan/Playlists/DA_AFL_ShantyTown_4v4_ProMod.DA_AFL_ShantyTown_4v4_ProMod,/Script/LyraGame.LyraUserFacingExperienceDefinition,965,965,0,0,965
/Game/BagMan/Playlists/DA_AFL_ShantyTown_5v5_Haywire.DA_AFL_ShantyTown_5v5_Haywire,/Script/LyraGame.LyraUserFacingExperienceDefinition,995,995,0,0,995
/Game/BagMan/Playlists/DA_AFL_ShantyTown_5v5_ProMod.DA_AFL_ShantyTown_5v5_ProMod,/Script/LyraGame.LyraUserFacingExperienceDefinition,986,986,0,0,986
/Game/BagMan/Playlists/DA_AFL_ShantyTown_8v8_Haywire.DA_AFL_ShantyTown_8v8_Haywire,/Script/LyraGame.LyraUserFacingExperienceDefinition,989,989,0,0,989
/Game/BagMan/Playlists/DA_AFL_ShantyTown_8v8_ProMod.DA_AFL_ShantyTown_8v8_ProMod,/Script/LyraGame.LyraUserFacingExperienceDefinition,980,980,0,0,980
/Game/BagMan/Playlists/DA_AFL_ShantyTown_BR20_Haywire.DA_AFL_ShantyTown_BR20_Haywire,/Script/LyraGame.LyraUserFacingExperienceDefinition,1013,1013,0,0,1013
/Game/BagMan/Playlists/DA_AFL_ShantyTown_BR20_ProMod.DA_AFL_ShantyTown_BR20_ProMod,/Script/LyraGame.LyraUserFacingExperienceDefinition,1012,1012,0,0,1012
/Game/BagMan/Playlists/DA_AFL_ShantyTown_BR36_Haywire.DA_AFL_ShantyTown_BR36_Haywire,/Script/LyraGame.LyraUserFacingExperienceDefinition,985,985,0,0,985
/Game/BagMan/Playlists/DA_AFL_ShantyTown_BR36_ProMod.DA_AFL_ShantyTown_BR36_ProMod,/Script/LyraGame.LyraUserFacingExperienceDefinition,984,984,0,0,984
/Game/BagMan/Playlists/DA_AFL_ShantyTown_BR9_Haywire.DA_AFL_ShantyTown_BR9_Haywire,/Script/LyraGame.LyraUserFacingExperienceDefinition,1017,1017,0,0,1017
/Game/BagMan/Playlists/DA_AFL_ShantyTown_BR9_ProMod.DA_AFL_ShantyTown_BR9_ProMod,/Script/LyraGame.LyraUserFacingExperienceDefinition,1016,1016,0,0,1016
/Game/System/Playlists/DA_ExamplePlaylist.DA_ExamplePlaylist,/Script/LyraGame.LyraUserFacingExperienceDefinition,963,963,0,0,963
/Game/System/Playlists/DA_Frontend.DA_Frontend,/Script/LyraGame.LyraUserFacingExperienceDefinition,856,856,0,0,856
/ShooterCore/System/Playlists/DA_ShooterGame_ShooterGym.DA_ShooterGame_ShooterGym,/Script/LyraGame.LyraUserFacingExperienceDefinition,958,958,0,0,958
/ShooterCore/System/Playlists/DA_ShooterGame_ShooterPerf.DA_ShooterGame_ShooterPerf,/Script/LyraGame.LyraUserFacingExperienceDefinition,936,936,0,0,936
/ShooterMaps/System/Playlists/DA_Convolution_ControlPoint.DA_Convolution_ControlPoint,/Script/LyraGame.LyraUserFacingExperienceDefinition,1015,1015,0,0,1015
/ShooterMaps/System/Playlists/DA_Expanse_TDM.DA_Expanse_TDM,/Script/LyraGame.LyraUserFacingExperienceDefinition,945,945,0,0,945
/TopDownArena/System/Playlists/DA_TopDownArena_Multiplayer.DA_TopDownArena_Multiplayer,/Script/LyraGame.LyraUserFacingExperienceDefinition,737,737,0,0,1071
/TopDownArena/System/Playlists/DA_TopDownArena_Splode.DA_TopDownArena_Splode,/Script/LyraGame.LyraUserFacingExperienceDefinition,1007,1007,0,0,1007
/Game/BagMan/ProMod/ABP_ProMod_FBIK_PP.ABP_ProMod_FBIK_PP,/Script/Engine.AnimBlueprint,7065,7065,0,0,24687
/Game/Characters/Heroes/IRONICS/Animations/ABP_IRONICS.ABP_IRONICS,/Script/Engine.AnimBlueprint,4188,4188,0,0,14660
/Game/Characters/Heroes/Mannequin/Animations/ABP_Mannequin_Base.ABP_Mannequin_Base,/Script/Engine.AnimBlueprint,19628,19628,0,0,98107
/Game/Characters/Heroes/Mannequin/Animations/ABP_Mannequin_CopyPose.ABP_Mannequin_CopyPose,/Script/Engine.AnimBlueprint,1564,1564,0,0,3157
/Game/Characters/Heroes/Mannequin/Animations/ABP_Mannequin_TopDown.ABP_Mannequin_TopDown,/Script/Engine.AnimBlueprint,4179,4179,0,0,14695
/Game/Characters/Heroes/Mannequin/Animations/LinkedLayers/ABP_ItemAnimLayersBase.ABP_ItemAnimLayersBase,/Script/Engine.AnimBlueprint,25094,25094,0,0,146566
/Game/Characters/Heroes/Mannequin/Animations/LinkedLayers/ALI_ItemAnimLayers.ALI_ItemAnimLayers,/Script/Engine.AnimBlueprint,1402,1402,0,0,4676
/Game/Characters/Heroes/Mannequin/Animations/Locomotion/Pistol/ABP_PistolAnimLayers.ABP_PistolAnimLayers,/Script/Engine.AnimBlueprint,7456,7456,0,0,30123
/Game/Characters/Heroes/Mannequin/Animations/Locomotion/Pistol/ABP_PistolAnimLayers_Feminine.ABP_PistolAnimLayers_Feminine,/Script/Engine.AnimBlueprint,7506,7506,0,0,30282
/Game/Characters/Heroes/Mannequin/Animations/Locomotion/Rifle/ABP_RifleAnimLayers.ABP_RifleAnimLayers,/Script/Engine.AnimBlueprint,7564,7564,0,0,30255
/Game/Characters/Heroes/Mannequin/Animations/Locomotion/Rifle/ABP_RifleAnimLayers_Feminine.ABP_RifleAnimLayers_Feminine,/Script/Engine.AnimBlueprint,7465,7465,0,0,30015
/Game/Characters/Heroes/Mannequin/Animations/Locomotion/Shotgun/ABP_ShotgunAnimLayers.ABP_ShotgunAnimLayers,/Script/Engine.AnimBlueprint,5506,5506,0,0,21292
/Game/Characters/Heroes/Mannequin/Animations/Locomotion/Shotgun/ABP_ShotgunAnimLayers_Feminine.ABP_ShotgunAnimLayers_Feminine,/Script/Engine.AnimBlueprint,5446,5446,0,0,21341
/Game/Characters/Heroes/Mannequin/Animations/Locomotion/Unarmed/ABP_UnarmedAnimLayers.ABP_UnarmedAnimLayers,/Script/Engine.AnimBlueprint,7437,7437,0,0,30137
/Game/Characters/Heroes/Mannequin/Animations/Locomotion/Unarmed/ABP_UnarmedAnimLayers_Feminine.ABP_UnarmedAnimLayers_Feminine,/Script/Engine.AnimBlueprint,7510,7510,0,0,30147
/Game/Characters/Heroes/Mannequin/Rig/ABP_Manny_PostProcess.ABP_Manny_PostProcess,/Script/Engine.AnimBlueprint,7267,7267,0,0,24746
/Game/Characters/Heroes/Mannequin/Rig/ABP_Quinn_PostProcess.ABP_Quinn_PostProcess,/Script/Engine.AnimBlueprint,7270,7270,0,0,24802
/Game/Weapons/Pistol/Animations/ABP_Weap_Pistol.ABP_Weap_Pistol,/Script/Engine.AnimBlueprint,1537,1537,0,0,3261
/Game/Weapons/Rifle/Animations/ABP_Weap_Rifle.ABP_Weap_Rifle,/Script/Engine.AnimBlueprint,1535,1535,0,0,3251
/Game/Weapons/Shotgun/Animations/ABP_Weap_Shotgun.ABP_Weap_Shotgun,/Script/Engine.AnimBlueprint,1538,1538,0,0,3263
/MetaHumanCharacter/Animation/ABP_MH_LiveLink.ABP_MH_LiveLink,/Script/Engine.AnimBlueprint,6922,6922,0,0,25481
/MetaHumanCharacter/Body/ABP_Body_PostProcess.ABP_Body_PostProcess,/Script/Engine.AnimBlueprint,4120,4120,0,0,11306
/Game/BagMan/ProMod/CR_ProMod_FBIK.CR_ProMod_FBIK,/Script/ControlRigDeveloper.ControlRigBlueprint,8762,8762,0,0,15609
/Game/Characters/Heroes/IRONICS/Animations/CR_AFL_IRONICS.CR_AFL_IRONICS,/Script/ControlRigDeveloper.ControlRigBlueprint,31798,31798,0,0,130134
/Game/Characters/Heroes/Mannequin/Rig/CR_Mannequin_Procedural.CR_Mannequin_Procedural,/Script/ControlRigDeveloper.ControlRigBlueprint,18117,18117,0,0,106379
/MetaHumanCharacter/Face/CR_MetaHuman_HeadMovement_IK_Proc.CR_MetaHuman_HeadMovement_IK_Proc,/Script/ControlRigDeveloper.ControlRigBlueprint,87881,87881,0,0,321416
/Game/BagMan/ProMod/IK_ProMod_FBIK.IK_ProMod_FBIK,/Script/IKRig.IKRigDefinition,15528,15528,0,0,49370
/MetaHumanCharacter/Animation/Retargeting/IK_MH_IKRig.IK_MH_IKRig,/Script/IKRig.IKRigDefinition,49650,49650,0,0,99768
/Game/BagMan/UI/Store/DT_AFL_PriceStyles.DT_AFL_PriceStyles,/Script/Engine.DataTable,500,500,0,0,1518
/Game/ContextEffects/DT_AnimEffectTags.DT_AnimEffectTags,/Script/Engine.DataTable,618,618,0,0,618
/Game/ContextEffects/DT_SurfaceTypes.DT_SurfaceTypes,/Script/Engine.DataTable,610,610,0,0,610
/Game/UI/DT_UniversalActions.DT_UniversalActions,/Script/Engine.DataTable,836,836,0,0,3673
/Game/UI/Foundation/RichTextData/RichTextIconSet.RichTextIconSet,/Script/Engine.DataTable,555,555,0,0,555
/Game/UI/Settings/DT_SaveActions.DT_SaveActions,/Script/Engine.DataTable,503,503,0,0,1135
/Game/UI/Settings/SettingsDescriptionStyles.SettingsDescriptionStyles,/Script/Engine.DataTable,535,535,0,0,1585
/Game/UI/Settings/SettingsDescriptionWarningStyes.SettingsDescriptionWarningStyes,/Script/Engine.DataTable,497,497,0,0,1238
/NNEDenoiser/NNEDIM_ColorAlbedoNormal_Alpha.NNEDIM_ColorAlbedoNormal_Alpha,/Script/Engine.DataTable,780,780,0,0,780
/NNEDenoiser/NNEDIM_ColorAlbedoNormal_Default.NNEDIM_ColorAlbedoNormal_Default,/Script/Engine.DataTable,710,710,0,0,710
/NNEDenoiser/NNEDIM_HighQuality_Alpha.NNEDIM_HighQuality_Alpha,/Script/Engine.DataTable,784,784,0,0,784
/NNEDenoiser/NNEDIM_HighQuality_Default.NNEDIM_HighQuality_Default,/Script/Engine.DataTable,706,706,0,0,706
/NNEDenoiser/NNEDOM_Output_Alpha.NNEDOM_Output_Alpha,/Script/Engine.DataTable,486,486,0,0,486
/NNEDenoiser/NNEDOM_Output_Default.NNEDOM_Output_Default,/Script/Engine.DataTable,486,486,0,0,486
/NNEDenoiser/NNEDTIM_ColorAlbedoNormal_Alpha.NNEDTIM_ColorAlbedoNormal_Alpha,/Script/Engine.DataTable,788,788,0,0,788
/NNEDenoiser/NNEDTIM_ColorAlbedoNormal_Default.NNEDTIM_ColorAlbedoNormal_Default,/Script/Engine.DataTable,710,710,0,0,710
/NNEDenoiser/NNEDTOM_Output_Alpha.NNEDTOM_Output_Alpha,/Script/Engine.DataTable,486,486,0,0,486
/NNEDenoiser/NNEDTOM_Output_Default.NNEDTOM_Output_Default,/Script/Engine.DataTable,494,494,0,0,494
/ShooterCore/Accolades/DT_BasicShooterAccolades.DT_BasicShooterAccolades,/Script/Engine.DataTable,1140,1140,0,0,2630
/Game/Characters/Cameras/ThirdPersonDeathOffsetCurve.ThirdPersonDeathOffsetCurve,/Script/Engine.CurveVector,545,545,0,0,545
/Game/Characters/Cameras/ThirdPersonOffsetCurve.ThirdPersonOffsetCurve,/Script/Engine.CurveVector,510,510,0,0,510
/ShooterCore/Camera/ThirdPersonADSOffsetCurve.ThirdPersonADSOffsetCurve,/Script/Engine.CurveVector,429,429,0,0,429
/Game/Characters/Heroes/IRONICS/Animations/AM_AFL_CarryHold.AM_AFL_CarryHold,/Script/Engine.AnimMontage,739,739,0,0,739
/Game/Characters/Heroes/IRONICS/Animations/AM_AFL_GrabReach.AM_AFL_GrabReach,/Script/Engine.AnimMontage,690,690,0,0,1062
/Game/Characters/Heroes/IRONICS/Animations/AM_AFL_Roll.AM_AFL_Roll,/Script/Engine.AnimMontage,699,699,0,0,1323
/Game/Characters/Heroes/IRONICS/Animations/AM_AFL_Slide.AM_AFL_Slide,/Script/Engine.AnimMontage,752,752,0,0,1224
/Game/Characters/Heroes/IRONICS/Animations/AM_AFL_Vault.AM_AFL_Vault,/Script/Engine.AnimMontage,830,830,0,0,1558
/Game/Characters/Heroes/IRONICS/Animations/AM_AFL_WallRun.AM_AFL_WallRun,/Script/Engine.AnimMontage,735,735,0,0,735
/Game/Characters/Heroes/Mannequin/Animations/Actions/AM_MF_Emote_FingerGuns_Emote_MW.AM_MF_Emote_FingerGuns_Emote_MW,/Script/Engine.AnimMontage,1079,1079,0,0,2002
/Game/Characters/Heroes/Mannequin/Animations/Actions/AM_MM_Dash_Backward.AM_MM_Dash_Backward,/Script/Engine.AnimMontage,754,754,0,0,754
/Game/Characters/Heroes/Mannequin/Animations/Actions/AM_MM_Dash_Forward.AM_MM_Dash_Forward,/Script/Engine.AnimMontage,920,920,0,0,920
/Game/Characters/Heroes/Mannequin/Animations/Actions/AM_MM_Dash_Left.AM_MM_Dash_Left,/Script/Engine.AnimMontage,745,745,0,0,745
/Game/Characters/Heroes/Mannequin/Animations/Actions/AM_MM_Dash_Right.AM_MM_Dash_Right,/Script/Engine.AnimMontage,746,746,0,0,746
/Game/Characters/Heroes/Mannequin/Animations/Actions/AM_MM_Death_Back_01.AM_MM_Death_Back_01,/Script/Engine.AnimMontage,736,736,0,0,736
/Game/Characters/Heroes/Mannequin/Animations/Actions/AM_MM_Death_Front_01.AM_MM_Death_Front_01,/Script/Engine.AnimMontage,737,737,0,0,737
/Game/Characters/Heroes/Mannequin/Animations/Actions/AM_MM_Death_Front_02.AM_MM_Death_Front_02,/Script/Engine.AnimMontage,737,737,0,0,737
/Game/Characters/Heroes/Mannequin/Animations/Actions/AM_MM_Death_Front_03.AM_MM_Death_Front_03,/Script/Engine.AnimMontage,737,737,0,0,737
/Game/Characters/Heroes/Mannequin/Animations/Actions/AM_MM_Death_Left_01.AM_MM_Death_Left_01,/Script/Engine.AnimMontage,736,736,0,0,736
/Game/Characters/Heroes/Mannequin/Animations/Actions/AM_MM_Death_Right_01.AM_MM_Death_Right_01,/Script/Engine.AnimMontage,737,737,0,0,737
/Game/Characters/Heroes/Mannequin/Animations/Actions/AM_MM_Generic_Unequip.AM_MM_Generic_Unequip,/Script/Engine.AnimMontage,930,930,0,0,930
/Game/Characters/Heroes/Mannequin/Animations/Actions/AM_MM_HitReact_Back_Med_01.AM_MM_HitReact_Back_Med_01,/Script/Engine.AnimMontage,764,764,0,0,764
/Game/Characters/Heroes/Mannequin/Animations/Actions/AM_MM_HitReact_Front_Hvy_01.AM_MM_HitReact_Front_Hvy_01,/Script/Engine.AnimMontage,765,765,0,0,765
/Game/Characters/Heroes/Mannequin/Animations/Actions/AM_MM_HitReact_Front_Lgt_01.AM_MM_HitReact_Front_Lgt_01,/Script/Engine.AnimMontage,762,762,0,0,762
/Game/Characters/Heroes/Mannequin/Animations/Actions/AM_MM_HitReact_Front_Lgt_02.AM_MM_HitReact_Front_Lgt_02,/Script/Engine.AnimMontage,768,768,0,0,768
/Game/Characters/Heroes/Mannequin/Animations/Actions/AM_MM_HitReact_Front_Med_01.AM_MM_HitReact_Front_Med_01,/Script/Engine.AnimMontage,759,759,0,0,759
/Game/Characters/Heroes/Mannequin/Animations/Actions/AM_MM_HitReact_Front_Med_02.AM_MM_HitReact_Front_Med_02,/Script/Engine.AnimMontage,759,759,0,0,759
/Game/Characters/Heroes/Mannequin/Animations/Actions/AM_MM_HitReact_Left_Med_01.AM_MM_HitReact_Left_Med_01,/Script/Engine.AnimMontage,764,764,0,0,764
/Game/Characters/Heroes/Mannequin/Animations/Actions/AM_MM_HitReact_Right_Med_01.AM_MM_HitReact_Right_Med_01,/Script/Engine.AnimMontage,765,765,0,0,765
/Game/Characters/Heroes/Mannequin/Animations/Actions/AM_MM_Pistol_Melee.AM_MM_Pistol_Melee,/Script/Engine.AnimMontage,974,974,0,0,1760
/Game/Characters/Heroes/Mannequin/Animations/Actions/AM_MM_Pistol_Spawn.AM_MM_Pistol_Spawn,/Script/Engine.AnimMontage,739,739,0,0,739
/Game/Characters/Heroes/Mannequin/Animations/Actions/AM_MM_Rifle_GrenadeToss.AM_MM_Rifle_GrenadeToss,/Script/Engine.AnimMontage,942,942,0,0,942
/Game/Characters/Heroes/Mannequin/Animations/Actions/AM_MM_Rifle_Melee.AM_MM_Rifle_Melee,/Script/Engine.AnimMontage,944,944,0,0,1681
/Game/Characters/Heroes/Mannequin/Animations/Actions/AM_MM_Shotgun_Melee.AM_MM_Shotgun_Melee,/Script/Engine.AnimMontage,927,927,0,0,1677
/Game/FreeAnimationLibrary/AFL/AM_AFL_ClimbWarp_RT.AM_AFL_ClimbWarp_RT,/Script/Engine.AnimMontage,1083,1083,0,0,1981
/Game/Weapons/Pistol/Animations/AM_MM_Pistol_DryFire.AM_MM_Pistol_DryFire,/Script/Engine.AnimMontage,761,761,0,0,1282
/Game/Weapons/Pistol/Animations/AM_MM_Pistol_Equip.AM_MM_Pistol_Equip,/Script/Engine.AnimMontage,867,867,0,0,1445
/Game/Weapons/Pistol/Animations/AM_MM_Pistol_Fire.AM_MM_Pistol_Fire,/Script/Engine.AnimMontage,779,779,0,0,1320
/Game/Weapons/Pistol/Animations/AM_MM_Pistol_Reload.AM_MM_Pistol_Reload,/Script/Engine.AnimMontage,1165,1165,0,0,2619
/Game/Weapons/Pistol/Animations/AM_Weap_Pistol_Fire.AM_Weap_Pistol_Fire,/Script/Engine.AnimMontage,680,680,0,0,680
/Game/Weapons/Pistol/Animations/AM_Weap_Pistol_Reload.AM_Weap_Pistol_Reload,/Script/Engine.AnimMontage,682,682,0,0,682
/Game/Weapons/Rifle/Animations/AM_MM_Rifle_DryFire.AM_MM_Rifle_DryFire,/Script/Engine.AnimMontage,755,755,0,0,1278
/Game/Weapons/Rifle/Animations/AM_MM_Rifle_Equip.AM_MM_Rifle_Equip,/Script/Engine.AnimMontage,913,913,0,0,1501
/Game/Weapons/Rifle/Animations/AM_MM_Rifle_Fire.AM_MM_Rifle_Fire,/Script/Engine.AnimMontage,761,761,0,0,1314
/Game/Weapons/Rifle/Animations/AM_MM_Rifle_Reload.AM_MM_Rifle_Reload,/Script/Engine.AnimMontage,1189,1189,0,0,2616
/Game/Weapons/Rifle/Animations/AM_MM_Rifle_Reload_Emote_MW.AM_MM_Rifle_Reload_Emote_MW,/Script/Engine.AnimMontage,1434,1434,0,0,3130
/Game/Weapons/Rifle/Animations/AM_Weap_Rifle_Fire.AM_Weap_Rifle_Fire,/Script/Engine.AnimMontage,673,673,0,0,673
/Game/Weapons/Rifle/Animations/AM_Weap_Rifle_Reload.AM_Weap_Rifle_Reload,/Script/Engine.AnimMontage,678,678,0,0,678
/Game/Weapons/Shotgun/Animations/AM_MM_Shotgun_Fire.AM_MM_Shotgun_Fire,/Script/Engine.AnimMontage,760,760,0,0,1347
/Game/Weapons/Shotgun/Animations/AM_MM_Shotgun_Reload.AM_MM_Shotgun_Reload,/Script/Engine.AnimMontage,1196,1196,0,0,2643
/Game/Weapons/Shotgun/Animations/AM_Weap_Shotgun_Fire.AM_Weap_Shotgun_Fire,/Script/Engine.AnimMontage,684,684,0,0,684
/Game/Weapons/Shotgun/Animations/AM_Weap_Shotgun_Reload.AM_Weap_Shotgun_Reload,/Script/Engine.AnimMontage,694,694,0,0,694
/TopDownArena/Game/Bombs/DropBomb_Montage.DropBomb_Montage,/Script/Engine.AnimMontage,670,670,0,0,1034
/Game/Characters/Heroes/IRONICS/Animations/Retargeted/AFL_A_ItemPickup_fromIdle_RH_100cm_Retargeted.AFL_A_ItemPickup_fromIdle_RH_100cm_Retargeted,/Script/Engine.AnimSequence,22001,22001,0,0,36137
/Game/Characters/Heroes/IRONICS/Animations/Retargeted/AFL_A_Lift_Light_PickUp_0cm_Retargeted.AFL_A_Lift_Light_PickUp_0cm_Retargeted,/Script/Engine.AnimSequence,27440,27440,0,0,41477
/Game/Characters/Heroes/IRONICS/Animations/Retargeted/AFL_anim_Climb_Up_Retargeted.AFL_anim_Climb_Up_Retargeted,/Script/Engine.AnimSequence,30884,30884,0,0,50301
/Game/Characters/Heroes/IRONICS/Animations/Retargeted/AFL_anim_Mantle_2M_R_Retargeted.AFL_anim_Mantle_2M_R_Retargeted,/Script/Engine.AnimSequence,31012,31012,0,0,51993
/Game/Characters/Heroes/IRONICS/Animations/Retargeted/AFL_anim_RollB_Retargeted.AFL_anim_RollB_Retargeted,/Script/Engine.AnimSequence,19298,19298,0,0,34805
/Game/Characters/Heroes/IRONICS/Animations/Retargeted/AFL_anim_RollF_Retargeted.AFL_anim_RollF_Retargeted,/Script/Engine.AnimSequence,23473,23473,0,0,39217
/Game/Characters/Heroes/IRONICS/Animations/Retargeted/AFL_anim_RollL_Retargeted.AFL_anim_RollL_Retargeted,/Script/Engine.AnimSequence,23624,23624,0,0,39645
/Game/Characters/Heroes/IRONICS/Animations/Retargeted/AFL_anim_RollR_Retargeted.AFL_anim_RollR_Retargeted,/Script/Engine.AnimSequence,23343,23343,0,0,40573
/Game/Characters/Heroes/IRONICS/Animations/Retargeted/AFL_anim_Slide_L_Retargeted.AFL_anim_Slide_L_Retargeted,/Script/Engine.AnimSequence,23125,23125,0,0,39989
/Game/Characters/Heroes/IRONICS/Animations/Retargeted/AFL_anim_Swim_Surface_Fwd_Retargeted.AFL_anim_Swim_Surface_Fwd_Retargeted,/Script/Engine.AnimSequence,15364,15364,0,0,29241
/Game/Characters/Heroes/IRONICS/Animations/Retargeted/AFL_anim_SwimIdle_Retargeted.AFL_anim_SwimIdle_Retargeted,/Script/Engine.AnimSequence,27144,27144,0,0,41957
/Game/Characters/Heroes/IRONICS/Animations/Retargeted/AFL_anim_Vault_Retargeted.AFL_anim_Vault_Retargeted,/Script/Engine.AnimSequence,19344,19344,0,0,34689
/Game/Characters/Heroes/IRONICS/Animations/Retargeted/AFL_anim_WallRun_Retargeted.AFL_anim_WallRun_Retargeted,/Script/Engine.AnimSequence,15413,15413,0,0,30473
/Game/Characters/Heroes/Mannequin/Animations/Actions/MF_Emote_FingerGuns_Emote_MW.MF_Emote_FingerGuns_Emote_MW,/Script/Engine.AnimSequence,91354,91354,0,0,117460
/Game/Characters/Heroes/Mannequin/Animations/Actions/MM_Dash_Backward.MM_Dash_Backward,/Script/Engine.AnimSequence,17382,17382,0,0,23245
/Game/Characters/Heroes/Mannequin/Animations/Actions/MM_Dash_Forward.MM_Dash_Forward,/Script/Engine.AnimSequence,16772,16772,0,0,22837
/Game/Characters/Heroes/Mannequin/Animations/Actions/MM_Dash_Left.MM_Dash_Left,/Script/Engine.AnimSequence,14800,14800,0,0,22103
/Game/Characters/Heroes/Mannequin/Animations/Actions/MM_Dash_Right.MM_Dash_Right,/Script/Engine.AnimSequence,15117,15117,0,0,22411
/Game/Characters/Heroes/Mannequin/Animations/Actions/MM_Death_Back_01.MM_Death_Back_01,/Script/Engine.AnimSequence,16940,16940,0,0,21074
/Game/Characters/Heroes/Mannequin/Animations/Actions/MM_Death_Front_01.MM_Death_Front_01,/Script/Engine.AnimSequence,17045,17045,0,0,21102
/Game/Characters/Heroes/Mannequin/Animations/Actions/MM_Death_Front_02.MM_Death_Front_02,/Script/Engine.AnimSequence,16947,16947,0,0,22638
/Game/Characters/Heroes/Mannequin/Animations/Actions/MM_Death_Front_03.MM_Death_Front_03,/Script/Engine.AnimSequence,14576,14576,0,0,19630
/Game/Characters/Heroes/Mannequin/Animations/Actions/MM_Death_Left_01.MM_Death_Left_01,/Script/Engine.AnimSequence,15029,15029,0,0,19254
/Game/Characters/Heroes/Mannequin/Animations/Actions/MM_Death_Right_01.MM_Death_Right_01,/Script/Engine.AnimSequence,16427,16427,0,0,21114
/Game/Characters/Heroes/Mannequin/Animations/Actions/MM_HitReact_Back_Med_01.MM_HitReact_Back_Med_01,/Script/Engine.AnimSequence,8507,8507,0,0,12512
/Game/Characters/Heroes/Mannequin/Animations/Actions/MM_HitReact_Front_Hvy_01.MM_HitReact_Front_Hvy_01,/Script/Engine.AnimSequence,8588,8588,0,0,11820
/Game/Characters/Heroes/Mannequin/Animations/Actions/MM_HitReact_Front_Lgt_01.MM_HitReact_Front_Lgt_01,/Script/Engine.AnimSequence,6927,6927,0,0,10682
/Game/Characters/Heroes/Mannequin/Animations/Actions/MM_HitReact_Front_Lgt_02.MM_HitReact_Front_Lgt_02,/Script/Engine.AnimSequence,7962,7962,0,0,11364
/Game/Characters/Heroes/Mannequin/Animations/Actions/MM_HitReact_Front_Med_01.MM_HitReact_Front_Med_01,/Script/Engine.AnimSequence,7118,7118,0,0,10380
/Game/Characters/Heroes/Mannequin/Animations/Actions/MM_HitReact_Front_Med_02.MM_HitReact_Front_Med_02,/Script/Engine.AnimSequence,8255,8255,0,0,11828
/Game/Characters/Heroes/Mannequin/Animations/Actions/MM_HitReact_Left_Med_01.MM_HitReact_Left_Med_01,/Script/Engine.AnimSequence,9294,9294,0,0,13716
/Game/Characters/Heroes/Mannequin/Animations/Actions/MM_HitReact_Right_Med_01.MM_HitReact_Right_Med_01,/Script/Engine.AnimSequence,10065,10065,0,0,14184
/Game/Characters/Heroes/Mannequin/Animations/Actions/MM_Pistol_DryFire.MM_Pistol_DryFire,/Script/Engine.AnimSequence,12908,12908,0,0,17315
/Game/Characters/Heroes/Mannequin/Animations/Actions/MM_Pistol_DryFire_Additive.MM_Pistol_DryFire_Additive,/Script/Engine.AnimSequence,8559,8559,0,0,12894
/Game/Characters/Heroes/Mannequin/Animations/Actions/MM_Pistol_Equip.MM_Pistol_Equip,/Script/Engine.AnimSequence,22081,22081,0,0,27120
/Game/Characters/Heroes/Mannequin/Animations/Actions/MM_Pistol_Equip_Additive.MM_Pistol_Equip_Additive,/Script/Engine.AnimSequence,18642,18642,0,0,22962
/Game/Characters/Heroes/Mannequin/Animations/Actions/MM_Pistol_Fire.MM_Pistol_Fire,/Script/Engine.AnimSequence,6719,6719,0,0,25682
/Game/Characters/Heroes/Mannequin/Animations/Actions/MM_Pistol_Melee.MM_Pistol_Melee,/Script/Engine.AnimSequence,21490,21490,0,0,27149
/Game/Characters/Heroes/Mannequin/Animations/Actions/MM_Pistol_Melee_Additive.MM_Pistol_Melee_Additive,/Script/Engine.AnimSequence,16410,16410,0,0,20541
/Game/Characters/Heroes/Mannequin/Animations/Actions/MM_Pistol_Reload.MM_Pistol_Reload,/Script/Engine.AnimSequence,29600,29600,0,0,36616
/Game/Characters/Heroes/Mannequin/Animations/Actions/MM_Pistol_Reload_Additive.MM_Pistol_Reload_Additive,/Script/Engine.AnimSequence,24481,24481,0,0,30930
/Game/Characters/Heroes/Mannequin/Animations/Actions/MM_Pistol_Spawn_Turn180.MM_Pistol_Spawn_Turn180,/Script/Engine.AnimSequence,34568,34568,0,0,51928
/Game/Characters/Heroes/Mannequin/Animations/Actions/MM_Rifle_DryFire.MM_Rifle_DryFire,/Script/Engine.AnimSequence,13189,13189,0,0,17359
/Game/Characters/Heroes/Mannequin/Animations/Actions/MM_Rifle_DryFire_Additive.MM_Rifle_DryFire_Additive,/Script/Engine.AnimSequence,8491,8491,0,0,12790
/Game/Characters/Heroes/Mannequin/Animations/Actions/MM_Rifle_Equip.MM_Rifle_Equip,/Script/Engine.AnimSequence,25892,25892,0,0,31920
/Game/Characters/Heroes/Mannequin/Animations/Actions/MM_Rifle_Equip_Additive.MM_Rifle_Equip_Additive,/Script/Engine.AnimSequence,22692,22692,0,0,27978
/Game/Characters/Heroes/Mannequin/Animations/Actions/MM_Rifle_Fire.MM_Rifle_Fire,/Script/Engine.AnimSequence,6909,6909,0,0,22878
/Game/Characters/Heroes/Mannequin/Animations/Actions/MM_Rifle_GrenadeToss.MM_Rifle_GrenadeToss,/Script/Engine.AnimSequence,17122,17122,0,0,21344
/Game/Characters/Heroes/Mannequin/Animations/Actions/MM_Rifle_GrenadeToss_Additive.MM_Rifle_GrenadeToss_Additive,/Script/Engine.AnimSequence,13963,13963,0,0,17890
/Game/Characters/Heroes/Mannequin/Animations/Actions/MM_Rifle_Melee.MM_Rifle_Melee,/Script/Engine.AnimSequence,19420,19420,0,0,23859
/Game/Characters/Heroes/Mannequin/Animations/Actions/MM_Rifle_Melee_Additive.MM_Rifle_Melee_Additive,/Script/Engine.AnimSequence,14918,14918,0,0,18933
/Game/Characters/Heroes/Mannequin/Animations/Actions/MM_Rifle_Reload.MM_Rifle_Reload,/Script/Engine.AnimSequence,32518,32518,0,0,39380
/Game/Characters/Heroes/Mannequin/Animations/Actions/MM_Rifle_Reload_Additive.MM_Rifle_Reload_Additive,/Script/Engine.AnimSequence,26955,26955,0,0,33406
/Game/Characters/Heroes/Mannequin/Animations/Actions/MM_Rifle_Reload_Emote_MW.MM_Rifle_Reload_Emote_MW,/Script/Engine.AnimSequence,32531,32531,0,0,39399
/Game/Characters/Heroes/Mannequin/Animations/Actions/MM_Shotgun_Fire.MM_Shotgun_Fire,/Script/Engine.AnimSequence,7814,7814,0,0,26238
/Game/Characters/Heroes/Mannequin/Animations/Actions/MM_Shotgun_Melee.MM_Shotgun_Melee,/Script/Engine.AnimSequence,19404,19404,0,0,23604
/Game/Characters/Heroes/Mannequin/Animations/Actions/MM_Shotgun_Melee_Additive.MM_Shotgun_Melee_Additive,/Script/Engine.AnimSequence,14214,14214,0,0,18630
/Game/Characters/Heroes/Mannequin/Animations/Actions/MM_Shotgun_Reload.MM_Shotgun_Reload,/Script/Engine.AnimSequence,41313,41313,0,0,54680
/Game/Characters/Heroes/Mannequin/Animations/Actions/MM_Shotgun_Reload_Additive.MM_Shotgun_Reload_Additive,/Script/Engine.AnimSequence,35281,35281,0,0,43798
/Game/Characters/Heroes/Mannequin/Animations/AimOffsets/MF_Pistol_Idle_ADS_AO_CC.MF_Pistol_Idle_ADS_AO_CC,/Script/Engine.AnimSequence,6257,6257,0,0,16484
/Game/Characters/Heroes/Mannequin/Animations/AimOffsets/MF_Pistol_Idle_ADS_AO_CD.MF_Pistol_Idle_ADS_AO_CD,/Script/Engine.AnimSequence,6755,6755,0,0,19028
/Game/Characters/Heroes/Mannequin/Animations/AimOffsets/MF_Pistol_Idle_ADS_AO_CU.MF_Pistol_Idle_ADS_AO_CU,/Script/Engine.AnimSequence,6760,6760,0,0,18970
/Game/Characters/Heroes/Mannequin/Animations/AimOffsets/MF_Pistol_Idle_ADS_AO_LBC.MF_Pistol_Idle_ADS_AO_LBC,/Script/Engine.AnimSequence,6639,6639,0,0,19334
/Game/Characters/Heroes/Mannequin/Animations/AimOffsets/MF_Pistol_Idle_ADS_AO_LBD.MF_Pistol_Idle_ADS_AO_LBD,/Script/Engine.AnimSequence,6945,6945,0,0,19262
/Game/Characters/Heroes/Mannequin/Animations/AimOffsets/MF_Pistol_Idle_ADS_AO_LBU.MF_Pistol_Idle_ADS_AO_LBU,/Script/Engine.AnimSequence,6932,6932,0,0,19330
/Game/Characters/Heroes/Mannequin/Animations/AimOffsets/MF_Pistol_Idle_ADS_AO_LC.MF_Pistol_Idle_ADS_AO_LC,/Script/Engine.AnimSequence,6776,6776,0,0,18994
/Game/Characters/Heroes/Mannequin/Animations/AimOffsets/MF_Pistol_Idle_ADS_AO_LD.MF_Pistol_Idle_ADS_AO_LD,/Script/Engine.AnimSequence,6740,6740,0,0,19066
/Game/Characters/Heroes/Mannequin/Animations/AimOffsets/MF_Pistol_Idle_ADS_AO_LU.MF_Pistol_Idle_ADS_AO_LU,/Script/Engine.AnimSequence,6780,6780,0,0,19066
/Game/Characters/Heroes/Mannequin/Animations/AimOffsets/MF_Pistol_Idle_ADS_AO_RBC.MF_Pistol_Idle_ADS_AO_RBC,/Script/Engine.AnimSequence,6846,6846,0,0,19034
/Game/Characters/Heroes/Mannequin/Animations/AimOffsets/MF_Pistol_Idle_ADS_AO_RBD.MF_Pistol_Idle_ADS_AO_RBD,/Script/Engine.AnimSequence,6793,6793,0,0,19230
/Game/Characters/Heroes/Mannequin/Animations/AimOffsets/MF_Pistol_Idle_ADS_AO_RBU.MF_Pistol_Idle_ADS_AO_RBU,/Script/Engine.AnimSequence,6840,6840,0,0,19134
/Game/Characters/Heroes/Mannequin/Animations/AimOffsets/MF_Pistol_Idle_ADS_AO_RC.MF_Pistol_Idle_ADS_AO_RC,/Script/Engine.AnimSequence,6772,6772,0,0,18966
/Game/Characters/Heroes/Mannequin/Animations/AimOffsets/MF_Pistol_Idle_ADS_AO_RD.MF_Pistol_Idle_ADS_AO_RD,/Script/Engine.AnimSequence,6673,6673,0,0,18910
/Game/Characters/Heroes/Mannequin/Animations/AimOffsets/MF_Pistol_Idle_ADS_AO_RU.MF_Pistol_Idle_ADS_AO_RU,/Script/Engine.AnimSequence,6750,6750,0,0,18958
/Game/Characters/Heroes/Mannequin/Animations/AimOffsets/MM_Pistol_Idle_ADS_AO_CC.MM_Pistol_Idle_ADS_AO_CC,/Script/Engine.AnimSequence,860,860,0,0,1704
/Game/Characters/Heroes/Mannequin/Animations/AimOffsets/MM_Pistol_Idle_ADS_AO_CD.MM_Pistol_Idle_ADS_AO_CD,/Script/Engine.AnimSequence,1721,1721,0,0,5886
/Game/Characters/Heroes/Mannequin/Animations/AimOffsets/MM_Pistol_Idle_ADS_AO_CU.MM_Pistol_Idle_ADS_AO_CU,/Script/Engine.AnimSequence,1554,1554,0,0,5898
/Game/Characters/Heroes/Mannequin/Animations/AimOffsets/MM_Pistol_Idle_ADS_AO_LBC.MM_Pistol_Idle_ADS_AO_LBC,/Script/Engine.AnimSequence,1749,1749,0,0,6054
/Game/Characters/Heroes/Mannequin/Animations/AimOffsets/MM_Pistol_Idle_ADS_AO_LBD.MM_Pistol_Idle_ADS_AO_LBD,/Script/Engine.AnimSequence,1592,1592,0,0,6050
/Game/Characters/Heroes/Mannequin/Animations/AimOffsets/MM_Pistol_Idle_ADS_AO_LBU.MM_Pistol_Idle_ADS_AO_LBU,/Script/Engine.AnimSequence,1719,1719,0,0,6238
/Game/Characters/Heroes/Mannequin/Animations/AimOffsets/MM_Pistol_Idle_ADS_AO_LC.MM_Pistol_Idle_ADS_AO_LC,/Script/Engine.AnimSequence,1543,1543,0,0,6010
/Game/Characters/Heroes/Mannequin/Animations/AimOffsets/MM_Pistol_Idle_ADS_AO_LD.MM_Pistol_Idle_ADS_AO_LD,/Script/Engine.AnimSequence,1591,1591,0,0,6026
/Game/Characters/Heroes/Mannequin/Animations/AimOffsets/MM_Pistol_Idle_ADS_AO_LU.MM_Pistol_Idle_ADS_AO_LU,/Script/Engine.AnimSequence,1572,1572,0,0,6026
/Game/Characters/Heroes/Mannequin/Animations/AimOffsets/MM_Pistol_Idle_ADS_AO_RBC.MM_Pistol_Idle_ADS_AO_RBC,/Script/Engine.AnimSequence,1616,1616,0,0,6202
/Game/Characters/Heroes/Mannequin/Animations/AimOffsets/MM_Pistol_Idle_ADS_AO_RBD.MM_Pistol_Idle_ADS_AO_RBD,/Script/Engine.AnimSequence,1767,1767,0,0,6346
/Game/Characters/Heroes/Mannequin/Animations/AimOffsets/MM_Pistol_Idle_ADS_AO_RBU.MM_Pistol_Idle_ADS_AO_RBU,/Script/Engine.AnimSequence,1907,1907,0,0,6302
/Game/Characters/Heroes/Mannequin/Animations/AimOffsets/MM_Pistol_Idle_ADS_AO_RC.MM_Pistol_Idle_ADS_AO_RC,/Script/Engine.AnimSequence,1670,1670,0,0,5814
/Game/Characters/Heroes/Mannequin/Animations/AimOffsets/MM_Pistol_Idle_ADS_AO_RD.MM_Pistol_Idle_ADS_AO_RD,/Script/Engine.AnimSequence,1542,1542,0,0,5930
/Game/Characters/Heroes/Mannequin/Animations/AimOffsets/MM_Pistol_Idle_ADS_AO_RU.MM_Pistol_Idle_ADS_AO_RU,/Script/Engine.AnimSequence,1588,1588,0,0,5930
/Game/Characters/Heroes/Mannequin/Animations/AimOffsets/MM_Rifle_Idle_Hipfire_AO_CC.MM_Rifle_Idle_Hipfire_AO_CC,/Script/Engine.AnimSequence,766,766,0,0,1488
/Game/Characters/Heroes/Mannequin/Animations/AimOffsets/MM_Rifle_Idle_Hipfire_AO_CD.MM_Rifle_Idle_Hipfire_AO_CD,/Script/Engine.AnimSequence,1578,1578,0,0,5805
/Game/Characters/Heroes/Mannequin/Animations/AimOffsets/MM_Rifle_Idle_Hipfire_AO_CU.MM_Rifle_Idle_Hipfire_AO_CU,/Script/Engine.AnimSequence,1505,1505,0,0,5873
/Game/Characters/Heroes/Mannequin/Animations/AimOffsets/MM_Rifle_Idle_Hipfire_AO_LBC.MM_Rifle_Idle_Hipfire_AO_LBC,/Script/Engine.AnimSequence,1397,1397,0,0,5671
/Game/Characters/Heroes/Mannequin/Animations/AimOffsets/MM_Rifle_Idle_Hipfire_AO_LBD.MM_Rifle_Idle_Hipfire_AO_LBD,/Script/Engine.AnimSequence,1692,1692,0,0,6091
/Game/Characters/Heroes/Mannequin/Animations/AimOffsets/MM_Rifle_Idle_Hipfire_AO_LBU.MM_Rifle_Idle_Hipfire_AO_LBU,/Script/Engine.AnimSequence,1705,1705,0,0,6067
/Game/Characters/Heroes/Mannequin/Animations/AimOffsets/MM_Rifle_Idle_Hipfire_AO_LC.MM_Rifle_Idle_Hipfire_AO_LC,/Script/Engine.AnimSequence,1597,1597,0,0,5665
/Game/Characters/Heroes/Mannequin/Animations/AimOffsets/MM_Rifle_Idle_Hipfire_AO_LD.MM_Rifle_Idle_Hipfire_AO_LD,/Script/Engine.AnimSequence,1416,1416,0,0,5883
/Game/Characters/Heroes/Mannequin/Animations/AimOffsets/MM_Rifle_Idle_Hipfire_AO_LU.MM_Rifle_Idle_Hipfire_AO_LU,/Script/Engine.AnimSequence,1384,1384,0,0,5867
/Game/Characters/Heroes/Mannequin/Animations/AimOffsets/MM_Rifle_Idle_Hipfire_AO_RBC.MM_Rifle_Idle_Hipfire_AO_RBC,/Script/Engine.AnimSequence,1446,1446,0,0,5691
/Game/Characters/Heroes/Mannequin/Animations/AimOffsets/MM_Rifle_Idle_Hipfire_AO_RBD.MM_Rifle_Idle_Hipfire_AO_RBD,/Script/Engine.AnimSequence,1708,1708,0,0,6075
/Game/Characters/Heroes/Mannequin/Animations/AimOffsets/MM_Rifle_Idle_Hipfire_AO_RBU.MM_Rifle_Idle_Hipfire_AO_RBU,/Script/Engine.AnimSequence,1429,1429,0,0,5927
/Game/Characters/Heroes/Mannequin/Animations/AimOffsets/MM_Rifle_Idle_Hipfire_AO_RC.MM_Rifle_Idle_Hipfire_AO_RC,/Script/Engine.AnimSequence,1399,1399,0,0,5639
/Game/Characters/Heroes/Mannequin/Animations/AimOffsets/MM_Rifle_Idle_Hipfire_AO_RD.MM_Rifle_Idle_Hipfire_AO_RD,/Script/Engine.AnimSequence,1400,1400,0,0,5867
/Game/Characters/Heroes/Mannequin/Animations/AimOffsets/MM_Rifle_Idle_Hipfire_AO_RU.MM_Rifle_Idle_Hipfire_AO_RU,/Script/Engine.AnimSequence,1407,1407,0,0,5867
/Game/Characters/Heroes/Mannequin/Animations/AimOffsets/MM_Unarmed_Idle_Ready_AO_CC.MM_Unarmed_Idle_Ready_AO_CC,/Script/Engine.AnimSequence,765,765,0,0,1488
/Game/Characters/Heroes/Mannequin/Animations/AimOffsets/MM_Unarmed_Idle_Ready_AO_CD.MM_Unarmed_Idle_Ready_AO_CD,/Script/Engine.AnimSequence,1503,1503,0,0,5413
/Game/Characters/Heroes/Mannequin/Animations/AimOffsets/MM_Unarmed_Idle_Ready_AO_CU.MM_Unarmed_Idle_Ready_AO_CU,/Script/Engine.AnimSequence,1542,1542,0,0,5425
/Game/Characters/Heroes/Mannequin/Animations/AimOffsets/MM_Unarmed_Idle_Ready_AO_LBC.MM_Unarmed_Idle_Ready_AO_LBC,/Script/Engine.AnimSequence,1614,1614,0,0,5817
/Game/Characters/Heroes/Mannequin/Animations/AimOffsets/MM_Unarmed_Idle_Ready_AO_LBD.MM_Unarmed_Idle_Ready_AO_LBD,/Script/Engine.AnimSequence,1616,1616,0,0,5861
/Game/Characters/Heroes/Mannequin/Animations/AimOffsets/MM_Unarmed_Idle_Ready_AO_LBU.MM_Unarmed_Idle_Ready_AO_LBU,/Script/Engine.AnimSequence,1620,1620,0,0,5861
/Game/Characters/Heroes/Mannequin/Animations/AimOffsets/MM_Unarmed_Idle_Ready_AO_LC.MM_Unarmed_Idle_Ready_AO_LC,/Script/Engine.AnimSequence,1108,1108,0,0,4343
/Game/Characters/Heroes/Mannequin/Animations/AimOffsets/MM_Unarmed_Idle_Ready_AO_LD.MM_Unarmed_Idle_Ready_AO_LD,/Script/Engine.AnimSequence,1187,1187,0,0,4791
/Game/Characters/Heroes/Mannequin/Animations/AimOffsets/MM_Unarmed_Idle_Ready_AO_LU.MM_Unarmed_Idle_Ready_AO_LU,/Script/Engine.AnimSequence,1412,1412,0,0,4617
/Game/Characters/Heroes/Mannequin/Animations/AimOffsets/MM_Unarmed_Idle_Ready_AO_RBC.MM_Unarmed_Idle_Ready_AO_RBC,/Script/Engine.AnimSequence,1497,1497,0,0,5901
/Game/Characters/Heroes/Mannequin/Animations/AimOffsets/MM_Unarmed_Idle_Ready_AO_RBD.MM_Unarmed_Idle_Ready_AO_RBD,/Script/Engine.AnimSequence,1619,1619,0,0,5909
/Game/Characters/Heroes/Mannequin/Animations/AimOffsets/MM_Unarmed_Idle_Ready_AO_RBU.MM_Unarmed_Idle_Ready_AO_RBU,/Script/Engine.AnimSequence,1350,1350,0,0,5899
/Game/Characters/Heroes/Mannequin/Animations/AimOffsets/MM_Unarmed_Idle_Ready_AO_RC.MM_Unarmed_Idle_Ready_AO_RC,/Script/Engine.AnimSequence,1160,1160,0,0,4399
/Game/Characters/Heroes/Mannequin/Animations/AimOffsets/MM_Unarmed_Idle_Ready_AO_RD.MM_Unarmed_Idle_Ready_AO_RD,/Script/Engine.AnimSequence,1191,1191,0,0,4787
/Game/Characters/Heroes/Mannequin/Animations/AimOffsets/MM_Unarmed_Idle_Ready_AO_RU.MM_Unarmed_Idle_Ready_AO_RU,/Script/Engine.AnimSequence,1362,1362,0,0,5475
/Game/Characters/Heroes/Mannequin/Animations/Locomotion/Pistol/MF_Pistol_Hipfire_OverridePose.MF_Pistol_Hipfire_OverridePose,/Script/Engine.AnimSequence,9665,9665,0,0,21594
/Game/Characters/Heroes/Mannequin/Animations/Locomotion/Pistol/MF_Pistol_Idle_ADS.MF_Pistol_Idle_ADS,/Script/Engine.AnimSequence,64438,64438,0,0,136501
/Game/Characters/Heroes/Mannequin/Animations/Locomotion/Pistol/MF_Pistol_Idle_Hipfire.MF_Pistol_Idle_Hipfire,/Script/Engine.AnimSequence,64597,64597,0,0,127297
/Game/Characters/Heroes/Mannequin/Animations/Locomotion/Pistol/MF_Pistol_IdleBreak_Scan.MF_Pistol_IdleBreak_Scan,/Script/Engine.AnimSequence,151761,151761,0,0,220929
/Game/Characters/Heroes/Mannequin/Animations/Locomotion/Pistol/MF_Pistol_Jog_Bwd.MF_Pistol_Jog_Bwd,/Script/Engine.AnimSequence,20682,20682,0,0,37188
/Game/Characters/Heroes/Mannequin/Animations/Locomotion/Pistol/MF_Pistol_Jog_Bwd_Pivot.MF_Pistol_Jog_Bwd_Pivot,/Script/Engine.AnimSequence,49829,49829,0,0,75628
/Game/Characters/Heroes/Mannequin/Animations/Locomotion/Pistol/MF_Pistol_Jog_Bwd_Start.MF_Pistol_Jog_Bwd_Start,/Script/Engine.AnimSequence,28538,28538,0,0,45768
/Game/Characters/Heroes/Mannequin/Animations/Locomotion/Pistol/MF_Pistol_Jog_Bwd_Stop.MF_Pistol_Jog_Bwd_Stop,/Script/Engine.AnimSequence,29906,29906,0,0,49818
/Game/Characters/Heroes/Mannequin/Animations/Locomotion/Pistol/MF_Pistol_Jog_Fwd.MF_Pistol_Jog_Fwd,/Script/Engine.AnimSequence,24722,24722,0,0,42356
/Game/Characters/Heroes/Mannequin/Animations/Locomotion/Pistol/MF_Pistol_Jog_Fwd_Pivot.MF_Pistol_Jog_Fwd_Pivot,/Script/Engine.AnimSequence,37600,37600,0,0,59684
/Game/Characters/Heroes/Mannequin/Animations/Locomotion/Pistol/MF_Pistol_Jog_Fwd_Start.MF_Pistol_Jog_Fwd_Start,/Script/Engine.AnimSequence,26099,26099,0,0,44098
/Game/Characters/Heroes/Mannequin/Animations/Locomotion/Pistol/MF_Pistol_Jog_Fwd_Stop.MF_Pistol_Jog_Fwd_Stop,/Script/Engine.AnimSequence,28069,28069,0,0,46010
/Game/Characters/Heroes/Mannequin/Animations/Locomotion/Pistol/MF_Pistol_Jog_Left.MF_Pistol_Jog_Left,/Script/Engine.AnimSequence,17664,17664,0,0,33276
/Game/Characters/Heroes/Mannequin/Animations/Locomotion/Pistol/MF_Pistol_Jog_Left_Pivot.MF_Pistol_Jog_Left_Pivot,/Script/Engine.AnimSequence,39914,39914,0,0,64784
/Game/Characters/Heroes/Mannequin/Animations/Locomotion/Pistol/MF_Pistol_Jog_Left_Start.MF_Pistol_Jog_Left_Start,/Script/Engine.AnimSequence,38061,38061,0,0,60644
/Game/Characters/Heroes/Mannequin/Animations/Locomotion/Pistol/MF_Pistol_Jog_Left_Stop.MF_Pistol_Jog_Left_Stop,/Script/Engine.AnimSequence,32399,32399,0,0,51014
/Game/Characters/Heroes/Mannequin/Animations/Locomotion/Pistol/MF_Pistol_Jog_Right.MF_Pistol_Jog_Right,/Script/Engine.AnimSequence,19964,19964,0,0,36892
/Game/Characters/Heroes/Mannequin/Animations/Locomotion/Pistol/MF_Pistol_Jog_Right_Pivot.MF_Pistol_Jog_Right_Pivot,/Script/Engine.AnimSequence,41913,41913,0,0,66970
/Game/Characters/Heroes/Mannequin/Animations/Locomotion/Pistol/MF_Pistol_Jog_Right_Start.MF_Pistol_Jog_Right_Start,/Script/Engine.AnimSequence,34139,34139,0,0,54840
/Game/Characters/Heroes/Mannequin/Animations/Locomotion/Pistol/MF_Pistol_Jog_Right_Stop.MF_Pistol_Jog_Right_Stop,/Script/Engine.AnimSequence,32693,32693,0,0,51014
/Game/Characters/Heroes/Mannequin/Animations/Locomotion/Pistol/MF_Pistol_TurnLeft_90.MF_Pistol_TurnLeft_90,/Script/Engine.AnimSequence,27539,27539,0,0,46326
/Game/Characters/Heroes/Mannequin/Animations/Locomotion/Pistol/MF_Pistol_TurnRight_90.MF_Pistol_TurnRight_90,/Script/Engine.AnimSequence,31729,31729,0,0,52714
/Game/Characters/Heroes/Mannequin/Animations/Locomotion/Pistol/MF_Pistol_Walk_Bwd.MF_Pistol_Walk_Bwd,/Script/Engine.AnimSequence,32334,32334,0,0,52048
/Game/Characters/Heroes/Mannequin/Animations/Locomotion/Pistol/MF_Pistol_Walk_Bwd_Start.MF_Pistol_Walk_Bwd_Start,/Script/Engine.AnimSequence,35327,35327,0,0,56308
/Game/Characters/Heroes/Mannequin/Animations/Locomotion/Pistol/MF_Pistol_Walk_Bwd_Stop.MF_Pistol_Walk_Bwd_Stop,/Script/Engine.AnimSequence,29610,29610,0,0,47867
/Game/Characters/Heroes/Mannequin/Animations/Locomotion/Pistol/MF_Pistol_Walk_Fwd.MF_Pistol_Walk_Fwd,/Script/Engine.AnimSequence,26701,26701,0,0,44796
/Game/Characters/Heroes/Mannequin/Animations/Locomotion/Pistol/MF_Pistol_Walk_Fwd_Start.MF_Pistol_Walk_Fwd_Start,/Script/Engine.AnimSequence,28038,28038,0,0,50512
/Game/Characters/Heroes/Mannequin/Animations/Locomotion/Pistol/MF_Pistol_Walk_Fwd_Stop.MF_Pistol_Walk_Fwd_Stop,/Script/Engine.AnimSequence,27631,27631,0,0,46638
/Game/Characters/Heroes/Mannequin/Animations/Locomotion/Pistol/MF_Pistol_Walk_Left.MF_Pistol_Walk_Left,/Script/Engine.AnimSequence,33236,33236,0,0,53048
/Game/Characters/Heroes/Mannequin/Animations/Locomotion/Pistol/MF_Pistol_Walk_Left_Stop.MF_Pistol_Walk_Left_Stop,/Script/Engine.AnimSequence,28575,28575,0,0,45826
/Game/Characters/Heroes/Mannequin/Animations/Locomotion/Pistol/MF_Pistol_Walk_Right.MF_Pistol_Walk_Right,/Script/Engine.AnimSequence,26818,26818,0,0,46112
/Game/Characters/Heroes/Mannequin/Animations/Locomotion/Pistol/MF_Pistol_Walk_Right_Start.MF_Pistol_Walk_Right_Start,/Script/Engine.AnimSequence,27811,27811,0,0,49260
/Game/Characters/Heroes/Mannequin/Animations/Locomotion/Pistol/MF_Pistol_Walk_Right_Stop.MF_Pistol_Walk_Right_Stop,/Script/Engine.AnimSequence,23894,23894,0,0,45382
/Game/Characters/Heroes/Mannequin/Animations/Locomotion/Pistol/MM_Pistol_Crouch_Entry.MM_Pistol_Crouch_Entry,/Script/Engine.AnimSequence,11956,11956,0,0,16344
/Game/Characters/Heroes/Mannequin/Animations/Locomotion/Pistol/MM_Pistol_Crouch_Exit.MM_Pistol_Crouch_Exit,/Script/Engine.AnimSequence,11601,11601,0,0,15920
/Game/Characters/Heroes/Mannequin/Animations/Locomotion/Pistol/MM_Pistol_Crouch_Idle.MM_Pistol_Crouch_Idle,/Script/Engine.AnimSequence,75482,75482,0,0,118492
/Game/Characters/Heroes/Mannequin/Animations/Locomotion/Pistol/MM_Pistol_Crouch_OverridePose.MM_Pistol_Crouch_OverridePose,/Script/Engine.AnimSequence,2862,2862,0,0,5536
/Game/Characters/Heroes/Mannequin/Animations/Locomotion/Pistol/MM_Pistol_Crouch_TurnLeft_90.MM_Pistol_Crouch_TurnLeft_90,/Script/Engine.AnimSequence,24579,24579,0,0,32587
/Game/Characters/Heroes/Mannequin/Animations/Locomotion/Pistol/MM_Pistol_Crouch_TurnRight_90.MM_Pistol_Crouch_TurnRight_90,/Script/Engine.AnimSequence,21816,21816,0,0,28723
/Game/Characters/Heroes/Mannequin/Animations/Locomotion/Pistol/MM_Pistol_Crouch_Walk_Bwd.MM_Pistol_Crouch_Walk_Bwd,/Script/Engine.AnimSequence,15840,15840,0,0,22417
/Game/Characters/Heroes/Mannequin/Animations/Locomotion/Pistol/MM_Pistol_Crouch_Walk_Bwd_Pivot.MM_Pistol_Crouch_Walk_Bwd_Pivot,/Script/Engine.AnimSequence,36238,36238,0,0,48119
/Game/Characters/Heroes/Mannequin/Animations/Locomotion/Pistol/MM_Pistol_Crouch_Walk_Bwd_Start.MM_Pistol_Crouch_Walk_Bwd_Start,/Script/Engine.AnimSequence,29271,29271,0,0,39945
/Game/Characters/Heroes/Mannequin/Animations/Locomotion/Pistol/MM_Pistol_Crouch_Walk_Bwd_Stop.MM_Pistol_Crouch_Walk_Bwd_Stop,/Script/Engine.AnimSequence,18578,18578,0,0,24555
/Game/Characters/Heroes/Mannequin/Animations/Locomotion/Pistol/MM_Pistol_Crouch_Walk_Fwd.MM_Pistol_Crouch_Walk_Fwd,/Script/Engine.AnimSequence,18157,18157,0,0,25437
/Game/Characters/Heroes/Mannequin/Animations/Locomotion/Pistol/MM_Pistol_Crouch_Walk_Fwd_Pivot.MM_Pistol_Crouch_Walk_Fwd_Pivot,/Script/Engine.AnimSequence,28477,28477,0,0,38103
/Game/Characters/Heroes/Mannequin/Animations/Locomotion/Pistol/MM_Pistol_Crouch_Walk_Fwd_Start.MM_Pistol_Crouch_Walk_Fwd_Start,/Script/Engine.AnimSequence,35187,35187,0,0,44181
/Game/Characters/Heroes/Mannequin/Animations/Locomotion/Pistol/MM_Pistol_Crouch_Walk_Fwd_Stop.MM_Pistol_Crouch_Walk_Fwd_Stop,/Script/Engine.AnimSequence,14326,14326,0,0,19311
/Game/Characters/Heroes/Mannequin/Animations/Locomotion/Pistol/MM_Pistol_Crouch_Walk_Left.MM_Pistol_Crouch_Walk_Left,/Script/Engine.AnimSequence,17416,17416,0,0,23805
/Game/Characters/Heroes/Mannequin/Animations/Locomotion/Pistol/MM_Pistol_Crouch_Walk_Left_Pivot.MM_Pistol_Crouch_Walk_Left_Pivot,/Script/Engine.AnimSequence,31765,31765,0,0,42257
/Game/Characters/Heroes/Mannequin/Animations/Locomotion/Pistol/MM_Pistol_Crouch_Walk_Left_Start.MM_Pistol_Crouch_Walk_Left_Start,/Script/Engine.AnimSequence,30477,30477,0,0,43471
/Game/Characters/Heroes/Mannequin/Animations/Locomotion/Pistol/MM_Pistol_Crouch_Walk_Left_Stop.MM_Pistol_Crouch_Walk_Left_Stop,/Script/Engine.AnimSequence,15557,15557,0,0,20603
/Game/Characters/Heroes/Mannequin/Animations/Locomotion/Pistol/MM_Pistol_Crouch_Walk_Right.MM_Pistol_Crouch_Walk_Right,/Script/Engine.AnimSequence,18564,18564,0,0,24833
/Game/Characters/Heroes/Mannequin/Animations/Locomotion/Pistol/MM_Pistol_Crouch_Walk_Right_Pivot.MM_Pistol_Crouch_Walk_Right_Pivot,/Script/Engine.AnimSequence,36285,36285,0,0,48523
/Game/Characters/Heroes/Mannequin/Animations/Locomotion/Pistol/MM_Pistol_Crouch_Walk_Right_Start.MM_Pistol_Crouch_Walk_Right_Start,/Script/Engine.AnimSequence,31673,31673,0,0,39627
/Game/Characters/Heroes/Mannequin/Animations/Locomotion/Pistol/MM_Pistol_Crouch_Walk_Right_Stop.MM_Pistol_Crouch_Walk_Right_Stop,/Script/Engine.AnimSequence,21541,21541,0,0,29847
/Game/Characters/Heroes/Mannequin/Animations/Locomotion/Pistol/MM_Pistol_Idle_ADS.MM_Pistol_Idle_ADS,/Script/Engine.AnimSequence,29591,29591,0,0,49752
/Game/Characters/Heroes/Mannequin/Animations/Locomotion/Pistol/MM_Pistol_Idle_Hipfire.MM_Pistol_Idle_Hipfire,/Script/Engine.AnimSequence,51800,51800,0,0,86872
/Game/Characters/Heroes/Mannequin/Animations/Locomotion/Pistol/MM_Pistol_IdleBreak_Scan.MM_Pistol_IdleBreak_Scan,/Script/Engine.AnimSequence,63355,63355,0,0,91148
/Game/Characters/Heroes/Mannequin/Animations/Locomotion/Pistol/MM_Pistol_Jog_Bwd.MM_Pistol_Jog_Bwd,/Script/Engine.AnimSequence,17937,17937,0,0,23973
/Game/Characters/Heroes/Mannequin/Animations/Locomotion/Pistol/MM_Pistol_Jog_Bwd_Start.MM_Pistol_Jog_Bwd_Start,/Script/Engine.AnimSequence,32011,32011,0,0,42669
/Game/Characters/Heroes/Mannequin/Animations/Locomotion/Pistol/MM_Pistol_Jog_Bwd_Stop.MM_Pistol_Jog_Bwd_Stop,/Script/Engine.AnimSequence,15789,15789,0,0,22115
/Game/Characters/Heroes/Mannequin/Animations/Locomotion/Pistol/MM_Pistol_Jog_Fwd.MM_Pistol_Jog_Fwd,/Script/Engine.AnimSequence,17897,17897,0,0,24337
/Game/Characters/Heroes/Mannequin/Animations/Locomotion/Pistol/MM_Pistol_Jog_Fwd_Start.MM_Pistol_Jog_Fwd_Start,/Script/Engine.AnimSequence,28237,28237,0,0,37179
/Game/Characters/Heroes/Mannequin/Animations/Locomotion/Pistol/MM_Pistol_Jog_Fwd_Stop.MM_Pistol_Jog_Fwd_Stop,/Script/Engine.AnimSequence,17185,17185,0,0,24767
/Game/Characters/Heroes/Mannequin/Animations/Locomotion/Pistol/MM_Pistol_Jog_Left.MM_Pistol_Jog_Left,/Script/Engine.AnimSequence,16346,16346,0,0,22537
/Game/Characters/Heroes/Mannequin/Animations/Locomotion/Pistol/MM_Pistol_Jog_Left_Start.MM_Pistol_Jog_Left_Start,/Script/Engine.AnimSequence,32599,32599,0,0,44643
/Game/Characters/Heroes/Mannequin/Animations/Locomotion/Pistol/MM_Pistol_Jog_Left_Stop.MM_Pistol_Jog_Left_Stop,/Script/Engine.AnimSequence,19360,19360,0,0,26359
/Game/Characters/Heroes/Mannequin/Animations/Locomotion/Pistol/MM_Pistol_Jog_Pivot_Bwd.MM_Pistol_Jog_Pivot_Bwd,/Script/Engine.AnimSequence,32437,32437,0,0,43653
/Game/Characters/Heroes/Mannequin/Animations/Locomotion/Pistol/MM_Pistol_Jog_Pivot_Fwd.MM_Pistol_Jog_Pivot_Fwd,/Script/Engine.AnimSequence,25091,25091,0,0,34079
/Game/Characters/Heroes/Mannequin/Animations/Locomotion/Pistol/MM_Pistol_Jog_Pivot_Left.MM_Pistol_Jog_Pivot_Left,/Script/Engine.AnimSequence,28300,28300,0,0,38491
/Game/Characters/Heroes/Mannequin/Animations/Locomotion/Pistol/MM_Pistol_Jog_Pivot_Right.MM_Pistol_Jog_Pivot_Right,/Script/Engine.AnimSequence,32083,32083,0,0,43215
/Game/Characters/Heroes/Mannequin/Animations/Locomotion/Pistol/MM_Pistol_Jog_Right.MM_Pistol_Jog_Right,/Script/Engine.AnimSequence,17432,17432,0,0,23829
/Game/Characters/Heroes/Mannequin/Animations/Locomotion/Pistol/MM_Pistol_Jog_Right_Start.MM_Pistol_Jog_Right_Start,/Script/Engine.AnimSequence,35308,35308,0,0,47461
/Game/Characters/Heroes/Mannequin/Animations/Locomotion/Pistol/MM_Pistol_Jog_Right_Stop.MM_Pistol_Jog_Right_Stop,/Script/Engine.AnimSequence,25818,25818,0,0,35619
/Game/Characters/Heroes/Mannequin/Animations/Locomotion/Pistol/MM_Pistol_Jump_Apex.MM_Pistol_Jump_Apex,/Script/Engine.AnimSequence,11376,11376,0,0,14854
/Game/Characters/Heroes/Mannequin/Animations/Locomotion/Pistol/MM_Pistol_Jump_Fall_Land.MM_Pistol_Jump_Fall_Land,/Script/Engine.AnimSequence,7729,7729,0,0,11556
/Game/Characters/Heroes/Mannequin/Animations/Locomotion/Pistol/MM_Pistol_Jump_Fall_Loop.MM_Pistol_Jump_Fall_Loop,/Script/Engine.AnimSequence,12603,12603,0,0,17286
/Game/Characters/Heroes/Mannequin/Animations/Locomotion/Pistol/MM_Pistol_Jump_RecoveryAdditive.MM_Pistol_Jump_RecoveryAdditive,/Script/Engine.AnimSequence,8737,8737,0,0,12482
/Game/Characters/Heroes/Mannequin/Animations/Locomotion/Pistol/MM_Pistol_Jump_Start.MM_Pistol_Jump_Start,/Script/Engine.AnimSequence,5577,5577,0,0,8830
/Game/Characters/Heroes/Mannequin/Animations/Locomotion/Pistol/MM_Pistol_Jump_Start_Loop.MM_Pistol_Jump_Start_Loop,/Script/Engine.AnimSequence,13816,13816,0,0,18658
/Game/Characters/Heroes/Mannequin/Animations/Locomotion/Pistol/MM_Pistol_TurnLeft_90.MM_Pistol_TurnLeft_90,/Script/Engine.AnimSequence,21855,21855,0,0,29451
/Game/Characters/Heroes/Mannequin/Animations/Locomotion/Pistol/MM_Pistol_TurnRight_90.MM_Pistol_TurnRight_90,/Script/Engine.AnimSequence,23407,23407,0,0,31015
/Game/Characters/Heroes/Mannequin/Animations/Locomotion/Pistol/MM_Pistol_Walk_Bwd.MM_Pistol_Walk_Bwd,/Script/Engine.AnimSequence,15692,15692,0,0,21721
/Game/Characters/Heroes/Mannequin/Animations/Locomotion/Pistol/MM_Pistol_Walk_Bwd_Pivot.MM_Pistol_Walk_Bwd_Pivot,/Script/Engine.AnimSequence,38518,38518,0,0,51441
/Game/Characters/Heroes/Mannequin/Animations/Locomotion/Pistol/MM_Pistol_Walk_Bwd_Start.MM_Pistol_Walk_Bwd_Start,/Script/Engine.AnimSequence,28063,28063,0,0,37027
/Game/Characters/Heroes/Mannequin/Animations/Locomotion/Pistol/MM_Pistol_Walk_Bwd_Stop.MM_Pistol_Walk_Bwd_Stop,/Script/Engine.AnimSequence,21727,21727,0,0,29412
/Game/Characters/Heroes/Mannequin/Animations/Locomotion/Pistol/MM_Pistol_Walk_Fwd.MM_Pistol_Walk_Fwd,/Script/Engine.AnimSequence,18681,18681,0,0,26125
/Game/Characters/Heroes/Mannequin/Animations/Locomotion/Pistol/MM_Pistol_Walk_Fwd_Pivot.MM_Pistol_Walk_Fwd_Pivot,/Script/Engine.AnimSequence,28732,28732,0,0,38755
/Game/Characters/Heroes/Mannequin/Animations/Locomotion/Pistol/MM_Pistol_Walk_Fwd_Start.MM_Pistol_Walk_Fwd_Start,/Script/Engine.AnimSequence,25631,25631,0,0,32943
/Game/Characters/Heroes/Mannequin/Animations/Locomotion/Pistol/MM_Pistol_Walk_Fwd_Stop.MM_Pistol_Walk_Fwd_Stop,/Script/Engine.AnimSequence,20684,20684,0,0,29751
/Game/Characters/Heroes/Mannequin/Animations/Locomotion/Pistol/MM_Pistol_Walk_Left.MM_Pistol_Walk_Left,/Script/Engine.AnimSequence,16919,16919,0,0,23653
/Game/Characters/Heroes/Mannequin/Animations/Locomotion/Pistol/MM_Pistol_Walk_Left_Pivot.MM_Pistol_Walk_Left_Pivot,/Script/Engine.AnimSequence,29911,29911,0,0,46229
/Game/Characters/Heroes/Mannequin/Animations/Locomotion/Pistol/MM_Pistol_Walk_Left_Start.MM_Pistol_Walk_Left_Start,/Script/Engine.AnimSequence,23960,23960,0,0,32397
/Game/Characters/Heroes/Mannequin/Animations/Locomotion/Pistol/MM_Pistol_Walk_Left_Stop.MM_Pistol_Walk_Left_Stop,/Script/Engine.AnimSequence,18411,18411,0,0,23759
/Game/Characters/Heroes/Mannequin/Animations/Locomotion/Pistol/MM_Pistol_Walk_Right.MM_Pistol_Walk_Right,/Script/Engine.AnimSequence,10353,10353,0,0,15319
/Game/Characters/Heroes/Mannequin/Animations/Locomotion/Pistol/MM_Pistol_Walk_Right_Pivot.MM_Pistol_Walk_Right_Pivot,/Script/Engine.AnimSequence,36205,36205,0,0,53321
/Game/Characters/Heroes/Mannequin/Animations/Locomotion/Pistol/MM_Pistol_Walk_Right_Start.MM_Pistol_Walk_Right_Start,/Script/Engine.AnimSequence,24759,24759,0,0,32321
/Game/Characters/Heroes/Mannequin/Animations/Locomotion/Pistol/MM_Pistol_Walk_Right_Stop.MM_Pistol_Walk_Right_Stop,/Script/Engine.AnimSequence,15725,15725,0,0,21367
/Game/Characters/Heroes/Mannequin/Animations/Locomotion/Rifle/MF_Rifle_Idle_ADS.MF_Rifle_Idle_ADS,/Script/Engine.AnimSequence,56857,56857,0,0,100329
/Game/Characters/Heroes/Mannequin/Animations/Locomotion/Rifle/MF_Rifle_Idle_Hipfire.MF_Rifle_Idle_Hipfire,/Script/Engine.AnimSequence,61739,61739,0,0,104237
/Game/Characters/Heroes/Mannequin/Animations/Locomotion/Rifle/Mf_Rifle_IdleBreak_Fidget.Mf_Rifle_IdleBreak_Fidget,/Script/Engine.AnimSequence,110915,110915,0,0,154677
/Game/Characters/Heroes/Mannequin/Animations/Locomotion/Rifle/MF_Rifle_Jog_Bwd.MF_Rifle_Jog_Bwd,/Script/Engine.AnimSequence,31399,31399,0,0,51700
/Game/Characters/Heroes/Mannequin/Animations/Locomotion/Rifle/MF_Rifle_Jog_Bwd_Pivot.MF_Rifle_Jog_Bwd_Pivot,/Script/Engine.AnimSequence,43188,43188,0,0,63006
/Game/Characters/Heroes/Mannequin/Animations/Locomotion/Rifle/MF_Rifle_Jog_Bwd_Start.MF_Rifle_Jog_Bwd_Start,/Script/Engine.AnimSequence,40111,40111,0,0,61536
/Game/Characters/Heroes/Mannequin/Animations/Locomotion/Rifle/MF_Rifle_Jog_Bwd_Stop.MF_Rifle_Jog_Bwd_Stop,/Script/Engine.AnimSequence,43337,43337,0,0,66178
/Game/Characters/Heroes/Mannequin/Animations/Locomotion/Rifle/MF_Rifle_Jog_Fwd.MF_Rifle_Jog_Fwd,/Script/Engine.AnimSequence,31165,31165,0,0,49160
/Game/Characters/Heroes/Mannequin/Animations/Locomotion/Rifle/MF_Rifle_Jog_Fwd_Pivot.MF_Rifle_Jog_Fwd_Pivot,/Script/Engine.AnimSequence,37852,37852,0,0,59576
/Game/Characters/Heroes/Mannequin/Animations/Locomotion/Rifle/MF_Rifle_Jog_Fwd_Start.MF_Rifle_Jog_Fwd_Start,/Script/Engine.AnimSequence,35480,35480,0,0,54806
/Game/Characters/Heroes/Mannequin/Animations/Locomotion/Rifle/MF_Rifle_Jog_Fwd_Stop.MF_Rifle_Jog_Fwd_Stop,/Script/Engine.AnimSequence,41442,41442,0,0,63394
/Game/Characters/Heroes/Mannequin/Animations/Locomotion/Rifle/MF_Rifle_Jog_Left.MF_Rifle_Jog_Left,/Script/Engine.AnimSequence,15682,15682,0,0,30080
/Game/Characters/Heroes/Mannequin/Animations/Locomotion/Rifle/MF_Rifle_Jog_Left_Pivot.MF_Rifle_Jog_Left_Pivot,/Script/Engine.AnimSequence,43087,43087,0,0,69410
/Game/Characters/Heroes/Mannequin/Animations/Locomotion/Rifle/MF_Rifle_Jog_Left_Start.MF_Rifle_Jog_Left_Start,/Script/Engine.AnimSequence,40987,40987,0,0,61848
/Game/Characters/Heroes/Mannequin/Animations/Locomotion/Rifle/MF_Rifle_Jog_Left_Stop.MF_Rifle_Jog_Left_Stop,/Script/Engine.AnimSequence,46081,46081,0,0,69894
/Game/Characters/Heroes/Mannequin/Animations/Locomotion/Rifle/MF_Rifle_Jog_Right.MF_Rifle_Jog_Right,/Script/Engine.AnimSequence,21962,21962,0,0,39756
/Game/Characters/Heroes/Mannequin/Animations/Locomotion/Rifle/MF_Rifle_Jog_Right_Pivot.MF_Rifle_Jog_Right_Pivot,/Script/Engine.AnimSequence,36500,36500,0,0,55534
/Game/Characters/Heroes/Mannequin/Animations/Locomotion/Rifle/MF_Rifle_Jog_Right_Start.MF_Rifle_Jog_Right_Start,/Script/Engine.AnimSequence,40037,40037,0,0,60136
/Game/Characters/Heroes/Mannequin/Animations/Locomotion/Rifle/MF_Rifle_Jog_Right_Stop.MF_Rifle_Jog_Right_Stop,/Script/Engine.AnimSequence,44795,44795,0,0,71730
/Game/Characters/Heroes/Mannequin/Animations/Locomotion/Rifle/MF_Rifle_TurnLeft_90.MF_Rifle_TurnLeft_90,/Script/Engine.AnimSequence,29616,29616,0,0,48862
/Game/Characters/Heroes/Mannequin/Animations/Locomotion/Rifle/MF_Rifle_TurnRight_90.MF_Rifle_TurnRight_90,/Script/Engine.AnimSequence,32737,32737,0,0,55154
/Game/Characters/Heroes/Mannequin/Animations/Locomotion/Rifle/MF_Rifle_Walk_Bwd.MF_Rifle_Walk_Bwd,/Script/Engine.AnimSequence,25665,25665,0,0,43732
/Game/Characters/Heroes/Mannequin/Animations/Locomotion/Rifle/MF_Rifle_Walk_Bwd_Pivot.MF_Rifle_Walk_Bwd_Pivot,/Script/Engine.AnimSequence,41959,41959,0,0,63272
/Game/Characters/Heroes/Mannequin/Animations/Locomotion/Rifle/MF_Rifle_Walk_Bwd_Start.MF_Rifle_Walk_Bwd_Start,/Script/Engine.AnimSequence,36402,36402,0,0,56424
/Game/Characters/Heroes/Mannequin/Animations/Locomotion/Rifle/MF_Rifle_Walk_Bwd_Stop.MF_Rifle_Walk_Bwd_Stop,/Script/Engine.AnimSequence,39263,39263,0,0,61686
/Game/Characters/Heroes/Mannequin/Animations/Locomotion/Rifle/MF_Rifle_Walk_Fwd.MF_Rifle_Walk_Fwd,/Script/Engine.AnimSequence,27947,27947,0,0,45408
/Game/Characters/Heroes/Mannequin/Animations/Locomotion/Rifle/MF_Rifle_Walk_Fwd_Pivot.MF_Rifle_Walk_Fwd_Pivot,/Script/Engine.AnimSequence,31937,31937,0,0,51884
/Game/Characters/Heroes/Mannequin/Animations/Locomotion/Rifle/MF_Rifle_Walk_Fwd_Start.MF_Rifle_Walk_Fwd_Start,/Script/Engine.AnimSequence,38925,38925,0,0,59244
/Game/Characters/Heroes/Mannequin/Animations/Locomotion/Rifle/MF_Rifle_Walk_Fwd_Stop.MF_Rifle_Walk_Fwd_Stop,/Script/Engine.AnimSequence,38705,38705,0,0,61350
/Game/Characters/Heroes/Mannequin/Animations/Locomotion/Rifle/MF_Rifle_Walk_Left.MF_Rifle_Walk_Left,/Script/Engine.AnimSequence,25929,25929,0,0,43704
/Game/Characters/Heroes/Mannequin/Animations/Locomotion/Rifle/MF_Rifle_Walk_Left_Pivot.MF_Rifle_Walk_Left_Pivot,/Script/Engine.AnimSequence,31722,31722,0,0,43601
/Game/Characters/Heroes/Mannequin/Animations/Locomotion/Rifle/MF_Rifle_Walk_Left_Start.MF_Rifle_Walk_Left_Start,/Script/Engine.AnimSequence,33325,33325,0,0,52820
/Game/Characters/Heroes/Mannequin/Animations/Locomotion/Rifle/MF_Rifle_Walk_Left_Stop.MF_Rifle_Walk_Left_Stop,/Script/Engine.AnimSequence,41254,41254,0,0,63698
/Game/Characters/Heroes/Mannequin/Animations/Locomotion/Rifle/MF_Rifle_Walk_Right.MF_Rifle_Walk_Right,/Script/Engine.AnimSequence,30068,30068,0,0,48988
/Game/Characters/Heroes/Mannequin/Animations/Locomotion/Rifle/MF_Rifle_Walk_Right_Pivot.MF_Rifle_Walk_Right_Pivot,/Script/Engine.AnimSequence,36058,36058,0,0,56844
/Game/Characters/Heroes/Mannequin/Animations/Locomotion/Rifle/MF_Rifle_Walk_Right_Start.MF_Rifle_Walk_Right_Start,/Script/Engine.AnimSequence,32185,32185,0,0,50352
/Game/Characters/Heroes/Mannequin/Animations/Locomotion/Rifle/MF_Rifle_Walk_Right_Stop.MF_Rifle_Walk_Right_Stop,/Script/Engine.AnimSequence,36721,36721,0,0,57090
/Game/Characters/Heroes/Mannequin/Animations/Locomotion/Rifle/MM_Rifle_Crouch_Entry.MM_Rifle_Crouch_Entry,/Script/Engine.AnimSequence,12099,12099,0,0,15904
/Game/Characters/Heroes/Mannequin/Animations/Locomotion/Rifle/MM_Rifle_Crouch_Exit.MM_Rifle_Crouch_Exit,/Script/Engine.AnimSequence,13504,13504,0,0,17968
/Game/Characters/Heroes/Mannequin/Animations/Locomotion/Rifle/MM_Rifle_Crouch_Idle.MM_Rifle_Crouch_Idle,/Script/Engine.AnimSequence,42505,42505,0,0,61420
/Game/Characters/Heroes/Mannequin/Animations/Locomotion/Rifle/MM_Rifle_Crouch_OverridePose.MM_Rifle_Crouch_OverridePose,/Script/Engine.AnimSequence,2986,2986,0,0,5525
/Game/Characters/Heroes/Mannequin/Animations/Locomotion/Rifle/MM_Rifle_Crouch_TurnLeft_90.MM_Rifle_Crouch_TurnLeft_90,/Script/Engine.AnimSequence,25913,25913,0,0,33231
/Game/Characters/Heroes/Mannequin/Animations/Locomotion/Rifle/MM_Rifle_Crouch_TurnRight_90.MM_Rifle_Crouch_TurnRight_90,/Script/Engine.AnimSequence,23431,23431,0,0,30359
/Game/Characters/Heroes/Mannequin/Animations/Locomotion/Rifle/MM_Rifle_Crouch_Walk_Bwd.MM_Rifle_Crouch_Walk_Bwd,/Script/Engine.AnimSequence,17737,17737,0,0,23977
/Game/Characters/Heroes/Mannequin/Animations/Locomotion/Rifle/MM_Rifle_Crouch_Walk_Bwd_Pivot.MM_Rifle_Crouch_Walk_Bwd_Pivot,/Script/Engine.AnimSequence,32379,32379,0,0,40819
/Game/Characters/Heroes/Mannequin/Animations/Locomotion/Rifle/MM_Rifle_Crouch_Walk_Bwd_Start.MM_Rifle_Crouch_Walk_Bwd_Start,/Script/Engine.AnimSequence,34705,34705,0,0,44141
/Game/Characters/Heroes/Mannequin/Animations/Locomotion/Rifle/MM_Rifle_Crouch_Walk_Bwd_Stop.MM_Rifle_Crouch_Walk_Bwd_Stop,/Script/Engine.AnimSequence,28705,28705,0,0,37331
/Game/Characters/Heroes/Mannequin/Animations/Locomotion/Rifle/MM_Rifle_Crouch_Walk_Fwd.MM_Rifle_Crouch_Walk_Fwd,/Script/Engine.AnimSequence,26970,26970,0,0,35269
/Game/Characters/Heroes/Mannequin/Animations/Locomotion/Rifle/MM_Rifle_Crouch_Walk_Fwd_Pivot.MM_Rifle_Crouch_Walk_Fwd_Pivot,/Script/Engine.AnimSequence,35180,35180,0,0,44817
/Game/Characters/Heroes/Mannequin/Animations/Locomotion/Rifle/MM_Rifle_Crouch_Walk_Fwd_Start.MM_Rifle_Crouch_Walk_Fwd_Start,/Script/Engine.AnimSequence,32314,32314,0,0,41113
/Game/Characters/Heroes/Mannequin/Animations/Locomotion/Rifle/MM_Rifle_Crouch_Walk_Fwd_Stop.MM_Rifle_Crouch_Walk_Fwd_Stop,/Script/Engine.AnimSequence,29316,29316,0,0,39519
/Game/Characters/Heroes/Mannequin/Animations/Locomotion/Rifle/MM_Rifle_Crouch_Walk_Left.MM_Rifle_Crouch_Walk_Left,/Script/Engine.AnimSequence,16754,16754,0,0,23061
/Game/Characters/Heroes/Mannequin/Animations/Locomotion/Rifle/MM_Rifle_Crouch_Walk_Left_Pivot.MM_Rifle_Crouch_Walk_Left_Pivot,/Script/Engine.AnimSequence,28894,28894,0,0,37033
/Game/Characters/Heroes/Mannequin/Animations/Locomotion/Rifle/MM_Rifle_Crouch_Walk_Left_Start.MM_Rifle_Crouch_Walk_Left_Start,/Script/Engine.AnimSequence,31839,31839,0,0,40985
/Game/Characters/Heroes/Mannequin/Animations/Locomotion/Rifle/MM_Rifle_Crouch_Walk_Left_Stop.MM_Rifle_Crouch_Walk_Left_Stop,/Script/Engine.AnimSequence,28598,28598,0,0,37579
/Game/Characters/Heroes/Mannequin/Animations/Locomotion/Rifle/MM_Rifle_Crouch_Walk_Right.MM_Rifle_Crouch_Walk_Right,/Script/Engine.AnimSequence,17704,17704,0,0,24449
/Game/Characters/Heroes/Mannequin/Animations/Locomotion/Rifle/MM_Rifle_Crouch_Walk_Right_Pivot.MM_Rifle_Crouch_Walk_Right_Pivot,/Script/Engine.AnimSequence,31817,31817,0,0,40145
/Game/Characters/Heroes/Mannequin/Animations/Locomotion/Rifle/MM_Rifle_Crouch_Walk_Right_Start.MM_Rifle_Crouch_Walk_Right_Start,/Script/Engine.AnimSequence,33471,33471,0,0,41779
/Game/Characters/Heroes/Mannequin/Animations/Locomotion/Rifle/MM_Rifle_Crouch_Walk_Right_Stop.MM_Rifle_Crouch_Walk_Right_Stop,/Script/Engine.AnimSequence,25364,25364,0,0,33783
/Game/Characters/Heroes/Mannequin/Animations/Locomotion/Rifle/MM_Rifle_Hipfire_OverridePose.MM_Rifle_Hipfire_OverridePose,/Script/Engine.AnimSequence,2953,2953,0,0,5515
/Game/Characters/Heroes/Mannequin/Animations/Locomotion/Rifle/MM_Rifle_Idle_ADS.MM_Rifle_Idle_ADS,/Script/Engine.AnimSequence,24847,24847,0,0,50136
/Game/Characters/Heroes/Mannequin/Animations/Locomotion/Rifle/MM_Rifle_Idle_Hipfire.MM_Rifle_Idle_Hipfire,/Script/Engine.AnimSequence,72080,72080,0,0,117296
/Game/Characters/Heroes/Mannequin/Animations/Locomotion/Rifle/MM_Rifle_IdleBreak_Fidget.MM_Rifle_IdleBreak_Fidget,/Script/Engine.AnimSequence,51832,51832,0,0,70996
/Game/Characters/Heroes/Mannequin/Animations/Locomotion/Rifle/MM_Rifle_IdleBreak_Scan.MM_Rifle_IdleBreak_Scan,/Script/Engine.AnimSequence,70992,70992,0,0,107272
/Game/Characters/Heroes/Mannequin/Animations/Locomotion/Rifle/MM_Rifle_Jog_Bwd.MM_Rifle_Jog_Bwd,/Script/Engine.AnimSequence,23170,23170,0,0,31345
/Game/Characters/Heroes/Mannequin/Animations/Locomotion/Rifle/MM_Rifle_Jog_Bwd_Pivot.MM_Rifle_Jog_Bwd_Pivot,/Script/Engine.AnimSequence,37265,37265,0,0,48739
/Game/Characters/Heroes/Mannequin/Animations/Locomotion/Rifle/MM_Rifle_Jog_Bwd_Start.MM_Rifle_Jog_Bwd_Start,/Script/Engine.AnimSequence,34825,34825,0,0,43989
/Game/Characters/Heroes/Mannequin/Animations/Locomotion/Rifle/MM_Rifle_Jog_Bwd_Stop.MM_Rifle_Jog_Bwd_Stop,/Script/Engine.AnimSequence,315529,315529,0,0,385972
/Game/Characters/Heroes/Mannequin/Animations/Locomotion/Rifle/MM_Rifle_Jog_Fwd.MM_Rifle_Jog_Fwd,/Script/Engine.AnimSequence,26563,26563,0,0,35185
/Game/Characters/Heroes/Mannequin/Animations/Locomotion/Rifle/MM_Rifle_Jog_Fwd_Pivot.MM_Rifle_Jog_Fwd_Pivot,/Script/Engine.AnimSequence,27840,27840,0,0,35719
/Game/Characters/Heroes/Mannequin/Animations/Locomotion/Rifle/MM_Rifle_Jog_Fwd_Start.MM_Rifle_Jog_Fwd_Start,/Script/Engine.AnimSequence,36762,36762,0,0,55229
/Game/Characters/Heroes/Mannequin/Animations/Locomotion/Rifle/MM_Rifle_Jog_Fwd_Stop.MM_Rifle_Jog_Fwd_Stop,/Script/Engine.AnimSequence,20169,20169,0,0,26223
/Game/Characters/Heroes/Mannequin/Animations/Locomotion/Rifle/MM_Rifle_Jog_Lean_Center.MM_Rifle_Jog_Lean_Center,/Script/Engine.AnimSequence,596,596,0,0,1050
/Game/Characters/Heroes/Mannequin/Animations/Locomotion/Rifle/MM_Rifle_Jog_Lean_Right.MM_Rifle_Jog_Lean_Right,/Script/Engine.AnimSequence,881,881,0,0,1610
/Game/Characters/Heroes/Mannequin/Animations/Locomotion/Rifle/MM_Rifle_Jog_Leans_Left.MM_Rifle_Jog_Leans_Left,/Script/Engine.AnimSequence,875,875,0,0,1606
/Game/Characters/Heroes/Mannequin/Animations/Locomotion/Rifle/MM_Rifle_Jog_Left.MM_Rifle_Jog_Left,/Script/Engine.AnimSequence,21842,21842,0,0,30257
/Game/Characters/Heroes/Mannequin/Animations/Locomotion/Rifle/MM_Rifle_Jog_Left_Pivot.MM_Rifle_Jog_Left_Pivot,/Script/Engine.AnimSequence,31182,31182,0,0,41035
/Game/Characters/Heroes/Mannequin/Animations/Locomotion/Rifle/MM_Rifle_Jog_Left_Start.MM_Rifle_Jog_Left_Start,/Script/Engine.AnimSequence,35567,35567,0,0,47051
/Game/Characters/Heroes/Mannequin/Animations/Locomotion/Rifle/MM_Rifle_Jog_Left_Stop.MM_Rifle_Jog_Left_Stop,/Script/Engine.AnimSequence,30716,30716,0,0,39767
/Game/Characters/Heroes/Mannequin/Animations/Locomotion/Rifle/MM_Rifle_Jog_Right.MM_Rifle_Jog_Right,/Script/Engine.AnimSequence,16579,16579,0,0,23129
/Game/Characters/Heroes/Mannequin/Animations/Locomotion/Rifle/MM_Rifle_Jog_Right_Pivot.MM_Rifle_Jog_Right_Pivot,/Script/Engine.AnimSequence,32773,32773,0,0,42771
/Game/Characters/Heroes/Mannequin/Animations/Locomotion/Rifle/MM_Rifle_Jog_Right_Start.MM_Rifle_Jog_Right_Start,/Script/Engine.AnimSequence,29184,29184,0,0,36691
/Game/Characters/Heroes/Mannequin/Animations/Locomotion/Rifle/MM_Rifle_Jog_Right_Stop.MM_Rifle_Jog_Right_Stop,/Script/Engine.AnimSequence,23275,23275,0,0,29583
/Game/Characters/Heroes/Mannequin/Animations/Locomotion/Rifle/MM_Rifle_Jump_Apex.MM_Rifle_Jump_Apex,/Script/Engine.AnimSequence,11846,11846,0,0,15118
/Game/Characters/Heroes/Mannequin/Animations/Locomotion/Rifle/MM_Rifle_Jump_Fall_Land.MM_Rifle_Jump_Fall_Land,/Script/Engine.AnimSequence,8453,8453,0,0,12308
/Game/Characters/Heroes/Mannequin/Animations/Locomotion/Rifle/MM_Rifle_Jump_Fall_Loop.MM_Rifle_Jump_Fall_Loop,/Script/Engine.AnimSequence,28867,28867,0,0,36152
/Game/Characters/Heroes/Mannequin/Animations/Locomotion/Rifle/MM_Rifle_Jump_RecoveryAdditive.MM_Rifle_Jump_RecoveryAdditive,/Script/Engine.AnimSequence,11753,11753,0,0,16563
/Game/Characters/Heroes/Mannequin/Animations/Locomotion/Rifle/MM_Rifle_Jump_Start.MM_Rifle_Jump_Start,/Script/Engine.AnimSequence,6451,6451,0,0,9598
/Game/Characters/Heroes/Mannequin/Animations/Locomotion/Rifle/MM_Rifle_Jump_Start_Loop.MM_Rifle_Jump_Start_Loop,/Script/Engine.AnimSequence,22148,22148,0,0,28982
/Game/Characters/Heroes/Mannequin/Animations/Locomotion/Rifle/MM_Rifle_TurnLeft_90.MM_Rifle_TurnLeft_90,/Script/Engine.AnimSequence,21524,21524,0,0,29439
/Game/Characters/Heroes/Mannequin/Animations/Locomotion/Rifle/MM_Rifle_TurnRight_90.MM_Rifle_TurnRight_90,/Script/Engine.AnimSequence,22704,22704,0,0,30115
/Game/Characters/Heroes/Mannequin/Animations/Locomotion/Rifle/MM_Rifle_Walk_Bwd.MM_Rifle_Walk_Bwd,/Script/Engine.AnimSequence,27462,27462,0,0,38561
/Game/Characters/Heroes/Mannequin/Animations/Locomotion/Rifle/MM_Rifle_Walk_Bwd_Pivot.MM_Rifle_Walk_Bwd_Pivot,/Script/Engine.AnimSequence,28427,28427,0,0,37957
/Game/Characters/Heroes/Mannequin/Animations/Locomotion/Rifle/MM_Rifle_Walk_Bwd_Start.MM_Rifle_Walk_Bwd_Start,/Script/Engine.AnimSequence,30829,30829,0,0,40085
/Game/Characters/Heroes/Mannequin/Animations/Locomotion/Rifle/MM_Rifle_Walk_Bwd_Stop.MM_Rifle_Walk_Bwd_Stop,/Script/Engine.AnimSequence,32744,32744,0,0,45071
/Game/Characters/Heroes/Mannequin/Animations/Locomotion/Rifle/MM_Rifle_Walk_Fwd.MM_Rifle_Walk_Fwd,/Script/Engine.AnimSequence,26355,26355,0,0,36209
/Game/Characters/Heroes/Mannequin/Animations/Locomotion/Rifle/MM_Rifle_Walk_Fwd_Pivot.MM_Rifle_Walk_Fwd_Pivot,/Script/Engine.AnimSequence,30762,30762,0,0,41927
/Game/Characters/Heroes/Mannequin/Animations/Locomotion/Rifle/MM_Rifle_Walk_Fwd_Start.MM_Rifle_Walk_Fwd_Start,/Script/Engine.AnimSequence,32207,32207,0,0,42961
/Game/Characters/Heroes/Mannequin/Animations/Locomotion/Rifle/MM_Rifle_Walk_Fwd_Stop.MM_Rifle_Walk_Fwd_Stop,/Script/Engine.AnimSequence,29585,29585,0,0,39267
/Game/Characters/Heroes/Mannequin/Animations/Locomotion/Rifle/MM_Rifle_Walk_Left.MM_Rifle_Walk_Left,/Script/Engine.AnimSequence,19489,19489,0,0,27273
/Game/Characters/Heroes/Mannequin/Animations/Locomotion/Rifle/MM_Rifle_Walk_Left_Pivot.MM_Rifle_Walk_Left_Pivot,/Script/Engine.AnimSequence,26178,26178,0,0,35063
/Game/Characters/Heroes/Mannequin/Animations/Locomotion/Rifle/MM_Rifle_Walk_Left_Start.MM_Rifle_Walk_Left_Start,/Script/Engine.AnimSequence,29674,29674,0,0,39593
/Game/Characters/Heroes/Mannequin/Animations/Locomotion/Rifle/MM_Rifle_Walk_Left_Stop.MM_Rifle_Walk_Left_Stop,/Script/Engine.AnimSequence,30697,30697,0,0,41887
/Game/Characters/Heroes/Mannequin/Animations/Locomotion/Rifle/MM_Rifle_Walk_Right.MM_Rifle_Walk_Right,/Script/Engine.AnimSequence,18519,18519,0,0,26201
/Game/Characters/Heroes/Mannequin/Animations/Locomotion/Rifle/MM_Rifle_Walk_Right_Pivot.MM_Rifle_Walk_Right_Pivot,/Script/Engine.AnimSequence,27737,27737,0,0,37071
/Game/Characters/Heroes/Mannequin/Animations/Locomotion/Rifle/MM_Rifle_Walk_Right_Start.MM_Rifle_Walk_Right_Start,/Script/Engine.AnimSequence,26260,26260,0,0,35227
/Game/Characters/Heroes/Mannequin/Animations/Locomotion/Rifle/MM_Rifle_Walk_Right_Stop.MM_Rifle_Walk_Right_Stop,/Script/Engine.AnimSequence,33758,33758,0,0,45951
/Game/Characters/Heroes/Mannequin/Animations/Locomotion/Shotgun/MF_Shotgun_Idle_Hipfire.MF_Shotgun_Idle_Hipfire,/Script/Engine.AnimSequence,51598,51598,0,0,88733
/Game/Characters/Heroes/Mannequin/Animations/Locomotion/Shotgun/MM_Shotgun_Idle_Hipfire.MM_Shotgun_Idle_Hipfire,/Script/Engine.AnimSequence,62842,62842,0,0,106294
/Game/Characters/Heroes/Mannequin/Animations/Locomotion/Unarmed/MF_Unarmed_Idle_Break.MF_Unarmed_Idle_Break,/Script/Engine.AnimSequence,95035,95035,0,0,140957
/Game/Characters/Heroes/Mannequin/Animations/Locomotion/Unarmed/MF_Unarmed_Idle_Ready.MF_Unarmed_Idle_Ready,/Script/Engine.AnimSequence,48704,48704,0,0,84969
/Game/Characters/Heroes/Mannequin/Animations/Locomotion/Unarmed/MF_Unarmed_Jog_Bwd.MF_Unarmed_Jog_Bwd,/Script/Engine.AnimSequence,29472,29472,0,0,47496
/Game/Characters/Heroes/Mannequin/Animations/Locomotion/Unarmed/MF_Unarmed_Jog_Bwd_Pivot.MF_Unarmed_Jog_Bwd_Pivot,/Script/Engine.AnimSequence,40632,40632,0,0,61944
/Game/Characters/Heroes/Mannequin/Animations/Locomotion/Unarmed/MF_Unarmed_Jog_Bwd_Start.MF_Unarmed_Jog_Bwd_Start,/Script/Engine.AnimSequence,34626,34626,0,0,54194
/Game/Characters/Heroes/Mannequin/Animations/Locomotion/Unarmed/MF_Unarmed_Jog_Bwd_Stop.MF_Unarmed_Jog_Bwd_Stop,/Script/Engine.AnimSequence,42106,42106,0,0,65728
/Game/Characters/Heroes/Mannequin/Animations/Locomotion/Unarmed/MF_Unarmed_Jog_Fwd.MF_Unarmed_Jog_Fwd,/Script/Engine.AnimSequence,33735,33735,0,0,52096
/Game/Characters/Heroes/Mannequin/Animations/Locomotion/Unarmed/MF_Unarmed_Jog_Fwd_Pivot.MF_Unarmed_Jog_Fwd_Pivot,/Script/Engine.AnimSequence,33730,33730,0,0,52460
/Game/Characters/Heroes/Mannequin/Animations/Locomotion/Unarmed/MF_Unarmed_Jog_Fwd_Start.MF_Unarmed_Jog_Fwd_Start,/Script/Engine.AnimSequence,33934,33934,0,0,52996
/Game/Characters/Heroes/Mannequin/Animations/Locomotion/Unarmed/MF_Unarmed_Jog_Fwd_Stop.MF_Unarmed_Jog_Fwd_Stop,/Script/Engine.AnimSequence,33791,33791,0,0,53182
/Game/Characters/Heroes/Mannequin/Animations/Locomotion/Unarmed/MF_Unarmed_Jog_Left.MF_Unarmed_Jog_Left,/Script/Engine.AnimSequence,29409,29409,0,0,47080
/Game/Characters/Heroes/Mannequin/Animations/Locomotion/Unarmed/MF_Unarmed_Jog_Left_Pivot.MF_Unarmed_Jog_Left_Pivot,/Script/Engine.AnimSequence,38337,38337,0,0,59246
/Game/Characters/Heroes/Mannequin/Animations/Locomotion/Unarmed/MF_Unarmed_Jog_Left_Start.MF_Unarmed_Jog_Left_Start,/Script/Engine.AnimSequence,39478,39478,0,0,63628
/Game/Characters/Heroes/Mannequin/Animations/Locomotion/Unarmed/MF_Unarmed_Jog_Left_Stop.MF_Unarmed_Jog_Left_Stop,/Script/Engine.AnimSequence,38589,38589,0,0,60114
/Game/Characters/Heroes/Mannequin/Animations/Locomotion/Unarmed/MF_Unarmed_Jog_Right.MF_Unarmed_Jog_Right,/Script/Engine.AnimSequence,32579,32579,0,0,50964
/Game/Characters/Heroes/Mannequin/Animations/Locomotion/Unarmed/MF_Unarmed_Jog_Right_Pivot.MF_Unarmed_Jog_Right_Pivot,/Script/Engine.AnimSequence,40829,40829,0,0,61524
/Game/Characters/Heroes/Mannequin/Animations/Locomotion/Unarmed/MF_Unarmed_Jog_Right_Start.MF_Unarmed_Jog_Right_Start,/Script/Engine.AnimSequence,26321,26321,0,0,43844
/Game/Characters/Heroes/Mannequin/Animations/Locomotion/Unarmed/MF_Unarmed_Jog_Right_Stop.MF_Unarmed_Jog_Right_Stop,/Script/Engine.AnimSequence,38604,38604,0,0,59142
/Game/Characters/Heroes/Mannequin/Animations/Locomotion/Unarmed/MF_Unarmed_TurnLeft_90.MF_Unarmed_TurnLeft_90,/Script/Engine.AnimSequence,31320,31320,0,0,50058
/Game/Characters/Heroes/Mannequin/Animations/Locomotion/Unarmed/MF_Unarmed_TurnRight_90.MF_Unarmed_TurnRight_90,/Script/Engine.AnimSequence,31773,31773,0,0,50222
/Game/Characters/Heroes/Mannequin/Animations/Locomotion/Unarmed/MF_Unarmed_Walk_Bwd.MF_Unarmed_Walk_Bwd,/Script/Engine.AnimSequence,38262,38262,0,0,57658
/Game/Characters/Heroes/Mannequin/Animations/Locomotion/Unarmed/MF_Unarmed_Walk_Bwd_Pivot.MF_Unarmed_Walk_Bwd_Pivot,/Script/Engine.AnimSequence,61014,61014,0,0,85978
/Game/Characters/Heroes/Mannequin/Animations/Locomotion/Unarmed/MF_Unarmed_Walk_Bwd_Start.MF_Unarmed_Walk_Bwd_Start,/Script/Engine.AnimSequence,32433,32433,0,0,51380
/Game/Characters/Heroes/Mannequin/Animations/Locomotion/Unarmed/MF_Unarmed_Walk_Bwd_Stop.MF_Unarmed_Walk_Bwd_Stop,/Script/Engine.AnimSequence,38352,38352,0,0,59002
/Game/Characters/Heroes/Mannequin/Animations/Locomotion/Unarmed/MF_Unarmed_Walk_Fwd.MF_Unarmed_Walk_Fwd,/Script/Engine.AnimSequence,28236,28236,0,0,45968
/Game/Characters/Heroes/Mannequin/Animations/Locomotion/Unarmed/MF_Unarmed_Walk_Fwd_Pivot.MF_Unarmed_Walk_Fwd_Pivot,/Script/Engine.AnimSequence,42294,42294,0,0,63660
/Game/Characters/Heroes/Mannequin/Animations/Locomotion/Unarmed/MF_Unarmed_Walk_Left.MF_Unarmed_Walk_Left,/Script/Engine.AnimSequence,29438,29438,0,0,46696
/Game/Characters/Heroes/Mannequin/Animations/Locomotion/Unarmed/MF_Unarmed_Walk_Left_Pivot.MF_Unarmed_Walk_Left_Pivot,/Script/Engine.AnimSequence,52017,52017,0,0,75330
/Game/Characters/Heroes/Mannequin/Animations/Locomotion/Unarmed/MF_Unarmed_Walk_Left_Start.MF_Unarmed_Walk_Left_Start,/Script/Engine.AnimSequence,40398,40398,0,0,60546
/Game/Characters/Heroes/Mannequin/Animations/Locomotion/Unarmed/MF_Unarmed_Walk_Left_Stop.MF_Unarmed_Walk_Left_Stop,/Script/Engine.AnimSequence,34286,34286,0,0,53906
/Game/Characters/Heroes/Mannequin/Animations/Locomotion/Unarmed/MF_Unarmed_Walk_Right.MF_Unarmed_Walk_Right,/Script/Engine.AnimSequence,29489,29489,0,0,45801
/Game/Characters/Heroes/Mannequin/Animations/Locomotion/Unarmed/MF_Unarmed_Walk_Right_Pivot.MF_Unarmed_Walk_Right_Pivot,/Script/Engine.AnimSequence,51716,51716,0,0,74940
/Game/Characters/Heroes/Mannequin/Animations/Locomotion/Unarmed/MF_Unarmed_Walk_Right_Start.MF_Unarmed_Walk_Right_Start,/Script/Engine.AnimSequence,37149,37149,0,0,55924
/Game/Characters/Heroes/Mannequin/Animations/Locomotion/Unarmed/MF_Unarmed_Walk_Right_Stop.MF_Unarmed_Walk_Right_Stop,/Script/Engine.AnimSequence,29614,29614,0,0,47267
/Game/Characters/Heroes/Mannequin/Animations/Locomotion/Unarmed/MM_Unarmed_Crouch_Entry.MM_Unarmed_Crouch_Entry,/Script/Engine.AnimSequence,12018,12018,0,0,16272
/Game/Characters/Heroes/Mannequin/Animations/Locomotion/Unarmed/MM_Unarmed_Crouch_Exit.MM_Unarmed_Crouch_Exit,/Script/Engine.AnimSequence,14374,14374,0,0,18920
/Game/Characters/Heroes/Mannequin/Animations/Locomotion/Unarmed/MM_Unarmed_Crouch_Idle.MM_Unarmed_Crouch_Idle,/Script/Engine.AnimSequence,77018,77018,0,0,128692
/Game/Characters/Heroes/Mannequin/Animations/Locomotion/Unarmed/MM_Unarmed_Crouch_TurnLeft_90.MM_Unarmed_Crouch_TurnLeft_90,/Script/Engine.AnimSequence,31853,31853,0,0,39903
/Game/Characters/Heroes/Mannequin/Animations/Locomotion/Unarmed/MM_Unarmed_Crouch_TurnRight_90.MM_Unarmed_Crouch_TurnRight_90,/Script/Engine.AnimSequence,23839,23839,0,0,29319
/Game/Characters/Heroes/Mannequin/Animations/Locomotion/Unarmed/MM_Unarmed_Crouch_Walk_Bwd.MM_Unarmed_Crouch_Walk_Bwd,/Script/Engine.AnimSequence,25106,25106,0,0,32713
/Game/Characters/Heroes/Mannequin/Animations/Locomotion/Unarmed/MM_Unarmed_Crouch_Walk_Bwd_Pivot.MM_Unarmed_Crouch_Walk_Bwd_Pivot,/Script/Engine.AnimSequence,39330,39330,0,0,51287
/Game/Characters/Heroes/Mannequin/Animations/Locomotion/Unarmed/MM_Unarmed_Crouch_Walk_Bwd_Start.MM_Unarmed_Crouch_Walk_Bwd_Start,/Script/Engine.AnimSequence,20433,20433,0,0,27205
/Game/Characters/Heroes/Mannequin/Animations/Locomotion/Unarmed/MM_Unarmed_Crouch_Walk_Bwd_Stop.MM_Unarmed_Crouch_Walk_Bwd_Stop,/Script/Engine.AnimSequence,35481,35481,0,0,47653
/Game/Characters/Heroes/Mannequin/Animations/Locomotion/Unarmed/MM_Unarmed_Crouch_Walk_Fwd.MM_Unarmed_Crouch_Walk_Fwd,/Script/Engine.AnimSequence,25421,25421,0,0,33281
/Game/Characters/Heroes/Mannequin/Animations/Locomotion/Unarmed/MM_Unarmed_Crouch_Walk_Fwd_Pivot.MM_Unarmed_Crouch_Walk_Fwd_Pivot,/Script/Engine.AnimSequence,28557,28557,0,0,38703
/Game/Characters/Heroes/Mannequin/Animations/Locomotion/Unarmed/MM_Unarmed_Crouch_Walk_Fwd_Start.MM_Unarmed_Crouch_Walk_Fwd_Start,/Script/Engine.AnimSequence,21501,21501,0,0,27843
/Game/Characters/Heroes/Mannequin/Animations/Locomotion/Unarmed/MM_Unarmed_Crouch_Walk_Fwd_Stop.MM_Unarmed_Crouch_Walk_Fwd_Stop,/Script/Engine.AnimSequence,31270,31270,0,0,40571
/Game/Characters/Heroes/Mannequin/Animations/Locomotion/Unarmed/MM_Unarmed_Crouch_Walk_Left.MM_Unarmed_Crouch_Walk_Left,/Script/Engine.AnimSequence,24997,24997,0,0,32589
/Game/Characters/Heroes/Mannequin/Animations/Locomotion/Unarmed/MM_Unarmed_Crouch_Walk_Left_Pivot.MM_Unarmed_Crouch_Walk_Left_Pivot,/Script/Engine.AnimSequence,32614,32614,0,0,42323
/Game/Characters/Heroes/Mannequin/Animations/Locomotion/Unarmed/MM_Unarmed_Crouch_Walk_Left_Start.MM_Unarmed_Crouch_Walk_Left_Start,/Script/Engine.AnimSequence,19285,19285,0,0,25903
/Game/Characters/Heroes/Mannequin/Animations/Locomotion/Unarmed/MM_Unarmed_Crouch_Walk_Left_Stop.MM_Unarmed_Crouch_Walk_Left_Stop,/Script/Engine.AnimSequence,21529,21529,0,0,28411
/Game/Characters/Heroes/Mannequin/Animations/Locomotion/Unarmed/MM_Unarmed_Crouch_Walk_Right.MM_Unarmed_Crouch_Walk_Right,/Script/Engine.AnimSequence,18836,18836,0,0,24841
/Game/Characters/Heroes/Mannequin/Animations/Locomotion/Unarmed/MM_Unarmed_Crouch_Walk_Right_Pivot.MM_Unarmed_Crouch_Walk_Right_Pivot,/Script/Engine.AnimSequence,36759,36759,0,0,45784
/Game/Characters/Heroes/Mannequin/Animations/Locomotion/Unarmed/MM_Unarmed_Crouch_Walk_Right_Start.MM_Unarmed_Crouch_Walk_Right_Start,/Script/Engine.AnimSequence,15288,15288,0,0,20007
/Game/Characters/Heroes/Mannequin/Animations/Locomotion/Unarmed/MM_Unarmed_Crouch_Walk_Right_Stop.MM_Unarmed_Crouch_Walk_Right_Stop,/Script/Engine.AnimSequence,20206,20206,0,0,26355
/Game/Characters/Heroes/Mannequin/Animations/Locomotion/Unarmed/MM_Unarmed_Idle_Ready.MM_Unarmed_Idle_Ready,/Script/Engine.AnimSequence,61745,61745,0,0,95452
/Game/Characters/Heroes/Mannequin/Animations/Locomotion/Unarmed/MM_Unarmed_IdleBreak_Fidget.MM_Unarmed_IdleBreak_Fidget,/Script/Engine.AnimSequence,46524,46524,0,0,65024
/Game/Characters/Heroes/Mannequin/Animations/Locomotion/Unarmed/MM_Unarmed_IdleBreak_Scan.MM_Unarmed_IdleBreak_Scan,/Script/Engine.AnimSequence,95117,95117,0,0,138324
/Game/Characters/Heroes/Mannequin/Animations/Locomotion/Unarmed/MM_Unarmed_Jog_Bwd.MM_Unarmed_Jog_Bwd,/Script/Engine.AnimSequence,23931,23931,0,0,31927
/Game/Characters/Heroes/Mannequin/Animations/Locomotion/Unarmed/MM_Unarmed_Jog_Bwd_Pivot.MM_Unarmed_Jog_Bwd_Pivot,/Script/Engine.AnimSequence,34733,34733,0,0,43531
/Game/Characters/Heroes/Mannequin/Animations/Locomotion/Unarmed/MM_Unarmed_Jog_Bwd_Start.MM_Unarmed_Jog_Bwd_Start,/Script/Engine.AnimSequence,13543,13543,0,0,18429
/Game/Characters/Heroes/Mannequin/Animations/Locomotion/Unarmed/MM_Unarmed_Jog_Bwd_Stop.MM_Unarmed_Jog_Bwd_Stop,/Script/Engine.AnimSequence,21568,21568,0,0,28917
/Game/Characters/Heroes/Mannequin/Animations/Locomotion/Unarmed/MM_Unarmed_Jog_Fwd.MM_Unarmed_Jog_Fwd,/Script/Engine.AnimSequence,27679,27679,0,0,36085
/Game/Characters/Heroes/Mannequin/Animations/Locomotion/Unarmed/MM_Unarmed_Jog_Fwd_Pivot.MM_Unarmed_Jog_Fwd_Pivot,/Script/Engine.AnimSequence,25278,25278,0,0,32255
/Game/Characters/Heroes/Mannequin/Animations/Locomotion/Unarmed/MM_Unarmed_Jog_Fwd_Start.MM_Unarmed_Jog_Fwd_Start,/Script/Engine.AnimSequence,25805,25805,0,0,31847
/Game/Characters/Heroes/Mannequin/Animations/Locomotion/Unarmed/MM_Unarmed_Jog_Fwd_Stop.MM_Unarmed_Jog_Fwd_Stop,/Script/Engine.AnimSequence,22138,22138,0,0,29255
/Game/Characters/Heroes/Mannequin/Animations/Locomotion/Unarmed/MM_Unarmed_Jog_Left.MM_Unarmed_Jog_Left,/Script/Engine.AnimSequence,23281,23281,0,0,31438
/Game/Characters/Heroes/Mannequin/Animations/Locomotion/Unarmed/MM_Unarmed_Jog_Left_Pivot.MM_Unarmed_Jog_Left_Pivot,/Script/Engine.AnimSequence,31148,31148,0,0,41321
/Game/Characters/Heroes/Mannequin/Animations/Locomotion/Unarmed/MM_Unarmed_Jog_Left_Start.MM_Unarmed_Jog_Left_Start,/Script/Engine.AnimSequence,13710,13710,0,0,18621
/Game/Characters/Heroes/Mannequin/Animations/Locomotion/Unarmed/MM_Unarmed_Jog_Left_Stop.MM_Unarmed_Jog_Left_Stop,/Script/Engine.AnimSequence,21935,21935,0,0,29185
/Game/Characters/Heroes/Mannequin/Animations/Locomotion/Unarmed/MM_Unarmed_Jog_Pivot_Right.MM_Unarmed_Jog_Pivot_Right,/Script/Engine.AnimSequence,44477,44477,0,0,61155
/Game/Characters/Heroes/Mannequin/Animations/Locomotion/Unarmed/MM_Unarmed_Jog_Right.MM_Unarmed_Jog_Right,/Script/Engine.AnimSequence,25584,25584,0,0,32902
/Game/Characters/Heroes/Mannequin/Animations/Locomotion/Unarmed/MM_Unarmed_Jog_Right_Start.MM_Unarmed_Jog_Right_Start,/Script/Engine.AnimSequence,21857,21857,0,0,26950
/Game/Characters/Heroes/Mannequin/Animations/Locomotion/Unarmed/MM_Unarmed_Jog_Right_Stop.MM_Unarmed_Jog_Right_Stop,/Script/Engine.AnimSequence,19769,19769,0,0,27423
/Game/Characters/Heroes/Mannequin/Animations/Locomotion/Unarmed/MM_Unarmed_Jump_Apex.MM_Unarmed_Jump_Apex,/Script/Engine.AnimSequence,12318,12318,0,0,15670
/Game/Characters/Heroes/Mannequin/Animations/Locomotion/Unarmed/MM_Unarmed_Jump_Fall_Land.MM_Unarmed_Jump_Fall_Land,/Script/Engine.AnimSequence,9181,9181,0,0,13188
/Game/Characters/Heroes/Mannequin/Animations/Locomotion/Unarmed/MM_Unarmed_Jump_Fall_Loop.MM_Unarmed_Jump_Fall_Loop,/Script/Engine.AnimSequence,34255,34255,0,0,42518
/Game/Characters/Heroes/Mannequin/Animations/Locomotion/Unarmed/MM_Unarmed_Jump_RecoveryAdditive.MM_Unarmed_Jump_RecoveryAdditive,/Script/Engine.AnimSequence,14214,14214,0,0,18251
/Game/Characters/Heroes/Mannequin/Animations/Locomotion/Unarmed/MM_Unarmed_Jump_Start.MM_Unarmed_Jump_Start,/Script/Engine.AnimSequence,6201,6201,0,0,9330
/Game/Characters/Heroes/Mannequin/Animations/Locomotion/Unarmed/MM_Unarmed_Jump_Start_Loop.MM_Unarmed_Jump_Start_Loop,/Script/Engine.AnimSequence,22352,22352,0,0,28902
/Game/Characters/Heroes/Mannequin/Animations/Locomotion/Unarmed/MM_Unarmed_TurnLeft_90.MM_Unarmed_TurnLeft_90,/Script/Engine.AnimSequence,23940,23940,0,0,32283
/Game/Characters/Heroes/Mannequin/Animations/Locomotion/Unarmed/MM_Unarmed_TurnRight_90.MM_Unarmed_TurnRight_90,/Script/Engine.AnimSequence,23314,23314,0,0,32583
/Game/Characters/Heroes/Mannequin/Animations/Locomotion/Unarmed/MM_Unarmed_Walk_Bwd.MM_Unarmed_Walk_Bwd,/Script/Engine.AnimSequence,32458,32458,0,0,41458
/Game/Characters/Heroes/Mannequin/Animations/Locomotion/Unarmed/MM_Unarmed_Walk_Bwd_Pivot.MM_Unarmed_Walk_Bwd_Pivot,/Script/Engine.AnimSequence,58933,58933,0,0,69290
/Game/Characters/Heroes/Mannequin/Animations/Locomotion/Unarmed/MM_Unarmed_Walk_Bwd_Start.MM_Unarmed_Walk_Bwd_Start,/Script/Engine.AnimSequence,32151,32151,0,0,41461
/Game/Characters/Heroes/Mannequin/Animations/Locomotion/Unarmed/MM_Unarmed_Walk_Bwd_Stop.MM_Unarmed_Walk_Bwd_Stop,/Script/Engine.AnimSequence,28428,28428,0,0,38505
/Game/Characters/Heroes/Mannequin/Animations/Locomotion/Unarmed/MM_Unarmed_Walk_Fwd.MM_Unarmed_Walk_Fwd,/Script/Engine.AnimSequence,30672,30672,0,0,38129
/Game/Characters/Heroes/Mannequin/Animations/Locomotion/Unarmed/MM_Unarmed_Walk_Fwd_Pivot.MM_Unarmed_Walk_Fwd_Pivot,/Script/Engine.AnimSequence,31587,31587,0,0,40439
/Game/Characters/Heroes/Mannequin/Animations/Locomotion/Unarmed/MM_Unarmed_Walk_Fwd_Start.MM_Unarmed_Walk_Fwd_Start,/Script/Engine.AnimSequence,24752,24752,0,0,33679
/Game/Characters/Heroes/Mannequin/Animations/Locomotion/Unarmed/MM_Unarmed_Walk_Fwd_Stop.MM_Unarmed_Walk_Fwd_Stop,/Script/Engine.AnimSequence,27120,27120,0,0,37723
/Game/Characters/Heroes/Mannequin/Animations/Locomotion/Unarmed/MM_Unarmed_Walk_Left.MM_Unarmed_Walk_Left,/Script/Engine.AnimSequence,19856,19856,0,0,25709
/Game/Characters/Heroes/Mannequin/Animations/Locomotion/Unarmed/MM_Unarmed_Walk_Left_Pivot.MM_Unarmed_Walk_Left_Pivot,/Script/Engine.AnimSequence,46364,46364,0,0,59280
/Game/Characters/Heroes/Mannequin/Animations/Locomotion/Unarmed/MM_Unarmed_Walk_Left_Start.MM_Unarmed_Walk_Left_Start,/Script/Engine.AnimSequence,26852,26852,0,0,35965
/Game/Characters/Heroes/Mannequin/Animations/Locomotion/Unarmed/MM_Unarmed_Walk_Left_Stop.MM_Unarmed_Walk_Left_Stop,/Script/Engine.AnimSequence,29966,29966,0,0,41057
/Game/Characters/Heroes/Mannequin/Animations/Locomotion/Unarmed/MM_Unarmed_Walk_Right.MM_Unarmed_Walk_Right,/Script/Engine.AnimSequence,30591,30591,0,0,39701
/Game/Characters/Heroes/Mannequin/Animations/Locomotion/Unarmed/MM_Unarmed_Walk_Right_Pivot.MM_Unarmed_Walk_Right_Pivot,/Script/Engine.AnimSequence,50920,50920,0,0,71356
/Game/Characters/Heroes/Mannequin/Animations/Locomotion/Unarmed/MM_Unarmed_Walk_Right_Start.MM_Unarmed_Walk_Right_Start,/Script/Engine.AnimSequence,39284,39284,0,0,51943
/Game/Characters/Heroes/Mannequin/Animations/Locomotion/Unarmed/MM_Unarmed_Walk_Right_Stop.MM_Unarmed_Walk_Right_Stop,/Script/Engine.AnimSequence,30195,30195,0,0,41249
/Game/Characters/Heroes/Mannequin/Rig/Poses/Manny/Manny_calf_l_anim.Manny_calf_l_anim,/Script/Engine.AnimSequence,9250,9250,0,0,24989
/Game/Characters/Heroes/Mannequin/Rig/Poses/Manny/Manny_calf_r_anim.Manny_calf_r_anim,/Script/Engine.AnimSequence,9289,9289,0,0,24989
/Game/Characters/Heroes/Mannequin/Rig/Poses/Manny/Manny_clavicle_l_anim.Manny_clavicle_l_anim,/Script/Engine.AnimSequence,9295,9295,0,0,25045
/Game/Characters/Heroes/Mannequin/Rig/Poses/Manny/Manny_clavicle_r_anim.Manny_clavicle_r_anim,/Script/Engine.AnimSequence,9299,9299,0,0,25045
/Game/Characters/Heroes/Mannequin/Rig/Poses/Manny/Manny_foot_l_anim.Manny_foot_l_anim,/Script/Engine.AnimSequence,8293,8293,0,0,21353
/Game/Characters/Heroes/Mannequin/Rig/Poses/Manny/Manny_foot_r_anim.Manny_foot_r_anim,/Script/Engine.AnimSequence,8286,8286,0,0,21377
/Game/Characters/Heroes/Mannequin/Rig/Poses/Manny/Manny_hand_l_anim.Manny_hand_l_anim,/Script/Engine.AnimSequence,8953,8953,0,0,24617
/Game/Characters/Heroes/Mannequin/Rig/Poses/Manny/Manny_hand_r_anim.Manny_hand_r_anim,/Script/Engine.AnimSequence,8900,8900,0,0,24653
/Game/Characters/Heroes/Mannequin/Rig/Poses/Manny/Manny_lowerarm_l_anim.Manny_lowerarm_l_anim,/Script/Engine.AnimSequence,10153,10153,0,0,26341
/Game/Characters/Heroes/Mannequin/Rig/Poses/Manny/Manny_lowerarm_r_anim.Manny_lowerarm_r_anim,/Script/Engine.AnimSequence,10201,10201,0,0,26341
/Game/Characters/Heroes/Mannequin/Rig/Poses/Manny/Manny_thigh_l_anim.Manny_thigh_l_anim,/Script/Engine.AnimSequence,11421,11421,0,0,27653
/Game/Characters/Heroes/Mannequin/Rig/Poses/Manny/Manny_thigh_r_anim.Manny_thigh_r_anim,/Script/Engine.AnimSequence,11408,11408,0,0,27653
/Game/Characters/Heroes/Mannequin/Rig/Poses/Manny/Manny_upperarm_l_anim.Manny_upperarm_l_anim,/Script/Engine.AnimSequence,11557,11557,0,0,29089
/Game/Characters/Heroes/Mannequin/Rig/Poses/Manny/Manny_upperarm_r_anim.Manny_upperarm_r_anim,/Script/Engine.AnimSequence,4979,4979,0,0,8484
/Game/Weapons/Pistol/Animations/Weap_Pistol_Fire.Weap_Pistol_Fire,/Script/Engine.AnimSequence,1153,1153,0,0,1684
/Game/Weapons/Pistol/Animations/Weap_Pistol_Reload.Weap_Pistol_Reload,/Script/Engine.AnimSequence,1241,1241,0,0,1848
/Game/Weapons/Rifle/Animations/Weap_Rifle_Fire.Weap_Rifle_Fire,/Script/Engine.AnimSequence,1100,1100,0,0,1726
/Game/Weapons/Rifle/Animations/Weap_Rifle_Reload.Weap_Rifle_Reload,/Script/Engine.AnimSequence,2556,2556,0,0,3282
/Game/Weapons/Shotgun/Animations/Weap_Shotgun_Fire.Weap_Shotgun_Fire,/Script/Engine.AnimSequence,1115,1115,0,0,1702
/Game/Weapons/Shotgun/Animations/Weap_Shotgun_Reload.Weap_Shotgun_Reload,/Script/Engine.AnimSequence,1364,1364,0,0,1998
/MetaHumanCharacter/Face/ARKit/AS_MetaHuman_ARKit_Mapping.AS_MetaHuman_ARKit_Mapping,/Script/Engine.AnimSequence,21603,21603,0,0,413684
/Game/Characters/Heroes/Mannequin/Animations/AimOffsets/AO_MF_Pistol_Idle_ADS.AO_MF_Pistol_Idle_ADS,/Script/Engine.AimOffsetBlendSpace,1403,1403,0,0,5642
/Game/Characters/Heroes/Mannequin/Animations/AimOffsets/AO_MM_Pistol_Idle_ADS.AO_MM_Pistol_Idle_ADS,/Script/Engine.AimOffsetBlendSpace,1403,1403,0,0,5642
/Game/Characters/Heroes/Mannequin/Animations/AimOffsets/AO_MM_Rifle_Idle_Hipfire.AO_MM_Rifle_Idle_Hipfire,/Script/Engine.AimOffsetBlendSpace,1403,1403,0,0,5687
/Game/Characters/Heroes/Mannequin/Animations/AimOffsets/AO_MM_Unarmed_Idle_Ready.AO_MM_Unarmed_Idle_Ready,/Script/Engine.AimOffsetBlendSpace,1416,1416,0,0,5691
/Game/Characters/Heroes/Mannequin/Animations/AnimEnum_CardinalDirection.AnimEnum_CardinalDirection,/Script/Engine.UserDefinedEnum,593,593,0,0,1071
/Game/Characters/Heroes/Mannequin/Animations/AnimEnum_RootYawOffsetMode.AnimEnum_RootYawOffsetMode,/Script/Engine.UserDefinedEnum,913,913,0,0,913
/Niagara/Enums/Angles/ENiagara_AngleInput.ENiagara_AngleInput,/Script/Engine.UserDefinedEnum,863,863,0,0,863
/Niagara/Enums/Collision/SceneDepthCollisionQueryMethod.SceneDepthCollisionQueryMethod,/Script/Engine.UserDefinedEnum,959,959,0,0,959
/Niagara/Enums/ENiagara_AttributeSamplingApplyOutput.ENiagara_AttributeSamplingApplyOutput,/Script/Engine.UserDefinedEnum,778,778,0,0,778
/Niagara/Enums/ENiagara_ColorInitializationMode.ENiagara_ColorInitializationMode,/Script/Engine.UserDefinedEnum,598,598,0,0,1109
/Niagara/Enums/ENiagara_CPUCollisionType.ENiagara_CPUCollisionType,/Script/Engine.UserDefinedEnum,730,730,0,0,730
/Niagara/Enums/ENiagara_DirectReadApplicationMode.ENiagara_DirectReadApplicationMode,/Script/Engine.UserDefinedEnum,763,763,0,0,763
/Niagara/Enums/ENiagara_DirectReadParticleIDSampling.ENiagara_DirectReadParticleIDSampling,/Script/Engine.UserDefinedEnum,979,979,0,0,979
/Niagara/Enums/ENiagara_DirectReadSamplingMode.ENiagara_DirectReadSamplingMode,/Script/Engine.UserDefinedEnum,928,928,0,0,928
/Niagara/Enums/ENiagara_EmitterLocSamplingMode.ENiagara_EmitterLocSamplingMode,/Script/Engine.UserDefinedEnum,751,751,0,0,751
/Niagara/Enums/ENiagara_EmitterStateOptions.ENiagara_EmitterStateOptions,/Script/Engine.UserDefinedEnum,895,895,0,0,895
/Niagara/Enums/ENiagara_Float4Channel.ENiagara_Float4Channel,/Script/Engine.UserDefinedEnum,995,995,0,0,995
/Niagara/Enums/ENiagara_GPUCollisionType.ENiagara_GPUCollisionType,/Script/Engine.UserDefinedEnum,615,615,0,0,1088
/Niagara/Enums/ENiagara_InfiniteLoopDuration.ENiagara_InfiniteLoopDuration,/Script/Engine.UserDefinedEnum,740,740,0,0,740
/Niagara/Enums/ENiagara_LifetimeInheritanceOptions.ENiagara_LifetimeInheritanceOptions,/Script/Engine.UserDefinedEnum,930,930,0,0,930
/Niagara/Enums/ENiagara_LifetimeMode.ENiagara_LifetimeMode,/Script/Engine.UserDefinedEnum,703,703,0,0,703
/Niagara/Enums/ENiagara_MassInitializationMode.ENiagara_MassInitializationMode,/Script/Engine.UserDefinedEnum,926,926,0,0,926
/Niagara/Enums/ENiagara_PositionInitializationMode.ENiagara_PositionInitializationMode,/Script/Engine.UserDefinedEnum,949,949,0,0,949
/Niagara/Enums/ENiagara_SizeScaleMode.ENiagara_SizeScaleMode,/Script/Engine.UserDefinedEnum,631,631,0,0,1194
/Niagara/Enums/ENiagara_SpriteRotationMode.ENiagara_SpriteRotationMode,/Script/Engine.UserDefinedEnum,597,597,0,0,1085
/Niagara/Enums/ENiagara_SubUVLookupMode.ENiagara_SubUVLookupMode,/Script/Engine.UserDefinedEnum,1024,1024,0,0,1024
/Niagara/Enums/ENiagara_SubUVLookupModeV2.ENiagara_SubUVLookupModeV2,/Script/Engine.UserDefinedEnum,655,655,0,0,1213
/Niagara/Enums/ENiagara_UVFlippingMode.ENiagara_UVFlippingMode,/Script/Engine.UserDefinedEnum,627,627,0,0,1186
/Niagara/Enums/ENiagara_WrapClamp.ENiagara_WrapClamp,/Script/Engine.UserDefinedEnum,680,680,0,0,680
/Niagara/Enums/ENiagaraArraySamplingMode.ENiagaraArraySamplingMode,/Script/Engine.UserDefinedEnum,902,902,0,0,902
/Niagara/Enums/ENiagaraBoneSamplingMode.ENiagaraBoneSamplingMode,/Script/Engine.UserDefinedEnum,718,718,0,0,1451
/Niagara/Enums/ENiagaraBoneSocketSamplingMode.ENiagaraBoneSocketSamplingMode,/Script/Engine.UserDefinedEnum,817,817,0,0,817
/Niagara/Enums/ENiagaraCalculateRadiusOptions.ENiagaraCalculateRadiusOptions,/Script/Engine.UserDefinedEnum,937,937,0,0,937
/Niagara/Enums/ENiagaraChannelCorrelation.ENiagaraChannelCorrelation,/Script/Engine.UserDefinedEnum,935,935,0,0,935
/Niagara/Enums/ENiagaraCollisionRadiusOptions.ENiagaraCollisionRadiusOptions,/Script/Engine.UserDefinedEnum,923,923,0,0,923
/Niagara/Enums/ENiagaraCurlNoiseQuality.ENiagaraCurlNoiseQuality,/Script/Engine.UserDefinedEnum,584,584,0,0,1069
/Niagara/Enums/ENiagaraEmitterLifeCycleMode.ENiagaraEmitterLifeCycleMode,/Script/Engine.UserDefinedEnum,753,753,0,0,753
/Niagara/Enums/ENiagaraEmitterScalabilityMode_Limited.ENiagaraEmitterScalabilityMode_Limited,/Script/Engine.UserDefinedEnum,801,801,0,0,801
/Niagara/Enums/ENiagaraExpansionMode.ENiagaraExpansionMode,/Script/Engine.UserDefinedEnum,864,864,0,0,864
/Niagara/Enums/ENiagaraFrictionMergeType.ENiagaraFrictionMergeType,/Script/Engine.UserDefinedEnum,567,567,0,0,1042
/Niagara/Enums/ENiagaraGridPlacementType.ENiagaraGridPlacementType,/Script/Engine.UserDefinedEnum,761,761,0,0,761
/Niagara/Enums/ENiagaraInactiveMode.ENiagaraInactiveMode,/Script/Engine.UserDefinedEnum,1000,1000,0,0,1000
/Niagara/Enums/ENiagaraMassByVolume.ENiagaraMassByVolume,/Script/Engine.UserDefinedEnum,706,706,0,0,1311
/Niagara/Enums/ENiagaraMassCalculationForRendererTypes.ENiagaraMassCalculationForRendererTypes,/Script/Engine.UserDefinedEnum,987,987,0,0,987
/Niagara/Enums/ENiagaraMeshOrSprite.ENiagaraMeshOrSprite,/Script/Engine.UserDefinedEnum,705,705,0,0,705
/Niagara/Enums/ENiagaraMeshTransforms.ENiagaraMeshTransforms,/Script/Engine.UserDefinedEnum,1023,1023,0,0,1023
/Niagara/Enums/ENiagaraRandomnessEvaluation.ENiagaraRandomnessEvaluation,/Script/Engine.UserDefinedEnum,764,764,0,0,764
/Niagara/Enums/ENiagaraRandomnessMode.ENiagaraRandomnessMode,/Script/Engine.UserDefinedEnum,901,901,0,0,901
/Niagara/Enums/ENiagaraRestitutionMergeType.ENiagaraRestitutionMergeType,/Script/Engine.UserDefinedEnum,567,567,0,0,1066
/Niagara/Enums/ENiagaraScaleColorMode.ENiagaraScaleColorMode,/Script/Engine.UserDefinedEnum,911,911,0,0,911
/Niagara/Enums/ENiagaraShapeTorusMode.ENiagaraShapeTorusMode,/Script/Engine.UserDefinedEnum,717,717,0,0,717
/Niagara/Enums/ENiagaraSkelMeshPositionSamplingMode.ENiagaraSkelMeshPositionSamplingMode,/Script/Engine.UserDefinedEnum,986,986,0,0,986
/Niagara/Enums/ENiagaraSkelMeshTransforms.ENiagaraSkelMeshTransforms,/Script/Engine.UserDefinedEnum,647,647,0,0,1232
/Niagara/Enums/ENiagaraSkelSamplingModeFull.ENiagaraSkelSamplingModeFull,/Script/Engine.UserDefinedEnum,671,671,0,0,1302
/Niagara/Enums/ENiagaraSocketSamplingMode.ENiagaraSocketSamplingMode,/Script/Engine.UserDefinedEnum,777,777,0,0,777
/Niagara/Enums/ENiagaraSphereDistributionMode.ENiagaraSphereDistributionMode,/Script/Engine.UserDefinedEnum,926,926,0,0,926
/Niagara/Enums/ENiagaraSystemInactiveMode.ENiagaraSystemInactiveMode,/Script/Engine.UserDefinedEnum,820,820,0,0,820
/Niagara/Enums/ENiagaraTorusDistributionMode.ENiagaraTorusDistributionMode,/Script/Engine.UserDefinedEnum,763,763,0,0,763
/Niagara/Enums/ENiagaraTriangleSamplingMode.ENiagaraTriangleSamplingMode,/Script/Engine.UserDefinedEnum,586,586,0,0,1141
/Niagara/Enums/ENiagaraVector2_Channels.ENiagaraVector2_Channels,/Script/Engine.UserDefinedEnum,713,713,0,0,713
/Niagara/Enums/ENiagaraVector3_Channels.ENiagaraVector3_Channels,/Script/Engine.UserDefinedEnum,862,862,0,0,862
/Niagara/Enums/ENiagaraVector4_Channels.ENiagaraVector4_Channels,/Script/Engine.UserDefinedEnum,1011,1011,0,0,1011
/Niagara/Enums/ENiagaraVertexSamplingMode.ENiagaraVertexSamplingMode,/Script/Engine.UserDefinedEnum,582,582,0,0,1123
/Niagara/Enums/Events/ENiagara_LocEventType.ENiagara_LocEventType,/Script/Engine.UserDefinedEnum,885,885,0,0,885
/Niagara/Enums/Location/ENiagara_BoxPlaneMode.ENiagara_BoxPlaneMode,/Script/Engine.UserDefinedEnum,703,703,0,0,703
/Niagara/Enums/Location/ENiagara_ConeMode.ENiagara_ConeMode,/Script/Engine.UserDefinedEnum,708,708,0,0,708
/Niagara/Enums/Location/ENiagara_CylinderMode.ENiagara_CylinderMode,/Script/Engine.UserDefinedEnum,707,707,0,0,707
/Niagara/Enums/Location/ENiagara_LocationShapes.ENiagara_LocationShapes,/Script/Engine.UserDefinedEnum,722,722,0,0,1348
/Niagara/Enums/Location/ENiagaraRingDiscMode.ENiagaraRingDiscMode,/Script/Engine.UserDefinedEnum,716,716,0,0,716
/Niagara/Enums/Ribbons/ENiagara_UnsetDirectSet.ENiagara_UnsetDirectSet,/Script/Engine.UserDefinedEnum,718,718,0,0,718
/Niagara/Enums/Ribbons/ENiagara_UnsetDirectSetRandom.ENiagara_UnsetDirectSetRandom,/Script/Engine.UserDefinedEnum,912,912,0,0,912
/Niagara/Enums/SpriteRenderer/ENiagara_AutomaticManual.ENiagara_AutomaticManual,/Script/Engine.UserDefinedEnum,764,764,0,0,764
/Niagara/Enums/SpriteRenderer/ENiagara_FPSPlayrate.ENiagara_FPSPlayrate,/Script/Engine.UserDefinedEnum,728,728,0,0,728
/Niagara/Enums/SpriteRenderer/ENiagara_ScaleSpriteSize.ENiagara_ScaleSpriteSize,/Script/Engine.UserDefinedEnum,572,572,0,0,1063
/Niagara/Enums/Transforms/ENiagara_LWCConvertPosToVec.ENiagara_LWCConvertPosToVec,/Script/Engine.UserDefinedEnum,803,803,0,0,803
/Niagara/Enums/Transforms/ENiagara_LWCConvertVecToPos.ENiagara_LWCConvertVecToPos,/Script/Engine.UserDefinedEnum,808,808,0,0,808
/Niagara/Enums/Transforms/ENiagara_MeshOrientationOptions.ENiagara_MeshOrientationOptions,/Script/Engine.UserDefinedEnum,736,736,0,0,1443
/Niagara/Enums/Transforms/ENiagara_OffsetMode.ENiagara_OffsetMode,/Script/Engine.UserDefinedEnum,698,698,0,0,698
/Niagara/Enums/Transforms/ENiagara_RotationMode.ENiagara_RotationMode,/Script/Engine.UserDefinedEnum,746,746,0,0,1342
/Niagara/Enums/Transforms/ENiagara_ScaleMode.ENiagara_ScaleMode,/Script/Engine.UserDefinedEnum,690,690,0,0,690
/Niagara/Enums/Transforms/ENiagara_TransformOrder.ENiagara_TransformOrder,/Script/Engine.UserDefinedEnum,757,757,0,0,757
/Niagara/Enums/Transforms/ENiagara_TransformType.ENiagara_TransformType,/Script/Engine.UserDefinedEnum,723,723,0,0,723
/Niagara/Enums/Utility/ENiagara_DynamicMaterialParametersInputMode.ENiagara_DynamicMaterialParametersInputMode,/Script/Engine.UserDefinedEnum,736,736,0,0,1530
/Niagara/Enums/Utility/ENiagara_IntegerConversion.ENiagara_IntegerConversion,/Script/Engine.UserDefinedEnum,575,575,0,0,1045
/Niagara/Enums/Utility/ENiagara_OrientVectorCount.ENiagara_OrientVectorCount,/Script/Engine.UserDefinedEnum,570,570,0,0,1063
/Niagara/Enums/Utility/ENiagara_UpdateMeshOrientationMode.ENiagara_UpdateMeshOrientationMode,/Script/Engine.UserDefinedEnum,683,683,0,0,1330
/Niagara/Enums/Utility/ENiagara_VelocityMode.ENiagara_VelocityMode,/Script/Engine.UserDefinedEnum,866,866,0,0,866
/Game/Characters/Heroes/Mannequin/Animations/AnimModifiers/FootFXAnimModifier_FootDefinition.FootFXAnimModifier_FootDefinition,/Script/CoreUObject.UserDefinedStruct,850,850,0,0,850
/Game/Characters/Heroes/Mannequin/Animations/AnimStruct_CardinalDirections.AnimStruct_CardinalDirections,/Script/CoreUObject.UserDefinedStruct,873,873,0,0,873
/Game/Effects/Blueprints/SurfaceImpacts.SurfaceImpacts,/Script/CoreUObject.UserDefinedStruct,744,744,0,0,744
/Game/UI/Indicators/Message_NameplateInfo.Message_NameplateInfo,/Script/CoreUObject.UserDefinedStruct,520,520,0,0,520
/Game/UI/Indicators/Message_NameplateRequest.Message_NameplateRequest,/Script/CoreUObject.UserDefinedStruct,635,635,0,0,635
/Niagara/DefaultAssets/Structs/LocationEvent_V2.LocationEvent_V2,/Script/CoreUObject.UserDefinedStruct,987,987,0,0,1537
/ShooterCore/Input/Abilities/Struct_UIMessaging.Struct_UIMessaging,/Script/CoreUObject.UserDefinedStruct,653,653,0,0,653
/ShooterCore/UserInterface/Notifications/EliminationFeed/EliminationFeedMessage.EliminationFeedMessage,/Script/CoreUObject.UserDefinedStruct,861,861,0,0,1331
/Game/Characters/Heroes/Mannequin/Animations/Locomotion/Rifle/BS_MM_Rifle_Jog_Leans.BS_MM_Rifle_Jog_Leans,/Script/Engine.BlendSpace1D,538,538,0,0,1036
/Game/Characters/Heroes/Mannequin/Materials/Functions/CA_Mannequin_new.CA_Mannequin_new,/Script/Engine.CurveLinearColorAtlas,839,839,0,0,33462
/Game/Characters/Heroes/Mannequin/Textures/Shared/CA_Mannequin.CA_Mannequin,/Script/Engine.CurveLinearColorAtlas,544,544,0,0,33441
/Game/Effects/Curves/FX_Pyro.FX_Pyro,/Script/Engine.CurveLinearColorAtlas,3276,3276,0,0,17220
/Game/UI/Hud/Art/CA_UI_HUD.CA_UI_HUD,/Script/Engine.CurveLinearColorAtlas,12308,12308,0,0,34286
/Game/UI/Menu/Art/CA_UI_Frontend.CA_UI_Frontend,/Script/Engine.CurveLinearColorAtlas,11057,11057,0,0,34007
/TopDownArena/Game/Bombs/TestCurveAtlas.TestCurveAtlas,/Script/Engine.CurveLinearColorAtlas,1358,1358,0,0,131703
/Game/Characters/Heroes/Mannequin/Meshes/Mannequin_LODSettings.Mannequin_LODSettings,/Script/Engine.SkeletalMeshLODSettings,1128,1128,0,0,3514
/Game/Characters/Heroes/Mannequin/Rig/PA_Mannequin.PA_Mannequin,/Script/Engine.PhysicsAsset,4466,4466,0,0,17123
/Game/Weapons/Mesh/Shotgun/SK_M890_Shotgun_Xaxis_PhysicsAsset.SK_M890_Shotgun_Xaxis_PhysicsAsset,/Script/Engine.PhysicsAsset,813,813,0,0,813
/Game/Weapons/Pistol/Mesh/SK_Pistol_PhysicsAsset.SK_Pistol_PhysicsAsset,/Script/Engine.PhysicsAsset,740,740,0,0,740
/Game/Weapons/Rifle/Mesh/SK_Rifle_PhysicsAsset.SK_Rifle_PhysicsAsset,/Script/Engine.PhysicsAsset,797,797,0,0,797
/Game/Weapons/Shotgun/Mesh/SK_Shotgun_PhysicsAsset.SK_Shotgun_PhysicsAsset,/Script/Engine.PhysicsAsset,879,879,0,0,879
/MetaHumanCharacter/Body/IdentityTemplate/PHYS_Body.PHYS_Body,/Script/Engine.PhysicsAsset,5888,5888,0,0,24852
/Game/Characters/Heroes/Mannequin/Rig/Poses/Manny/Manny_calf_l_pose.Manny_calf_l_pose,/Script/Engine.PoseAsset,8782,8782,0,0,21580
/Game/Characters/Heroes/Mannequin/Rig/Poses/Manny/Manny_calf_r_pose.Manny_calf_r_pose,/Script/Engine.PoseAsset,8825,8825,0,0,21580
/Game/Characters/Heroes/Mannequin/Rig/Poses/Manny/Manny_clavicle_l_pose.Manny_clavicle_l_pose,/Script/Engine.PoseAsset,8471,8471,0,0,21104
/Game/Characters/Heroes/Mannequin/Rig/Poses/Manny/Manny_clavicle_r_pose.Manny_clavicle_r_pose,/Script/Engine.PoseAsset,8508,8508,0,0,21242
/Game/Characters/Heroes/Mannequin/Rig/Poses/Manny/Manny_foot_l_pose.Manny_foot_l_pose,/Script/Engine.PoseAsset,7927,7927,0,0,20276
/Game/Characters/Heroes/Mannequin/Rig/Poses/Manny/Manny_foot_r_pose.Manny_foot_r_pose,/Script/Engine.PoseAsset,7939,7939,0,0,20324
/Game/Characters/Heroes/Mannequin/Rig/Poses/Manny/Manny_hand_l_pose.Manny_hand_l_pose,/Script/Engine.PoseAsset,8236,8236,0,0,20678
/Game/Characters/Heroes/Mannequin/Rig/Poses/Manny/Manny_hand_r_pose.Manny_hand_r_pose,/Script/Engine.PoseAsset,8236,8236,0,0,20750
/Game/Characters/Heroes/Mannequin/Rig/Poses/Manny/Manny_lowerarm_l_pose.Manny_lowerarm_l_pose,/Script/Engine.PoseAsset,10300,10300,0,0,24477
/Game/Characters/Heroes/Mannequin/Rig/Poses/Manny/Manny_lowerarm_r_pose.Manny_lowerarm_r_pose,/Script/Engine.PoseAsset,10303,10303,0,0,24663
/Game/Characters/Heroes/Mannequin/Rig/Poses/Manny/Manny_thigh_l_pose.Manny_thigh_l_pose,/Script/Engine.PoseAsset,13678,13678,0,0,29404
/Game/Characters/Heroes/Mannequin/Rig/Poses/Manny/Manny_thigh_r_pose.Manny_thigh_r_pose,/Script/Engine.PoseAsset,13591,13591,0,0,29398
/Game/Characters/Heroes/Mannequin/Rig/Poses/Manny/Manny_upperarm_l_pose.Manny_upperarm_l_pose,/Script/Engine.PoseAsset,13384,13384,0,0,32037
/Game/Characters/Heroes/Mannequin/Rig/Poses/Manny/Manny_upperarm_r_pose.Manny_upperarm_r_pose,/Script/Engine.PoseAsset,13629,13629,0,0,31853
/Game/Characters/Heroes/Mannequin/Rig/Poses/Quinn/Quinn_calf_l_pose.Quinn_calf_l_pose,/Script/Engine.PoseAsset,9399,9399,0,0,22468
/Game/Characters/Heroes/Mannequin/Rig/Poses/Quinn/Quinn_calf_r_pose.Quinn_calf_r_pose,/Script/Engine.PoseAsset,9405,9405,0,0,22576
/Game/Characters/Heroes/Mannequin/Rig/Poses/Quinn/Quinn_clavicle_l_pose.Quinn_clavicle_l_pose,/Script/Engine.PoseAsset,8729,8729,0,0,21567
/Game/Characters/Heroes/Mannequin/Rig/Poses/Quinn/Quinn_clavicle_r_pose.Quinn_clavicle_r_pose,/Script/Engine.PoseAsset,3745,3745,0,0,8280
/Game/Characters/Heroes/Mannequin/Rig/Poses/Quinn/Quinn_foot_l_pose.Quinn_foot_l_pose,/Script/Engine.PoseAsset,3300,3300,0,0,7336
/Game/Characters/Heroes/Mannequin/Rig/Poses/Quinn/Quinn_foot_r_pose.Quinn_foot_r_pose,/Script/Engine.PoseAsset,3308,3308,0,0,7358
/Game/Characters/Heroes/Mannequin/Rig/Poses/Quinn/Quinn_hand_l_pose.Quinn_hand_l_pose,/Script/Engine.PoseAsset,3624,3624,0,0,7810
/Game/Characters/Heroes/Mannequin/Rig/Poses/Quinn/Quinn_hand_r_pose.Quinn_hand_r_pose,/Script/Engine.PoseAsset,3619,3619,0,0,7787
/Game/Characters/Heroes/Mannequin/Rig/Poses/Quinn/Quinn_lowerarm_l_pose.Quinn_lowerarm_l_pose,/Script/Engine.PoseAsset,6038,6038,0,0,12035
/Game/Characters/Heroes/Mannequin/Rig/Poses/Quinn/Quinn_lowerarm_r_pose.Quinn_lowerarm_r_pose,/Script/Engine.PoseAsset,6041,6041,0,0,12035
/Game/Characters/Heroes/Mannequin/Rig/Poses/Quinn/Quinn_thigh_l_pose.Quinn_thigh_l_pose,/Script/Engine.PoseAsset,8656,8656,0,0,16138
/Game/Characters/Heroes/Mannequin/Rig/Poses/Quinn/Quinn_thigh_r_pose.Quinn_thigh_r_pose,/Script/Engine.PoseAsset,8545,8545,0,0,16180
/Game/Characters/Heroes/Mannequin/Rig/Poses/Quinn/Quinn_upperarm_l_pose.Quinn_upperarm_l_pose,/Script/Engine.PoseAsset,7256,7256,0,0,15506
/Game/Characters/Heroes/Mannequin/Rig/Poses/Quinn/Quinn_upperarm_r_pose.Quinn_upperarm_r_pose,/Script/Engine.PoseAsset,7751,7751,0,0,15910
/MetaHumanCharacter/Face/ARKit/PA_MetaHuman_ARKit_Mapping.PA_MetaHuman_ARKit_Mapping,/Script/Engine.PoseAsset,21200,21200,0,0,383380
/Game/Characters/Heroes/PhysMat_Player.PhysMat_Player,/Script/LyraGame.PhysicalMaterialWithTags,346,346,0,0,346
/Game/Characters/Heroes/PhysMat_Player_WeakSpot.PhysMat_Player_WeakSpot,/Script/LyraGame.PhysicalMaterialWithTags,422,422,0,0,422
/Game/ContextEffects/CFX_DefaultSkin.CFX_DefaultSkin,/Script/LyraGame.LyraContextEffectsLibrary,557,557,0,0,1206
/Game/DefaultGameData.DefaultGameData,/Script/LyraGame.LyraGameData,622,622,0,0,622
/Game/Effects/Blueprints/Damage_BasicNiagaraStyle.Damage_BasicNiagaraStyle,/Script/LyraGame.LyraDamagePopStyleNiagara,468,468,0,0,468
/Game/Effects/Camera/Damage/NS_Screen_DamageDirection.NS_Screen_DamageDirection,/Script/Niagara.NiagaraSystem,18762,18762,0,0,59523
/Game/Effects/Particles/Environmental/NS_CharacterDash.NS_CharacterDash,/Script/Niagara.NiagaraSystem,13153,13153,0,0,40533
/Game/Effects/Particles/Environmental/NS_CharacterPortalDissolve.NS_CharacterPortalDissolve,/Script/Niagara.NiagaraSystem,14913,14913,0,0,76983
/Game/Effects/Particles/Environmental/NS_CharacterSpawnIn.NS_CharacterSpawnIn,/Script/Niagara.NiagaraSystem,12942,12942,0,0,56287
/Game/Effects/Particles/Environmental/NS_CharacterSpawnIn2.NS_CharacterSpawnIn2,/Script/Niagara.NiagaraSystem,12859,12859,0,0,56752
/Game/Effects/Particles/Environmental/NS_ElectricMovement.NS_ElectricMovement,/Script/Niagara.NiagaraSystem,16712,16712,0,0,80747
/Game/Effects/Particles/Environmental/NS_JumpPad.NS_JumpPad,/Script/Niagara.NiagaraSystem,34325,34325,0,0,118656
/Game/Effects/Particles/Environmental/NS_WallPortal.NS_WallPortal,/Script/Niagara.NiagaraSystem,28132,28132,0,0,134456
/Game/Effects/Particles/Environmental/NS_WallPortalEnter.NS_WallPortalEnter,/Script/Niagara.NiagaraSystem,10483,10483,0,0,47010
/Game/Effects/Particles/Explosion/NS_Grenade_Explosion.NS_Grenade_Explosion,/Script/Niagara.NiagaraSystem,34320,34320,0,0,147741
/Game/Effects/Particles/Explosion/NS_Grenade_Trail.NS_Grenade_Trail,/Script/Niagara.NiagaraSystem,15033,15033,0,0,57838
/Game/Effects/Particles/Footsteps/NS_Footsteps.NS_Footsteps,/Script/Niagara.NiagaraSystem,18670,18670,0,0,89728
/Game/Effects/Particles/Impacts/NS_DamageNumbers.NS_DamageNumbers,/Script/Niagara.NiagaraSystem,8591,8591,0,0,23194
/Game/Effects/Particles/Impacts/NS_DeathCubes.NS_DeathCubes,/Script/Niagara.NiagaraSystem,26821,26821,0,0,138404
/Game/Effects/Particles/Impacts/NS_ImactSparksCharacter.NS_ImactSparksCharacter,/Script/Niagara.NiagaraSystem,17782,17782,0,0,70114
/Game/Effects/Particles/Impacts/NS_ImpactConcrete.NS_ImpactConcrete,/Script/Niagara.NiagaraSystem,36726,36726,0,0,170258
/Game/Effects/Particles/Impacts/NS_ImpactDataChannel.NS_ImpactDataChannel,/Script/Niagara.NiagaraSystem,36815,36815,0,0,172700
/Game/Effects/Particles/Impacts/NS_ImpactDecals.NS_ImpactDecals,/Script/Niagara.NiagaraSystem,8266,8266,0,0,24585
/Game/Effects/Particles/Impacts/NS_ImpactGlass.NS_ImpactGlass,/Script/Niagara.NiagaraSystem,33564,33564,0,0,164739
/Game/Effects/Particles/Item/NS_GunPad.NS_GunPad,/Script/Niagara.NiagaraSystem,29484,29484,0,0,111890
/Game/Effects/Particles/Item/NS_GunPad_Loading.NS_GunPad_Loading,/Script/Niagara.NiagaraSystem,36507,36507,0,0,137542
/Game/Effects/Particles/Item/NS_GunPad_Pickup.NS_GunPad_Pickup,/Script/Niagara.NiagaraSystem,12999,12999,0,0,41628
/Game/Effects/Particles/Item/NS_Heal.NS_Heal,/Script/Niagara.NiagaraSystem,8102,8102,0,0,20743
/Game/Effects/Particles/Weapons/NS_WeaponFire.NS_WeaponFire,/Script/Niagara.NiagaraSystem,20680,20680,0,0,80407
/Game/Effects/Particles/Weapons/NS_WeaponFire_MuzzleFlash_Rifle.NS_WeaponFire_MuzzleFlash_Rifle,/Script/Niagara.NiagaraSystem,24283,24283,0,0,93418
/Game/Effects/Particles/Weapons/NS_WeaponFire_ShellEject.NS_WeaponFire_ShellEject,/Script/Niagara.NiagaraSystem,18794,18794,0,0,46337
/Game/Effects/Particles/Weapons/NS_WeaponFire_Tracer.NS_WeaponFire_Tracer,/Script/Niagara.NiagaraSystem,8267,8267,0,0,24039
/Game/Effects/Particles/Weapons/NS_WeaponFire_Tracer_Shotgun.NS_WeaponFire_Tracer_Shotgun,/Script/Niagara.NiagaraSystem,8280,8280,0,0,24075
/Game/GameplayCues/NS_AFL_Pulse_Impact.NS_AFL_Pulse_Impact,/Script/Niagara.NiagaraSystem,27211,27211,0,0,121104
/Game/GameplayCues/NS_AFL_Pulse_MuzzleFlash.NS_AFL_Pulse_MuzzleFlash,/Script/Niagara.NiagaraSystem,24063,24063,0,0,92851
/Game/GameplayCues/NS_AFL_Pulse_Tracer.NS_AFL_Pulse_Tracer,/Script/Niagara.NiagaraSystem,8296,8296,0,0,24145
/Game/LaserFX_BP/Niagara/NormalType/NS_AFL_Laser_Basic.NS_AFL_Laser_Basic,/Script/Niagara.NiagaraSystem,25985,25985,0,0,119420
/Game/LaserFX_BP/Niagara/OrbType/NS_AFL_Electric_Orb_02.NS_AFL_Electric_Orb_02,/Script/Niagara.NiagaraSystem,13538,13538,0,0,66854
/Game/Sci_FI_Valley_Village/FX/NS_flying_leaves.NS_flying_leaves,/Script/Niagara.NiagaraSystem,9266,9266,0,0,23419
/Game/Sci_FI_Valley_Village/FX/NS_Smoke.NS_Smoke,/Script/Niagara.NiagaraSystem,10039,10039,0,0,23692
/Game/Sci_FI_Valley_Village/FX/NS_Smoke1.NS_Smoke1,/Script/Niagara.NiagaraSystem,9827,9827,0,0,23695
/ShooterCore/Effects/Environmental/NS_CapturePoint.NS_CapturePoint,/Script/Niagara.NiagaraSystem,8637,8637,0,0,27170
/ShooterCore/Effects/Environmental/NS_CapturePointCounter.NS_CapturePointCounter,/Script/Niagara.NiagaraSystem,11555,11555,0,0,35050
/TopDownArena/Game/Effects/Bomb/NS_BombExplosion.NS_BombExplosion,/Script/Niagara.NiagaraSystem,15024,15024,0,0,76263
/TopDownArena/Game/Effects/NS_BombFuse.NS_BombFuse,/Script/Niagara.NiagaraSystem,7503,7503,0,0,19727
/TopDownArena/Game/Effects/PickUp/NS_TopDownArenaPickupBomb.NS_TopDownArenaPickupBomb,/Script/Niagara.NiagaraSystem,23523,23523,0,0,117833
/TopDownArena/Game/Effects/PickUp/NS_TopDownArenaPickupRange.NS_TopDownArenaPickupRange,/Script/Niagara.NiagaraSystem,23528,23528,0,0,117834
/Game/Effects/Curves/Curve_LaunchpadMaterialEffect.Curve_LaunchpadMaterialEffect,/Script/Engine.CurveFloat,452,452,0,0,452
/ShooterCore/Input/Mappings/C_AimAssistTargetWeightCurve.C_AimAssistTargetWeightCurve,/Script/Engine.CurveFloat,379,379,0,0,379
/ShooterTests/Input/TriggerFeedback/C_TriggerPosition.C_TriggerPosition,/Script/Engine.CurveFloat,390,390,0,0,390
/ShooterTests/Input/TriggerFeedback/C_TriggerStr.C_TriggerStr,/Script/Engine.CurveFloat,382,382,0,0,382
/ShooterTests/Input/TriggerVibration/C_TriggerVibration_Amplitude.C_TriggerVibration_Amplitude,/Script/Engine.CurveFloat,387,387,0,0,387
/ShooterTests/Input/TriggerVibration/C_TriggerVibration_Frequency.C_TriggerVibration_Frequency,/Script/Engine.CurveFloat,441,441,0,0,441
/ShooterTests/Input/TriggerVibration/C_TriggerVibration_Position.C_TriggerVibration_Position,/Script/Engine.CurveFloat,414,414,0,0,414
/Water/Curves/FloatCurve.FloatCurve,/Script/Engine.CurveFloat,358,358,0,0,358
/Water/Curves/FloatCurve_WaterBodyIsland.FloatCurve_WaterBodyIsland,/Script/Engine.CurveFloat,417,417,0,0,417
/Game/Effects/DataChannels/ImpactDataChannel.ImpactDataChannel,/Script/Niagara.NiagaraDataChannelAsset,832,832,0,0,832
/Game/Effects/EffectTypes/EffectType_Weapon_Impacts.EffectType_Weapon_Impacts,/Script/Niagara.NiagaraEffectType,454,454,0,0,454
/Game/Effects/EffectTypes/EffectType_World_Burst.EffectType_World_Burst,/Script/Niagara.NiagaraEffectType,334,334,0,0,334
/Game/Effects/EffectTypes/EffectType_World_Placeable.EffectType_World_Placeable,/Script/Niagara.NiagaraEffectType,651,651,0,0,651
/Game/Effects/EffectTypes/EffectType_World_Portal.EffectType_World_Portal,/Script/Niagara.NiagaraEffectType,651,651,0,0,651
/Game/Feedback/Haptics/FFE_Character_Damage.FFE_Character_Damage,/Script/Engine.ForceFeedbackEffect,407,407,0,0,407
/Game/Feedback/Haptics/FFE_Character_Heal.FFE_Character_Heal,/Script/Engine.ForceFeedbackEffect,434,434,0,0,434
/Game/Feedback/Haptics/FFE_Weapon_Fire.FFE_Weapon_Fire,/Script/Engine.ForceFeedbackEffect,453,453,0,0,453
/Game/Feedback/Haptics/Weapon_Fire_Auto/FFE_Weapon_Fire_Auto.FFE_Weapon_Fire_Auto,/Script/Engine.ForceFeedbackEffect,477,477,0,0,477
/ShooterTests/Input/DeviceColor/FFE_ChangeColorOverTime.FFE_ChangeColorOverTime,/Script/Engine.ForceFeedbackEffect,698,698,0,0,698
/Game/Input/Actions/IA_Ability_Climb.IA_Ability_Climb,/Script/EnhancedInput.InputAction,568,568,0,0,568
/Game/Input/Actions/IA_Ability_Dash.IA_Ability_Dash,/Script/EnhancedInput.InputAction,571,571,0,0,571
/Game/Input/Actions/IA_Ability_Extract.IA_Ability_Extract,/Script/EnhancedInput.InputAction,576,576,0,0,576
/Game/Input/Actions/IA_Ability_Grab.IA_Ability_Grab,/Script/EnhancedInput.InputAction,568,568,0,0,568
/Game/Input/Actions/IA_Ability_Heal.IA_Ability_Heal,/Script/EnhancedInput.InputAction,568,568,0,0,568
/Game/Input/Actions/IA_AutoRun.IA_AutoRun,/Script/EnhancedInput.InputAction,744,744,0,0,744
/Game/Input/Actions/IA_Crouch.IA_Crouch,/Script/EnhancedInput.InputAction,734,734,0,0,734
/Game/Input/Actions/IA_Holster.IA_Holster,/Script/EnhancedInput.InputAction,476,476,0,0,476
/Game/Input/Actions/IA_Jump.IA_Jump,/Script/EnhancedInput.InputAction,552,552,0,0,552
/Game/Input/Actions/IA_Look_Mouse.IA_Look_Mouse,/Script/EnhancedInput.InputAction,307,307,0,0,307
/Game/Input/Actions/IA_Look_Stick.IA_Look_Stick,/Script/EnhancedInput.InputAction,680,680,0,0,680
/Game/Input/Actions/IA_Move.IA_Move,/Script/EnhancedInput.InputAction,479,479,0,0,479
/Game/Input/Actions/IA_Roll.IA_Roll,/Script/EnhancedInput.InputAction,298,298,0,0,298
/Game/Input/Actions/IA_Slide.IA_Slide,/Script/EnhancedInput.InputAction,298,298,0,0,298
/Game/Input/Actions/IA_Sprint.IA_Sprint,/Script/EnhancedInput.InputAction,298,298,0,0,298
/Game/Input/Actions/IA_Vault.IA_Vault,/Script/EnhancedInput.InputAction,298,298,0,0,298
/Game/Input/Actions/IA_Weapon_Fire.IA_Weapon_Fire,/Script/EnhancedInput.InputAction,755,755,0,0,755
/Game/Input/Actions/IA_Weapon_Fire_Auto.IA_Weapon_Fire_Auto,/Script/EnhancedInput.InputAction,598,598,0,0,598
/Game/Input/Actions/IA_Weapon_Reload.IA_Weapon_Reload,/Script/EnhancedInput.InputAction,570,570,0,0,570
/ShooterCore/Input/Actions/IA_ADS.IA_ADS,/Script/EnhancedInput.InputAction,626,626,0,0,626
/ShooterCore/Input/Actions/IA_DropWeapon.IA_DropWeapon,/Script/EnhancedInput.InputAction,647,647,0,0,647
/ShooterCore/Input/Actions/IA_Emote.IA_Emote,/Script/EnhancedInput.InputAction,625,625,0,0,625
/ShooterCore/Input/Actions/IA_Grenade.IA_Grenade,/Script/EnhancedInput.InputAction,641,641,0,0,641
/ShooterCore/Input/Actions/IA_Melee.IA_Melee,/Script/EnhancedInput.InputAction,625,625,0,0,625
/ShooterCore/Input/Actions/IA_QuickSlot1.IA_QuickSlot1,/Script/EnhancedInput.InputAction,820,820,0,0,820
/ShooterCore/Input/Actions/IA_QuickSlot2.IA_QuickSlot2,/Script/EnhancedInput.InputAction,820,820,0,0,820
/ShooterCore/Input/Actions/IA_QuickSlot3.IA_QuickSlot3,/Script/EnhancedInput.InputAction,820,820,0,0,820
/ShooterCore/Input/Actions/IA_QuickSlot4.IA_QuickSlot4,/Script/EnhancedInput.InputAction,820,820,0,0,820
/ShooterCore/Input/Actions/IA_QuickSlot5.IA_QuickSlot5,/Script/EnhancedInput.InputAction,820,820,0,0,820
/ShooterCore/Input/Actions/IA_QuickSlot_CycleBackward.IA_QuickSlot_CycleBackward,/Script/EnhancedInput.InputAction,700,700,0,0,700
/ShooterCore/Input/Actions/IA_QuickSlot_CycleForward.IA_QuickSlot_CycleForward,/Script/EnhancedInput.InputAction,691,691,0,0,691
/ShooterCore/Input/Actions/IA_ShowScoreboard.IA_ShowScoreboard,/Script/EnhancedInput.InputAction,659,659,0,0,659
/ShooterExplorer/Input/Actions/IA_Interact.IA_Interact,/Script/EnhancedInput.InputAction,314,314,0,0,314
/ShooterExplorer/Input/Actions/IA_ToggleInventory.IA_ToggleInventory,/Script/EnhancedInput.InputAction,330,330,0,0,330
/ShooterExplorer/Input/Actions/IA_ToggleMap.IA_ToggleMap,/Script/EnhancedInput.InputAction,314,314,0,0,314
/ShooterExplorer/Input/Actions/IA_ToggleMarkerInWorld.IA_ToggleMarkerInWorld,/Script/EnhancedInput.InputAction,338,338,0,0,338
/Game/Maps/DataLayers/L_ShantyTown/District_Arena.District_Arena,/Script/Engine.DataLayerAsset,329,329,0,0,329
/Game/Maps/DataLayers/L_ShantyTown/District_Duel.District_Duel,/Script/Engine.DataLayerAsset,329,329,0,0,329
/Game/Maps/DataLayers/L_ShantyTown/District_Team.District_Team,/Script/Engine.DataLayerAsset,329,329,0,0,329
/Game/Maps/DataLayers/L_ShantyTown/ExtraSpawn.ExtraSpawn,/Script/Engine.DataLayerAsset,318,318,0,0,318
/Game/Maps/DataLayers/L_ShantyTown/Gameplay.Gameplay,/Script/Engine.DataLayerAsset,318,318,0,0,318
/Game/Maps/DataLayers/L_ShantyTown/Layout.Layout,/Script/Engine.DataLayerAsset,310,310,0,0,310
/Game/Maps/DataLayers/L_ShantyTown/Lighting.Lighting,/Script/Engine.DataLayerAsset,318,318,0,0,318
/ShooterMaps/Maps/DataLayers/L_Convolution_Blockout/Gameplay.Gameplay,/Script/Engine.DataLayerAsset,334,334,0,0,334
/ShooterMaps/Maps/DataLayers/L_Convolution_Blockout/Layout.Layout,/Script/Engine.DataLayerAsset,326,326,0,0,326
/ShooterMaps/Maps/DataLayers/L_Expanse/ExtraSpawn.ExtraSpawn,/Script/Engine.DataLayerAsset,326,326,0,0,326
/ShooterMaps/Maps/DataLayers/L_Expanse/Gameplay.Gameplay,/Script/Engine.DataLayerAsset,318,318,0,0,318
/ShooterMaps/Maps/DataLayers/L_Expanse/LayoutModelA.LayoutModelA,/Script/Engine.DataLayerAsset,326,326,0,0,326
/ShooterMaps/Maps/DataLayers/L_Expanse/Lighting.Lighting,/Script/Engine.DataLayerAsset,318,318,0,0,318
/ShooterMaps/Maps/DataLayers/L_Expanse_Blockout/ExtraSpawn.ExtraSpawn,/Script/Engine.DataLayerAsset,334,334,0,0,334
/ShooterMaps/Maps/DataLayers/L_Expanse_Blockout/Gameplay.Gameplay,/Script/Engine.DataLayerAsset,326,326,0,0,326
/ShooterMaps/Maps/DataLayers/L_Expanse_Blockout/LayoutModelA.LayoutModelA,/Script/Engine.DataLayerAsset,334,334,0,0,334
/ShooterMaps/Maps/DataLayers/L_Expanse_Blockout/Lighting.Lighting,/Script/Engine.DataLayerAsset,326,326,0,0,326
/ShooterMaps/Maps/DataLayers/L_FiringRange_WP/SM_ModuleA.SM_ModuleA,/Script/Engine.DataLayerAsset,334,334,0,0,334
/ShooterMaps/Maps/DataLayers/L_FiringRange_WP/SM_Railing.SM_Railing,/Script/Engine.DataLayerAsset,334,334,0,0,334
/Game/Maps/L_ShantyTown_FoliageTypes/SM_Grass_01_FoliageType.SM_Grass_01_FoliageType,/Script/Foliage.FoliageType_InstancedStaticMesh,579,579,0,0,579
/Game/Maps/L_ShantyTown_FoliageTypes/SM_Large_Tree_01_FoliageType.SM_Large_Tree_01_FoliageType,/Script/Foliage.FoliageType_InstancedStaticMesh,840,840,0,0,840
/Game/Maps/L_ShantyTown_FoliageTypes/SM_Palm_Tree_01_FoliageType.SM_Palm_Tree_01_FoliageType,/Script/Foliage.FoliageType_InstancedStaticMesh,828,828,0,0,828
/Game/Maps/L_ShantyTown_FoliageTypes/SM_Palm_Tree_Small_01_FoliageType.SM_Palm_Tree_Small_01_FoliageType,/Script/Foliage.FoliageType_InstancedStaticMesh,856,856,0,0,856
/Game/Maps/L_ShantyTown_FoliageTypes/SM_Palm_Tree_Small_02_FoliageType.SM_Palm_Tree_Small_02_FoliageType,/Script/Foliage.FoliageType_InstancedStaticMesh,850,850,0,0,850
/Game/Maps/L_ShantyTown_FoliageTypes/SM_Plant_02_FoliageType.SM_Plant_02_FoliageType,/Script/Foliage.FoliageType_InstancedStaticMesh,602,602,0,0,602
/Game/Maps/L_ShantyTown_FoliageTypes/SM_Red_Clover_01_FoliageType.SM_Red_Clover_01_FoliageType,/Script/Foliage.FoliageType_InstancedStaticMesh,593,593,0,0,593
/Game/Maps/L_ShantyTown_FoliageTypes/SM_Red_Clover_02_FoliageType.SM_Red_Clover_02_FoliageType,/Script/Foliage.FoliageType_InstancedStaticMesh,593,593,0,0,593
/Game/Maps/L_ShantyTown_FoliageTypes/SM_Ribwort_Plantain_01_FoliageType.SM_Ribwort_Plantain_01_FoliageType,/Script/Foliage.FoliageType_InstancedStaticMesh,615,615,0,0,615
/Game/Maps/L_ShantyTown_FoliageTypes/SM_Small_Tree_01_FoliageType.SM_Small_Tree_01_FoliageType,/Script/Foliage.FoliageType_InstancedStaticMesh,843,843,0,0,843
/Game/Maps/L_ShantyTown_FoliageTypes/SM_White_Clover_01_FoliageType.SM_White_Clover_01_FoliageType,/Script/Foliage.FoliageType_InstancedStaticMesh,609,609,0,0,609
/Game/Sci_FI_Valley_Village/Landscape/LGT_plants.LGT_plants,/Script/Landscape.LandscapeGrassType,559,559,0,0,1651
/Game/Sci_FI_Valley_Village/Landscape/LGT_small_rocks.LGT_small_rocks,/Script/Landscape.LandscapeGrassType,503,503,0,0,1058
/Game/ShantyTown/Materials/Landscape_Grass_Types/LGT_Foliage_01.LGT_Foliage_01,/Script/Landscape.LandscapeGrassType,806,806,0,0,806
/Game/ShantyTown/Materials/Landscape_Grass_Types/LGT_Foliage_02.LGT_Foliage_02,/Script/Landscape.LandscapeGrassType,679,679,0,0,1992
/Game/ShantyTown/Materials/Landscape_Grass_Types/LGT_Foliage_03.LGT_Foliage_03,/Script/Landscape.LandscapeGrassType,804,804,0,0,804
/Game/ShantyTown/Materials/Landscape_Grass_Types/LGT_Foliage_04.LGT_Foliage_04,/Script/Landscape.LandscapeGrassType,969,969,0,0,969
/Game/ShantyTown/Materials/Landscape_Grass_Types/LGT_Foliage_05.LGT_Foliage_05,/Script/Landscape.LandscapeGrassType,958,958,0,0,4331
/Game/ShantyTown/DKO_Widget/Materials/MaterialParameterCollection/WindMaterialParameterCollection.WindMaterialParameterCollection,/Script/Engine.MaterialParameterCollection,738,738,0,0,738
/Game/Weapons/AFL/Skins/MPC_WeaponState.MPC_WeaponState,/Script/Engine.MaterialParameterCollection,444,444,0,0,444
/Landmass/Landscape/BlueprintBrushes/MPC/MPC_Landscape.MPC_Landscape,/Script/Engine.MaterialParameterCollection,793,793,0,0,1060
/LyraExampleContent/Materials/MPC_Checker.MPC_Checker,/Script/Engine.MaterialParameterCollection,799,799,0,0,1086
/Water/Materials/MPC/MPC_Water.MPC_Water,/Script/Engine.MaterialParameterCollection,2949,2949,0,0,4353
/Game/ShantyTown/Particles/PS_Wind_Leaves_01.PS_Wind_Leaves_01,/Script/Engine.ParticleSystem,1960,1960,0,0,6971
/Game/System/Teams/TeamDA_Blue.TeamDA_Blue,/Script/LyraGame.LyraTeamDisplayAsset,740,740,0,0,740
/Game/System/Teams/TeamDA_Green.TeamDA_Green,/Script/LyraGame.LyraTeamDisplayAsset,741,741,0,0,741
/Game/System/Teams/TeamDA_Red.TeamDA_Red,/Script/LyraGame.LyraTeamDisplayAsset,731,731,0,0,731
/Game/System/Teams/TeamDA_Yellow.TeamDA_Yellow,/Script/LyraGame.LyraTeamDisplayAsset,742,742,0,0,742
/Game/UI/Settings/Extensions/Subtitle/GameSubtitleOptions.GameSubtitleOptions,/Script/GameSubtitles.SubtitleDisplayOptions,558,558,0,0,558
/Game/UI/Settings/GameSettingRegistryVisuals.GameSettingRegistryVisuals,/Script/GameSettings.GameSettingVisualData,975,975,0,0,1924
/Interchange/Pipelines/DefaultAssetsPipeline.DefaultAssetsPipeline,/Script/InterchangePipelines.InterchangeGenericAssetsPipeline,3124,3124,0,0,12551
/Interchange/Pipelines/DefaultGLTFAssetsPipeline.DefaultGLTFAssetsPipeline,/Script/InterchangePipelines.InterchangeGenericAssetsPipeline,3156,3156,0,0,12573
/Interchange/Pipelines/DefaultGLTFSceneAssetsPipeline.DefaultGLTFSceneAssetsPipeline,/Script/InterchangePipelines.InterchangeGenericAssetsPipeline,3181,3181,0,0,12588
/Interchange/Pipelines/DefaultSceneAssetsPipeline.DefaultSceneAssetsPipeline,/Script/InterchangePipelines.InterchangeGenericAssetsPipeline,3146,3146,0,0,12462
/Interchange/Pipelines/DefaultGLTFPipeline.DefaultGLTFPipeline,/Script/InterchangePipelines.InterchangeGLTFPipeline,567,567,0,0,567
/Interchange/Pipelines/DefaultMaterialPipeline.DefaultMaterialPipeline,/Script/InterchangePipelines.InterchangeGenericMaterialPipeline,777,777,0,0,1775
/Interchange/Pipelines/DefaultMaterialXPipeline.DefaultMaterialXPipeline,/Script/InterchangePipelines.InterchangeMaterialXPipeline,447,447,0,0,447
/Interchange/Pipelines/DefaultSceneLevelPipeline.DefaultSceneLevelPipeline,/Script/InterchangePipelines.InterchangeGenericLevelPipeline,644,644,0,0,1760
/Interchange/Pipelines/DefaultTexturePipeline.DefaultTexturePipeline,/Script/InterchangePipelines.InterchangeGenericTexturePipeline,567,567,0,0,1286
/LyraExampleContent/MSPresets/M_MS_Surface_Material/SubSurfaceProfile/Red.Red,/Script/Engine.SubsurfaceProfile,422,422,0,0,422
/MetaHuman/GenericTracker/Chin.Chin,/Script/NNE.NNEModelData,29698291,29698291,0,0,32075227
/MetaHuman/GenericTracker/FaceTracker.FaceTracker,/Script/NNE.NNEModelData,40274889,40274889,0,0,47833628
/MetaHuman/GenericTracker/LeftBrowWholeFace.LeftBrowWholeFace,/Script/NNE.NNEModelData,29648777,29648777,0,0,32085776
/MetaHuman/GenericTracker/LeftEye.LeftEye,/Script/NNE.NNEModelData,29722103,29722103,0,0,32129644
/MetaHuman/GenericTracker/Lips.Lips,/Script/NNE.NNEModelData,30144120,30144120,0,0,32589411
/MetaHuman/GenericTracker/LipZip.LipZip,/Script/NNE.NNEModelData,29583770,29583770,0,0,31931693
/MetaHuman/GenericTracker/NasolabialNose.NasolabialNose,/Script/NNE.NNEModelData,29836345,29836345,0,0,32238539
/MetaHuman/GenericTracker/Teeth.Teeth,/Script/NNE.NNEModelData,29603282,29603282,0,0,31937004
/MetaHuman/GenericTracker/TeethConfidence.TeethConfidence,/Script/NNE.NNEModelData,59086436,59086436,0,0,63816541
/MetaHumanCoreTech/GenericTracker/FaceDetector.FaceDetector,/Script/NNE.NNEModelData,11693952,11693952,0,0,12727005
/NNEDenoiser/NNE_oidn2-3-0_rt_hdr_alb_nrm__dyn__fp16_opset11_DenoiseAlpha.NNE_oidn2-3-0_rt_hdr_alb_nrm__dyn__fp16_opset11_DenoiseAlpha,/Script/NNE.NNEModelData,6855692,6855692,0,0,7401474
/NNEDenoiser/NNE_oidn2-3-0_rt_hdr_alb_nrm__dyn__fp16_opset11_ForwardAlpha.NNE_oidn2-3-0_rt_hdr_alb_nrm__dyn__fp16_opset11_ForwardAlpha,/Script/NNE.NNEModelData,3439241,3439241,0,0,3711953
/NNEDenoiser/NNE_oidn2-3-0_rt_hdr_alb_nrm_small__dyn__fp16_opset11_DenoiseAlpha.NNE_oidn2-3-0_rt_hdr_alb_nrm_small__dyn__fp16_opset11_DenoiseAlpha,/Script/NNE.NNEModelData,2385401,2385401,0,0,2610334
/NNEDenoiser/NNE_oidn2-3-0_rt_hdr_alb_nrm_small__dyn__fp16_opset11_ForwardAlpha.NNE_oidn2-3-0_rt_hdr_alb_nrm_small__dyn__fp16_opset11_ForwardAlpha,/Script/NNE.NNEModelData,1200481,1200481,0,0,1312833
/NNEDenoiser/NNE_oidn2-3-0_rt_hdr_calb_cnrm_large__dyn__fp16_opset11_DenoiseAlpha.NNE_oidn2-3-0_rt_hdr_calb_cnrm_large__dyn__fp16_opset11_DenoiseAlpha,/Script/NNE.NNEModelData,46342776,46342776,0,0,49947940
/NNEDenoiser/NNE_oidn2-3-0_rt_hdr_calb_cnrm_large__dyn__fp16_opset11_ForwardAlpha.NNE_oidn2-3-0_rt_hdr_calb_cnrm_large__dyn__fp16_opset11_ForwardAlpha,/Script/NNE.NNEModelData,42924438,42924438,0,0,46258360
/MetaHuman/GenericTracker/GenericFaceContourTracker.GenericFaceContourTracker,/Script/MetaHumanFaceContourTracker.MetaHumanFaceContourTrackerAsset,603,603,0,0,1194
/MetaHuman/Solver/GenericFaceAnimationSolver.GenericFaceAnimationSolver,/Script/MetaHumanFaceAnimationSolver.MetaHumanFaceAnimationSolver,330,330,0,0,330
/MetaHumanCharacter/Animation/Retargeting/RTG_MH_IKRig.RTG_MH_IKRig,/Script/IKRig.IKRetargeter,1651,1651,0,0,5472
/MetaHumanCoreTech/RealtimeMono/DefaultSmoothing.DefaultSmoothing,/Script/MetaHumanCoreTech.MetaHumanRealtimeSmoothingParams,4017,4017,0,0,16118
/Niagara/VectorFields/Assets/TilingCurl16.TilingCurl16,/Script/Engine.VectorFieldStatic,22543,22543,0,0,33180
/Niagara/VectorFields/Assets/TilingCurl32.TilingCurl32,/Script/Engine.VectorFieldStatic,178385,178385,0,0,262556
/Niagara/VectorFields/Assets/TilingCurl64.TilingCurl64,/Script/Engine.VectorFieldStatic,1417258,1417258,0,0,2097564
/NNEDenoiser/NNED_Oidn2-3_Balanced.NNED_Oidn2-3_Balanced,/Script/NNEDenoiser.NNEDenoiserAsset,720,720,0,0,720
/NNEDenoiser/NNED_Oidn2-3_Balanced_Alpha.NNED_Oidn2-3_Balanced_Alpha,/Script/NNEDenoiser.NNEDenoiserAsset,720,720,0,0,720
/NNEDenoiser/NNED_Oidn2-3_Fast.NNED_Oidn2-3_Fast,/Script/NNEDenoiser.NNEDenoiserAsset,720,720,0,0,720
/NNEDenoiser/NNED_Oidn2-3_Fast_Alpha.NNED_Oidn2-3_Fast_Alpha,/Script/NNEDenoiser.NNEDenoiserAsset,728,728,0,0,728
/NNEDenoiser/NNED_Oidn2-3_HighQuality.NNED_Oidn2-3_HighQuality,/Script/NNEDenoiser.NNEDenoiserAsset,728,728,0,0,728
/NNEDenoiser/NNED_Oidn2-3_HighQuality_Alpha.NNED_Oidn2-3_HighQuality_Alpha,/Script/NNEDenoiser.NNEDenoiserAsset,736,736,0,0,736
/NNEDenoiser/NNEDT_Oidn2-3_Balanced.NNEDT_Oidn2-3_Balanced,/Script/NNEDenoiser.NNEDenoiserTemporalAsset,728,728,0,0,728
/NNEDenoiser/NNEDT_Oidn2-3_Balanced_Alpha.NNEDT_Oidn2-3_Balanced_Alpha,/Script/NNEDenoiser.NNEDenoiserTemporalAsset,728,728,0,0,728
/Paper2D/DefaultPaperTerrainMaterial.DefaultPaperTerrainMaterial,/Script/Paper2D.PaperTerrainMaterial,416,416,0,0,416
/Paper2D/DummySprite.DummySprite,/Script/Paper2D.PaperSprite,609,609,0,0,1109
/PCG/ComputeSources/PCGCS_Quaternion.PCGCS_Quaternion,/Script/PCG.PCGComputeSource,314,314,0,0,314
/PCG/ComputeSources/PCGCS_ShaderUtils.PCGCS_ShaderUtils,/Script/PCG.PCGComputeSource,314,314,0,0,314
/PCG/ComputeSources/PCGCS_ShaderUtilsInternal.PCGCS_ShaderUtilsInternal,/Script/PCG.PCGComputeSource,330,330,0,0,330
/ShooterCore/Accolades/AccoladeDataRegistry.AccoladeDataRegistry,/Script/DataRegistry.DataRegistry,819,819,0,0,819
/ShooterCore/Experiences/Phases/Phase_Playing.Phase_Playing,/Script/GameplayAbilities.GameplayAbilityBlueprint,1093,1093,0,0,2052
/ShooterCore/Experiences/Phases/Phase_PostGame.Phase_PostGame,/Script/GameplayAbilities.GameplayAbilityBlueprint,1454,1454,0,0,2483
/ShooterCore/Experiences/Phases/Phase_Warmup.Phase_Warmup,/Script/GameplayAbilities.GameplayAbilityBlueprint,3133,3133,0,0,8917
/TopDownArena/Game/Modes/Phase_Playing.Phase_Playing,/Script/GameplayAbilities.GameplayAbilityBlueprint,1093,1093,0,0,2044
/TopDownArena/Game/Modes/Phase_PostGame.Phase_PostGame,/Script/GameplayAbilities.GameplayAbilityBlueprint,1067,1067,0,0,1812
/TopDownArena/Game/Modes/Phase_Warmup.Phase_Warmup,/Script/GameplayAbilities.GameplayAbilityBlueprint,2480,2480,0,0,5613
/ShooterCore/Game/TagRelationships_ShooterHero.TagRelationships_ShooterHero,/Script/LyraGame.LyraAbilityTagRelationshipMapping,577,577,0,0,1210
/ShooterCore/Input/Settings/GamepadAimSensitivity_Targeting.GamepadAimSensitivity_Targeting,/Script/LyraGame.LyraAimSensitivityData,914,914,0,0,914
/ShooterCore/Weapons/Grenade/Curve_GrenadeDamage.Curve_GrenadeDamage,/Script/Engine.CurveTable,425,425,0,0,425
/ShooterExplorer/AI/StateTrees/Trees/L_STT_FollowPlayer.L_STT_FollowPlayer,/Script/StateTreeModule.StateTree,3331,3331,0,0,8129
/ShooterMaps/Items/Backgrounds/ShooterGameLobbyBG.ShooterGameLobbyBG,/Script/LyraGame.LyraLobbyBackground,438,438,0,0,438
/ShooterMaps/LevelSequence/SEQ_LobbyScreen.SEQ_LobbyScreen,/Script/LevelSequence.LevelSequence,4717,4717,0,0,17472
/ShooterMaps/LevelSequence/SEQ_LobbyScreenAnim.SEQ_LobbyScreenAnim,/Script/LevelSequence.LevelSequence,8614,8614,0,0,44837
/ShooterMaps/LevelSequence/SEQ_ScreenCaptures.SEQ_ScreenCaptures,/Script/LevelSequence.LevelSequence,3500,3500,0,0,12125
/ShooterTests/Input/SoundVibrations/GamepadAudioSubmix.GamepadAudioSubmix,/Script/Engine.EndpointSubmix,330,330,0,0,330
/ShooterTests/Input/SoundVibrations/GamepadVibrationSubmix.GamepadVibrationSubmix,/Script/Engine.EndpointSubmix,338,338,0,0,338
/Water/Waves/GerstnerWaves_Lake.GerstnerWaves_Lake,/Script/Water.WaterWavesAsset,1542,1542,0,0,3098
/Water/Waves/GerstnerWaves_Ocean.GerstnerWaves_Ocean,/Script/Water.WaterWavesAsset,1624,1624,0,0,3102
